신규 ID,관심사,레벨,문구,형식,예상 답변율(결론 기준),기존 평균 대비(%p),출처,참고 원문,가장 비슷한 기존 질문,글자 유사도,검수,T,P,E,W,S,F,C
N017,가치관,2,나를 소개할 때 가장 먼저 꺼내는 말은 무엇인가요?,성향·습관형,0.656,15.8,Drive·통찰질문(정체성과 직업),당신은 자신을 소개할 때 직업을 먼저 말하나요?,#493 절친을 소개할 때 가장 먼저 말하고 싶은 장점은 무엇인가요?,0.47,통과,0,0,1,1,1,t,0
N020,가치관,2,내 하루에서 '해야 해'와 '하고 싶어'의 비율은 몇 대 몇인가요?,성향·습관형,0.656,15.8,Drive·통찰질문(삶의 균형),"당신의 삶에서 ""해야 한다""와 ""하고 싶다""의 비율은 몇 대 몇이며, 이상적인 비율은 무엇인가요?",#798 지금 하고 싶은 일과 해야 하는 일 중 무엇을 먼저 하나요?,0.1,통과,0,0,1,1,1,t,0
N048,가치관,1,나를 위한 소비와 남을 위한 소비 중 뭐가 더 기분 좋나요?,양자택일형,0.602,10.4,신규·선호형 보강,,#781 다수를 위한 희생과 내 행복 중 뭐가 더 우선인가요?,0.24,통과,0,0,1,1,1,c,0
N021,가치관,2,딱 1년만 자유롭게 살 수 있다면 가장 먼저 무엇을 할까요?,상상형,0.573,7.5,Drive·통찰질문(시간의 사용),"당신이 죽기 전 마지막 1년이 남았다면, 지금 하고 있는 일 중 무엇을 멈추고 무엇을 시작할까요?",#647 불이 나서 딱 하나만 챙길 수 있다면 무엇을 가지고 나올까요?,0.24,통과,0,0,2,1,1,h,0
N012,가치관,2,"지금 애쓰는 일은 내가 원해서인가요, 남의 기대 때문인가요?",양자택일형,0.484,-1.4,Drive·통찰질문(내 기준의 성장),"당신이 추구하는 성장은 정말 당신이 원하는 것인가요, 아니면 누군가를 만족시키기 위한 것인가요?",#783 편안함을 추구하는 삶과 끊임없이 애쓰는 삶 중 뭐가 더 나다운가요?,0.15,통과,0,1,2,1,2,c,0
N018,가치관,2,"완벽하게 하고 싶은 마음은 잘하고 싶어서인가요, 실수가 싫어서인가요?",양자택일형,0.479,-1.9,Drive·통찰질문(완벽함),"당신이 추구하는 완벽함은 탁월함을 향한 것인가요, 아니면 비난을 피하기 위한 방어인가요?","#454 잘하고 싶은 마음 vs 해야 하는 마음, 뭐가 더 크나요?",0.2,통과,0,0,2,1,2,c,0
N049,가치관,2,10년 전의 나와 지금의 나 중 누가 더 행복할까요?,양자택일형,0.479,-1.9,신규·선호형 보강,,#141 지금의 습관이 10년 뒤 나를 어디로 데려갈까요?,0.33,통과,0,0,2,1,2,c,0
N001,감정,2,스트레스를 받으면 몸의 어디가 가장 먼저 신호를 보내나요?,성향·습관형,0.671,17.3,Drive·나답 질문 리스트,스트레스를 받으면 몸 어디가 가장 먼저 아픈가요?,#174 관계에서 오는 스트레스를 어떻게 해결하나요?,0.3,통과,0,0,1,1,1,t,0
N041,감정,2,기분이 좋을 때 나도 모르게 하는 행동은 무엇인가요?,성향·습관형,0.671,17.3,신규·선호형 보강,,#113 스트레스가 쌓이면 나도 모르게 하는 행동은 무엇인가요?,0.51,통과,0,0,1,1,1,t,0
N043,감정,2,좋은 기분을 오래 붙잡는 나만의 방법은 무엇인가요?,성향·습관형,0.671,17.3,신규·선호형 보강,,#131 망가진 하루를 바로잡는 나만의 방법은 무엇인가요?,0.37,통과,0,0,1,1,1,t,0
N002,감정,2,외로움을 느끼는 순간은 주로 언제인가요?,성향·습관형,0.591,9.3,Drive·나답 질문 리스트,외로움을 느끼는 순간은 주로 언제인가요?,#253 가장 보람을 느끼는 순간은 언제인가요?,0.49,통과,0,0,2,2,2,t,0
N007,감정,2,마음속에서 나를 가장 자주 다그치는 말은 무엇인가요?,성향·습관형,0.591,9.3,Drive·통찰질문(내면화된 목소리),"마음속 비판적인 목소리는 구체적으로 뭐라고 말하며, 그 목소리는 원래 누구의 것이었나요?",#203 나를 가장 화나게 하는 말은 무엇인가요?,0.28,통과,0,0,2,2,2,t,0
N042,감정,2,"설렐 때와 긴장할 때, 내 몸은 어떻게 다르게 반응하나요?",성향·습관형,0.589,9.1,신규·선호형 보강,,#224 질투심이 들 때 나는 어떻게 반응하나요?,0.34,통과,0,0,2,1,1,t,0
N006,감정,2,"힘들 때 나를 달래는 방법은 진짜 쉼인가요, 잠깐 미루는 건가요?",양자택일형,0.535,3.7,Drive·통찰질문(고통의 언어),"힘들 때 당신을 위로하는 방법은 진짜 위로인가요, 아니면 고통을 미루는 것인가요?",#347 힘든 날 나를 달래주는 나만의 방법은 무엇인가요?,0.28,통과,0,0,2,2,2,c,0
N011,감정,2,여럿이 있을 때와 혼자일 때 중 언제 더 외로운가요?,양자택일형,0.535,3.7,Drive·통찰질문(함께하는 외로움),"사람들 속에서 느끼는 외로움은, 누구도 진짜 당신을 모르기 때문인가요 아니면 진짜 당신을 보여주지 않기 때문인가요?",#747 칭찬받을 때와 싫은 소리를 들을 때 중 언제 일이 더 잘되나요?,0.22,통과,0,0,2,2,2,c,0
N019,관계,1,가족에게 물려받아 좋았던 습관은 무엇인가요?,선호(최애)형,0.565,6.7,Drive·통찰질문(부모와의 관계),"당신은 부모로부터 무엇을 물려받았고, 무엇을 물려주지 않기로 결심했나요?",#509 가족에게 인정받고 싶은 부분은 무엇인가요?,0.31,통과,0,0,1,1,1,p,0
N022,관계,1,친구와 만나면 주로 어디서 시간을 보내나요?,선호(최애)형,0.565,6.7,신규·관계 보강,,#421 지하철이나 버스에서 주로 무엇을 하며 시간을 보내나요?,0.38,통과,0,0,1,1,1,p,0
N024,관계,1,친구에게 가장 자주 보내는 이모티콘은 무엇인가요?,선호(최애)형,0.565,6.7,신규·관계 보강,,#2 가장 자주 듣는 노래는 무엇인가요?,0.23,통과,0,0,1,1,1,p,0
N026,관계,2,처음 만난 사람과 금방 친해지게 되는 대화 주제는 무엇인가요?,성향·습관형,0.527,2.9,신규·관계 보강,,#228 사랑하는 사람과 꼭 나눠보고 싶은 대화 주제는 무엇인가요?,0.39,통과,0,0,1,1,1,t,0
N027,관계,2,오랜만에 연락할 때 가장 먼저 보내는 말은 무엇인가요?,성향·습관형,0.527,2.9,신규·관계 보강,,#18 책을 고를 때 가장 먼저 보는 것은 무엇인가요?,0.24,통과,0,0,1,1,1,t,0
N028,관계,2,친구들 사이에서 나는 어떤 캐릭터인가요?,성향·습관형,0.527,2.9,신규·관계 보강,,#185 여러 사람 사이에서 나는 어떤 자리에 있을 때 편한가요?,0.34,통과,0,0,1,1,1,t,0
N031,관계,2,함께 있으면 시간이 빨리 가는 사람은 어떤 사람인가요?,성향·습관형,0.527,2.9,신규·관계 보강,,#268 시간이 가장 빨리 가는 순간은 언제인가요?,0.51,통과,0,0,1,1,1,t,0
N030,관계,1,나를 잘 아는 친구가 말하는 나의 버릇은 무엇일까요?,상상형,0.491,-0.7,신규·관계 보강,,#150 요즘 나의 일상에 제목을 붙인다면 무엇일까요?,0.29,통과,0,0,1,1,1,h,0
N032,관계,2,사람을 만나고 나면 혼자만의 시간이 꼭 필요한 편인가요?,성향·습관형,0.491,-0.7,신규·관계 보강,,#553 연애할 때 혼자만의 시간은 어떤 의미인가요?,0.33,통과,0,0,1,1,1,t,0
N009,관계,1,"힘들 때 나에게 필요한 건 해결책인가요, 공감인가요?",양자택일형,0.47,-2.8,Drive·통찰질문(의존),"힘들 때 연락하는 사람에게서 진짜 필요한 것은 해결책인가요, 공감인가요, 아니면 그냥 존재해주는 것인가요?","#90 지금 나에게 가장 필요한 것은 휴식, 위로, 자극 중 무엇인가요?",0.23,통과,0,0,1,1,1,c,0
N010,관계,1,거절하고 나면 미안함과 후련함 중 뭐가 더 큰가요?,양자택일형,0.47,-2.8,Drive·통찰질문(거절),"거절했을 때 느끼는 죄책감은, 상대를 실망시킨 것에 대한 것인가요 아니면 나쁜 사람이 될까봐 두려운 것인가요?",#583 편안함과 성장 중 요즘의 나는 어느 쪽을 더 원하나요?,0.14,통과,0,0,1,1,1,c,0
N023,관계,1,"약속은 미리 잡는 편인가요, 즉흥적으로 만나는 편인가요?",양자택일형,0.47,-2.8,신규·관계 보강,,"#432 나는 계획적으로 사는 편인가요, 즉흥적으로 사는 편인가요?",0.52,통과,0,0,1,1,1,c,0
N025,관계,1,"단체 대화방에서 나는 말하는 편인가요, 보는 편인가요?",양자택일형,0.47,-2.8,신규·관계 보강,,"#81 감정을 솔직하게 말하는 편인가요, 참는 편인가요?",0.36,통과,0,0,1,1,1,c,0
N015,루틴,1,시간 가는 줄 모르고 빠져드는 일은 무엇인가요?,선호(최애)형,0.621,12.3,Drive·통찰질문(몰입의 순간),일하면서 시간 가는 줄 모를 때는 어떤 일을 할 때인가요?,#593 돈과 시간 중 더 소중한 건 무엇인가요?,0.21,통과,0,0,1,1,1,p,0
N037,루틴,1,일주일 중 가장 기다려지는 순간은 언제인가요?,선호(최애)형,0.621,12.3,신규·선호형 보강,,#66 가장 뿌듯했던 순간은 언제인가요?,0.32,통과,0,0,1,1,1,p,0
N047,루틴,1,하루가 25시간이 된다면 남는 1시간에 무엇을 할까요?,상상형,0.585,8.7,신규·선호형 보강,,#590 시간이 지나 괜찮아진 일 중 기억에 남는 것은 무엇인가요?,0.18,통과,0,0,1,1,1,h,0
N016,루틴,2,쉬는 시간에도 할 일이 자꾸 떠오르는 편인가요?,성향·습관형,0.584,8.6,Drive·통찰질문(일과 삶의 경계),퇴근 후에도 일이 머릿속을 떠나지 않나요?,#5 계절이 바뀔 때 떠오르는 냄새는 무엇인가요?,0.27,통과,0,0,1,1,1,t,0
N034,루틴,2,잠들기 전 마지막으로 보는 앱은 무엇인가요?,성향·습관형,0.584,8.6,신규·선호형 보강,,#419 잠들기 전 주로 무엇을 하나요?,0.42,통과,0,0,1,1,1,t,0
N038,루틴,2,샤워할 때 주로 무슨 생각을 하나요?,성향·습관형,0.584,8.6,신규·선호형 보강,,#313 이동하는 시간에 나는 주로 무슨 생각을 하나요?,0.53,통과,0,0,1,1,1,t,0
N008,루틴,2,아무도 안 볼 때 나는 주로 무엇을 하나요?,성향·습관형,0.548,5.0,Drive·통찰질문(숨겨진 욕망),아무도 보지 않을 때 당신이 하는 일은 무엇이며 어떤 욕구를 채우나요?,#83 감정이 흔들릴 때 나는 주로 무엇을 하나요?,0.44,통과,0,0,1,1,2,t,0
N005,루틴,2,누군가 내 하루를 몰래 본다면 나를 어떤 사람이라고 할까요?,상상형,0.498,0.0,Drive·나답 질문 리스트,누군가 내 일상을 관찰한다면 나를 어떤 사람이라 할까요?,"#299 인생의 마지막 날, 되돌아본다면 나에게 어떤 말을 할까요?",0.24,통과,0,0,2,1,1,h,0
N045,사랑,1,사랑 노래 중 가장 공감 가는 노래는 무엇인가요?,선호(최애)형,0.713,21.5,신규·선호형 보강,,#2 가장 자주 듣는 노래는 무엇인가요?,0.48,통과,0,0,1,1,1,p,0
N044,사랑,2,좋아하는 사람에게 들으면 설레는 말은 무엇인가요?,선호(최애)형,0.682,18.4,신규·선호형 보강,,#56 들으면 기운이 나는 말은 무엇인가요?,0.48,통과,0,0,1,1,2,p,0
N046,사랑,1,"고백은 직접 만나서가 좋나요, 편지가 좋나요?",양자택일형,0.629,13.1,신규·선호형 보강,,"#467 몸을 움직일 때 혼자가 좋나요, 함께가 좋나요?",0.33,통과,0,0,1,1,1,c,0
N036,취향,2,가장 좋아하는 산책 코스는 어떤 곳인가요?,선호(최애)형,0.625,12.7,신규·선호형 보강,,#9 가장 좋아하는 날씨는 어떤 건가요?,0.27,통과,0,1,1,1,1,p,0
N033,취향,1,가장 좋아하는 아침 메뉴는 무엇인가요?,선호(최애)형,0.621,12.3,신규·선호형 보강,,#4 카페에서 항상 고르는 메뉴는 무엇인가요?,0.37,통과,0,0,1,1,1,p,0
N035,취향,1,비 오는 날 집에서 가장 하고 싶은 일은 무엇인가요?,선호(최애)형,0.621,12.3,신규·선호형 보강,,#7 집에서 가장 좋아하는 컵은 무엇인가요?,0.42,통과,0,0,1,1,1,p,0
N039,취향,1,가장 좋아하는 간식은 무엇인가요?,선호(최애)형,0.621,12.3,신규·선호형 보강,,#6 가장 좋아하는 과일은 무엇인가요?,0.43,통과,0,0,1,1,1,p,0
N050,취향,1,가장 좋아하는 글씨체는 어떤 느낌인가요?,선호(최애)형,0.621,12.3,신규·선호형 보강,,#31 좋아하는 목소리나 말투는 어떤 느낌인가요?,0.42,통과,0,0,1,1,1,p,0
N051,취향,1,가장 좋아하는 계절 음식은 무엇인가요?,선호(최애)형,0.621,12.3,신규·선호형 보강,,#39 가장 좋아하는 계절의 풍경은 무엇인가요?,0.39,통과,0,0,1,1,1,p,0
N052,취향,1,가장 좋아하는 캐릭터는 무엇인가요?,선호(최애)형,0.621,12.3,신규·선호형 보강,,#6 가장 좋아하는 과일은 무엇인가요?,0.37,통과,0,0,1,1,1,p,0
N014,취향,1,갑자기 100만 원이 생기면 가장 먼저 무엇을 할까요?,상상형,0.584,8.6,Drive·통찰질문(돈의 의미),돈이 생기면 가장 먼저 하고 싶은 일은 무엇인가요?,#584 여유가 생기면 가장 먼저 챙기고 싶은 것은 무엇인가요?,0.28,통과,0,0,1,1,1,h,0
N040,취향,2,편의점에 가면 꼭 사는 것은 무엇인가요?,성향·습관형,0.584,8.6,신규·선호형 보강,,#17 새로운 곳에 가면 꼭 해보는 것은 무엇인가요?,0.36,통과,0,0,1,1,1,t,0
N053,취향,1,방에 딱 하나만 들일 수 있다면 어떤 가구를 고를까요?,상상형,0.584,8.6,신규·선호형 보강,,#43 딱 하나만 평생 다시 볼 수 있다면 어떤 책·영화·드라마를 고를까요?,0.44,통과,0,0,1,1,1,h,0
N004,취향,1,"좋아하는 콘텐츠는 한 번만 보는 편인가요, 여러 번 다시 보는 편인가요?",양자택일형,0.528,3.0,Drive·나답 질문 리스트,책이나 영화를 한 번만 깊게 보는 편인가요 아니면 여러 번 반복해서 보는 걸 좋아하나요?,"#447 여러 일을 동시에 하는 편인가요, 하나에 몰입하는 편인가요?",0.28,통과,0,0,1,1,1,c,0
N013,취향,1,익숙한 것과 새로운 것 중 뭐가 더 끌리나요?,양자택일형,0.528,3.0,Drive·통찰질문(안전지대의 교환),컴포트 존을 벗어났을 때 잃은 것과 얻은 것을 비교하면 어느 쪽이 더 컸나요?,#733 지나간 첫사랑과 새로운 사랑 중 누가 더 끌리나요?,0.38,통과,0,0,1,1,1,c,0
N029,취향,1,선물로 물건과 손편지 중 뭐가 더 좋나요?,양자택일형,0.528,3.0,신규·관계 보강,,"#467 몸을 움직일 때 혼자가 좋나요, 함께가 좋나요?",0.19,통과,0,0,1,1,1,c,0
N003,취향,2,예쁘다고 느끼는 것들의 공통점은 무엇인가요?,성향·습관형,0.497,-0.1,Drive·나답 질문 리스트,나의 미적 기준은 무엇인가요?,#48 내가 좋아하는 사람들의 공통점은 무엇인가요?,0.43,통과,0,0,2,1,1,t,0
