신규 ID,관심사,레벨,문구,형식,예상 답변율(결론 기준),기존 평균 대비(%p),출처,출처 URL,원문,인기·검증 근거,가장 비슷한 기존 질문,글자 유사도,검수,T,P,E,W,S,F,C
X030,가치관,1,하루 동안 다른 직업으로 살아본다면 무엇을 해보고 싶나요?,상상형,0.656,15.8,나답 자체 제작,,,상상형(직업),#592 좋아하는 일과 잘하는 일 중 어느 쪽을 직업으로 삼고 싶나요?,0.3,통과,0,0,1,1,1,h,0
X031,가치관,1,평생 무료로 받을 수 있다면 무엇을 고를까요?,상상형,0.656,15.8,나답 자체 제작,,,상상형(보상),(앞선 신규) 하루아침에 재능 하나를 얻을 수 있다면 무엇을 고를까요?,0.38,통과,0,0,1,1,1,h,0
X051,가치관,1,하루 동안 투명인간이 된다면 무엇을 하고 싶나요?,상상형,0.656,15.8,나답 자체 제작,,,상상형,(앞선 신규) 하루가 25시간이 된다면 남는 1시간에 무엇을 할까요?,0.26,통과,0,0,1,1,1,h,0
X053,가치관,1,좀비 사태가 일어나면 나는 어떤 역할을 맡을 것 같나요?,상상형,0.656,15.8,나답 자체 제작,,,상상형(재난 밈),#101 아침에 일어나면 가장 먼저 무엇을 하나요?,0.3,통과,0,0,1,1,1,h,0
X054,가치관,1,전생에 나는 무엇이었을 것 같나요?,상상형,0.656,15.8,나답 자체 제작,,,상상형,#480 10년 후 나의 경제적 모습은 어떨 것 같나요?,0.18,통과,0,0,1,1,1,h,0
X029,가치관,1,절대 양보할 수 없는 나만의 고집은 무엇인가요?,선호(최애)형,0.608,11.0,나답 자체 제작,,,자기 발견,#565 이상형의 조건 중 양보할 수 있는 것과 없는 것은 무엇인가요?,0.42,통과,0,0,2,1,2,p,0
X052,가치관,1,내가 나라를 세운다면 첫 번째 법은 무엇인가요?,상상형,0.608,11.0,나답 자체 제작,,,상상형(규칙),#661 여러 나라를 도는 여행과 한 곳에 머무는 여행 중 뭐가 더 마음이 가나요?,0.18,통과,0,0,2,1,1,h,0
X056,가치관,1,남들은 이상하게 봐도 나는 진지한 신념은 무엇인가요?,선호(최애)형,0.608,11.0,나답 자체 제작,,,자기 발견,(앞선 신규) 남들은 이상하게 볼지 몰라도 나에겐 당연한 습관은 무엇인가요?,0.37,통과,0,0,2,1,2,p,0
X028,가치관,1,10억을 받는 대신 1년 동안 휴대폰 없이 살 수 있나요?,양자택일형,0.602,10.4,나답 자체 제작,,,상상형(보상),"#705 10억을 준다면, 절친을 배신하는 것과 의리를 지키는 것 중 뭐가 더 끌리나요?",0.2,통과,0,0,1,1,1,c,0
X055,가치관,1,타임머신을 한 번 탄다면 과거와 미래 중 어디로 갈까요?,양자택일형,0.602,10.4,나답 자체 제작,,,양자택일,(앞선 신규) 나만의 해피플레이스에 좋아하는 사람을 데려간다면 어디로 갈까요?,0.24,통과,0,0,1,1,1,c,0
X002,감정,1,나를 단번에 웃게 만드는 것은 무엇인가요?,선호(최애)형,0.704,20.6,나답 자체 제작,,,최애형,(앞선 신규) 나를 단번에 김빠지게 만드는 것은 무엇인가요?,0.69,통과,0,0,1,1,1,p,0
X035,감정,1,듣기만 해도 괜히 기분이 좋아지는 단어는 무엇인가요?,선호(최애)형,0.704,20.6,나답 자체 제작,,,최애형(단어),(앞선 신규) 듣기만 해도 싫은 소리는 무엇인가요?,0.45,통과,0,0,1,1,1,p,0
X001,감정,1,짜증이 날 때 가장 빨리 풀리는 방법은 무엇인가요?,성향·습관형,0.671,17.3,나답 자체 제작,,,대처 습관,#397 나만의 짜증이 나는 포인트는 무엇인가요?,0.37,통과,0,0,1,1,1,t,0
X003,감정,1,긴장하면 몸 어디에 가장 먼저 티가 나나요?,성향·습관형,0.671,17.3,나답 자체 제작,,,몸의 감각,#455 시험이나 발표 전에 긴장하는 편이에요?,0.16,통과,0,0,1,1,1,t,0
X004,감정,1,평소 내 기분을 이모지 하나로 고른다면 무엇인가요?,상상형,0.671,17.3,나답 자체 제작,,,비유형(이모지),#371 지금 내 마음의 색깔을 고른다면 어떤 색인가요?,0.3,통과,0,0,1,1,1,h,0
X005,감정,1,혼자 있다가 빵 터지게 되는 건 주로 어떤 순간인가요?,성향·습관형,0.671,17.3,나답 자체 제작,,,상황형,#85 나를 감동시키는 것은 주로 어떤 순간인가요?,0.34,통과,0,0,1,1,1,t,0
X036,감정,1,기분이 가라앉는 날 나를 끌어올리는 한 가지는 무엇인가요?,성향·습관형,0.671,17.3,나답 자체 제작,,,대처 습관,#358 마음이 흐릿하고 가라앉는 날은 주로 어떤 날인가요?,0.3,통과,0,0,1,1,1,t,0
X034,감정,1,나를 위로하는 플레이리스트에 제목을 붙인다면 무엇인가요?,상상형,0.624,12.6,나답 자체 제작,,,비유형(플레이리스트),#150 요즘 나의 일상에 제목을 붙인다면 무엇일까요?,0.4,통과,0,0,2,1,1,h,0
X037,감정,1,"감동받으면 나는 티가 나는 편인가요, 속으로 삼키는 편인가요?",양자택일형,0.619,12.1,나답 자체 제작,,,양자택일,"(앞선 신규) 나는 마음이 여린 편인가요, 단단한 편인가요?",0.27,통과,0,0,1,1,1,c,0
X013,관계,1,처음 보는 사람에게서 가장 먼저 눈이 가는 부분은 무엇인가요?,성향·습관형,0.527,2.9,나답 자체 제작,,,첫인상,#18 책을 고를 때 가장 먼저 보는 것은 무엇인가요?,0.3,통과,0,0,1,1,1,t,0
X017,관계,1,무인도에 딱 한 명과 간다면 어떤 사람과 가고 싶나요?,상상형,0.527,2.9,나답 자체 제작,,,상상형(무인도),#23 무인도에 딱 하나만 가져간다면 무엇인가요?,0.49,통과,0,0,1,1,1,h,0
X019,관계,1,칭찬을 들으면 나는 어떻게 반응하는 편인가요?,성향·습관형,0.527,2.9,나답 자체 제작,,,반응 습관,#56 들으면 기운이 나는 말은 무엇인가요?,0.36,통과,0,0,1,1,1,t,0
X043,관계,1,단체 사진을 찍을 때 나는 주로 어디에 서 있나요?,성향·습관형,0.527,2.9,나답 자체 제작,,,상황 속 나,#29 사진 찍을 때 주로 담는 장면은 무엇인가요?,0.35,통과,0,0,1,1,1,t,0
X059,관계,1,친구 휴대폰에 나는 어떤 이름으로 저장되어 있을 것 같나요?,상상형,0.527,2.9,나답 자체 제작,,,타인 시선 상상,#560 이별 후 얼마나 지나야 새 연애를 시작할 수 있을 것 같나요?,0.18,통과,0,0,1,1,1,h,0
X060,관계,1,처음 만난 사람과 말을 놓기까지 보통 얼마나 걸리나요?,성향·습관형,0.527,2.9,나답 자체 제작,,,습관 관찰,#162 처음 만난 사람과 어색함을 풀기 위해 주로 어떤 말을 하나요?,0.36,통과,0,0,1,1,1,t,0
X061,관계,1,친구들에게 가장 자주 듣는 말은 무엇인가요?,성향·습관형,0.527,2.9,나답 자체 제작,,,타인 시선,#2 가장 자주 듣는 노래는 무엇인가요?,0.5,통과,0,0,1,1,1,t,0
X015,관계,1,자주 연락하는 사이와 가끔 연락해도 편한 사이 중 뭐가 더 좋나요?,양자택일형,0.47,-2.8,나답 자체 제작,,,양자택일,#535 문득 연락하고 싶어지는 사람은 어떤 사이인가요?,0.21,통과,0,0,1,1,1,c,0
X016,관계,1,선물을 고를 때 실용성과 의미 중 뭘 더 챙기나요?,양자택일형,0.47,-2.8,나답 자체 제작,,,양자택일,#471 작은 성취를 느낄 때 나는 어떻게 스스로를 챙기나요?,0.23,통과,0,0,1,1,1,c,0
X018,관계,1,"대화할 때 나는 주로 듣는 쪽인가요, 말하는 쪽인가요?",양자택일형,0.47,-2.8,나답 자체 제작,,,양자택일,"(앞선 신규) 연애할 때 나는 리드하는 쪽인가요, 맞춰주는 쪽인가요?",0.5,통과,0,0,1,1,1,c,0
X044,관계,1,"모임에서 나는 총무, 길잡이, 분위기 메이커 중 어떤 역할인가요?",양자택일형,0.47,-2.8,나답 자체 제작,,,역할 고르기,#326 평소 좋아하는 메이크업 분위기는 무엇인가요?,0.18,통과,0,0,1,1,1,c,0
X014,관계,1,친구들이 나를 한 단어로 소개한다면 뭐라고 할까요?,상상형,0.438,-6.0,나답 자체 제작,,,타인 시선 상상,#493 절친을 이성에게 소개한다면 누구인가요?,0.31,통과,0,0,2,1,2,h,0
X010,루틴,1,나만 알고 있는 생활 꿀팁은 무엇인가요?,선호(최애)형,0.621,12.3,나답 자체 제작,,,노하우 공유,"#25 나만 알고 있는 맛집이 있다면, 어떤 곳인가요?",0.34,통과,0,0,1,1,1,p,0
X009,루틴,1,장을 볼 때 매번 장바구니에 담는 것은 무엇인가요?,성향·습관형,0.589,9.1,나답 자체 제작,,,습관 관찰,#29 사진 찍을 때 주로 담는 장면은 무엇인가요?,0.25,통과,0,1,1,1,1,t,0
X040,루틴,1,내 알고리즘에 자주 뜨는 영상은 어떤 종류인가요?,성향·습관형,0.589,9.1,나답 자체 제작,,,디지털 흔적,#84 남에게 잘 말하지 않는 걱정은 어떤 종류인가요?,0.27,통과,0,1,1,1,1,t,0
X041,루틴,1,배달앱에서 가장 자주 시키는 메뉴는 무엇인가요?,성향·습관형,0.589,9.1,나답 자체 제작,,,디지털 흔적,(앞선 신규) 가장 좋아하는 아침 메뉴는 무엇인가요?,0.39,통과,0,1,1,1,1,t,0
X007,루틴,1,갑자기 30분이 비면 주로 무엇을 하며 보내나요?,성향·습관형,0.584,8.6,나답 자체 제작,,,상상형(짧은 시간),#421 지하철이나 버스에서 주로 무엇을 하며 시간을 보내나요?,0.39,통과,0,0,1,1,1,t,0
X008,루틴,1,주말 아침 나를 침대에서 일으키는 것은 무엇인가요?,성향·습관형,0.584,8.6,나답 자체 제작,,,습관 관찰,#15 주말 아침에 가장 하고 싶은 일은 무엇인가요?,0.32,통과,0,0,1,1,1,t,0
X011,루틴,1,스트레스를 받으면 당기는 음식은 무엇인가요?,성향·습관형,0.584,8.6,나답 자체 제작,,,습관 관찰,(앞선 신규) 스트레스를 받으면 몸의 어디가 가장 먼저 신호를 보내나요?,0.44,통과,0,0,1,1,1,t,0
X038,루틴,1,휴대폰 사진첩에 가장 많이 있는 사진은 무엇인가요?,성향·습관형,0.584,8.6,나답 자체 제작,,,디지털 흔적,(앞선 신규) 지금 휴대폰 배경화면은 무엇인가요? 왜 그걸로 했나요?,0.22,통과,0,0,1,1,1,t,0
X039,루틴,1,검색창에 가장 자주 입력하는 단어는 무엇인가요?,성향·습관형,0.584,8.6,나답 자체 제작,,,디지털 흔적,(앞선 신규) 가장 싫어하는 단어는 무엇인가요?,0.35,통과,0,0,1,1,1,t,0
X042,루틴,1,잠잘 때 주로 어떤 자세로 자나요?,성향·습관형,0.584,8.6,나답 자체 제작,,,몸 습관,#65 혼자 있을 때 주로 어떤 감정을 느끼나요?,0.19,통과,0,0,1,1,1,t,0
X006,루틴,1,"알람은 한 번에 끄는 편인가요, 여러 개 맞춰두는 편인가요?",양자택일형,0.528,3.0,나답 자체 제작,,,양자택일,"(앞선 신규) 좋아하는 콘텐츠는 한 번만 보는 편인가요, 여러 번 다시 보는 편인가요?",0.29,통과,0,0,1,1,1,c,0
X012,루틴,1,"씻는 건 아침파인가요, 저녁파인가요?",양자택일형,0.528,3.0,나답 자체 제작,,,양자택일,"(앞선 신규) 커피파인가요, 차파인가요?",0.33,통과,0,0,1,1,1,c,0
X033,사랑,1,가장 설레는 한마디를 꼽는다면 무엇인가요?,선호(최애)형,0.713,21.5,나답 자체 제작,,,최애형,(앞선 신규) 좋아하는 사람에게 들으면 설레는 말은 무엇인가요?,0.3,통과,0,0,1,1,1,p,0
X058,사랑,1,연인에게 가장 듣고 싶은 칭찬은 무엇인가요?,선호(최애)형,0.713,21.5,나답 자체 제작,,,최애형,#353 내가 나에게 가장 듣고 싶은 칭찬은 무엇인가요?,0.75,통과,0,0,1,1,1,p,0
X057,사랑,1,내 연애 스타일을 노래 제목으로 표현하면 무엇인가요?,상상형,0.634,13.6,나답 자체 제작,,,비유형,(앞선 신규) 나의 연애 스타일을 음식에 비유하면 무엇일까요?,0.37,통과,0,0,2,1,1,h,0
X032,사랑,1,"좋아하는 마음은 먼저 표현하는 편인가요, 기다리는 편인가요?",양자택일형,0.594,9.6,나답 자체 제작,,,양자택일,"#183 다투고 나면 먼저 사과하는 편인가요, 기다리는 편인가요?",0.53,통과,0,0,1,1,2,c,0
X022,취향,1,내 방에서 가장 아끼는 물건은 무엇인가요?,선호(최애)형,0.621,12.3,나답 자체 제작,,,최애형(사물),#109 매일 사용하는 물건 중 가장 아끼는 것은 무엇인가요?,0.4,통과,0,0,1,1,1,p,0
X024,취향,1,아무리 반복해서 들어도 질리지 않는 노래는 무엇인가요?,선호(최애)형,0.621,12.3,나답 자체 제작,,,최애형,#2 가장 자주 듣는 노래는 무엇인가요?,0.28,통과,0,0,1,1,1,p,0
X049,취향,1,가장 좋아하는 과자는 무엇인가요?,선호(최애)형,0.621,12.3,나답 자체 제작,,,최애형,#6 가장 좋아하는 과일은 무엇인가요?,0.46,통과,0,0,1,1,1,p,0
X020,취향,1,평생 한 가지 메뉴만 먹어야 한다면 무엇을 고를까요?,상상형,0.584,8.6,나답 자체 제작,,,상상형,(앞선 신규) 하루아침에 재능 하나를 얻을 수 있다면 무엇을 고를까요?,0.26,통과,0,0,1,1,1,h,0
X023,취향,1,한 가지 색 옷만 입어야 한다면 무슨 색을 고를까요?,상상형,0.584,8.6,나답 자체 제작,,,상상형,(앞선 신규) 방에 딱 하나만 들일 수 있다면 어떤 가구를 고를까요?,0.21,통과,0,0,1,1,1,h,0
X026,취향,1,이름을 새로 지을 수 있다면 어떤 이름을 고를까요?,상상형,0.584,8.6,나답 자체 제작,,,상상형,#348 오늘 하루를 관통한 감정에 이름을 붙인다면 무엇일까요?,0.31,통과,0,0,1,1,1,h,0
X045,취향,1,라면을 끓일 때 꼭 넣는 재료는 무엇인가요?,성향·습관형,0.584,8.6,나답 자체 제작,,,국민 취향,#464 몸을 움직일 때 꼭 듣는 음악은 무엇인가요?,0.13,통과,0,0,1,1,1,t,0
X021,취향,1,"민트초코는 호인가요, 불호인가요?",양자택일형,0.528,3.0,나답 자체 제작,,,국민 논쟁,"#524 하고 싶은 말을 참는 편인가요, 하는 편인가요?",0.09,통과,0,0,1,1,1,c,0
X025,취향,1,바다와 산 중 쉬러 가고 싶은 곳은 어디인가요?,양자택일형,0.528,3.0,나답 자체 제작,,,양자택일,#320 힘들 때 찾게 되는 곳은 어디인가요?,0.37,통과,0,0,1,1,1,c,0
X027,취향,1,"붕어빵은 머리부터 먹나요, 꼬리부터 먹나요?",양자택일형,0.528,3.0,나답 자체 제작,,,국민 논쟁,#269 용기가 필요할 때 나는 어떻게 마음을 먹나요?,0.23,통과,0,0,1,1,1,c,0
X046,취향,1,치킨은 후라이드와 양념 중 뭐가 더 좋은가요?,양자택일형,0.528,3.0,나답 자체 제작,,,국민 논쟁,#563 끌리는 사람과 좋은 사람 중 누가 더 좋은가요?,0.2,통과,0,0,1,1,1,c,0
X047,취향,1,"얼죽아인가요, 뜨아파인가요?",양자택일형,0.528,3.0,나답 자체 제작,,,국민 논쟁,"(앞선 신규) 커피파인가요, 차파인가요?",0.25,통과,0,0,1,1,1,c,0
X048,취향,1,짜장면과 짬뽕 중 뭐가 더 끌리나요?,양자택일형,0.528,3.0,나답 자체 제작,,,국민 논쟁,#865 도전과 안정 중 지금 뭐가 더 끌리나요?,0.27,통과,0,0,1,1,1,c,0
X050,취향,1,과일은 딱딱한 복숭아와 물렁한 복숭아 중 어느 쪽인가요?,양자택일형,0.528,3.0,나답 자체 제작,,,국민 논쟁,#6 가장 좋아하는 과일은 무엇인가요?,0.26,통과,0,0,1,1,1,c,0
