질문 ID,원인 진단,수정 원칙,수정안 1 (권장),수정안 2 (대안),분류,추정 답변율(축소),조치 유형,수정안 잔여 위험,예측(기존 문구),예측(수정안),예측 변화(%p)
528,오늘 대화가 없었다면 답할 수 없음 + 예/아니오로 끝나는 닫힌 질문,시점 중립화 + 열린 질문,진심이 닿았다고 느끼는 대화는 어떤 대화인가요?,최근 대화 중 마음에 오래 남은 한마디는 무엇인가요?,A. 교체·재작성 우선,0.1826642845408639,재작성,,0.19829537592324364,0.3495370017587798,15.124162583553613
333,'오늘' 재료가 부족한 시점에 노출 + 감각 기억을 요구,시점 중립화 + 최애형 전환,가장 좋아하는 소리나 향기는 무엇인가요?,맡으면 기분이 좋아지는 향기가 있나요? 없다면 좋아하는 소리를 알려주세요.,A. 교체·재작성 우선,0.2035522509636216,재작성,,0.24470212089234164,0.4922719811857026,24.756986029336094
347,오늘 + 경험 전제 + 추상적 표현('속으로 안아준')의 3중 장벽,구체 행동으로 바꾸고 전제 제거,힘든 날 나를 달래주는 나만의 방법은 무엇인가요?,스스로에게 가장 자주 해주는 위로의 말은 무엇인가요?,A. 교체·재작성 우선,0.1971405983841432,재작성,,0.22525704815304684,0.5160492523475562,29.079220419450934
353,하루가 끝나지 않은 시점에는 칭찬할 거리가 없음,시점 중립화 (시점 없는 성향형 우선),내가 나에게 가장 듣고 싶은 칭찬은 무엇인가요?,요즘의 나에게 칭찬 한 마디를 해준다면 무엇일까요?,A. 교체·재작성 우선,0.2511919063135358,재작성,,0.25849296289060014,0.4741628018700752,21.566983897947505
338,'새로 알게 된 것'이 없을 가능성이 높음 + 이중 조건(알게 된 것 중 더 궁금해진 것),시점 중립화 + 조건 하나로 축소 (시점 없는 성향형 우선),더 깊이 알고 싶은 분야나 주제는 무엇인가요?,요즘 가장 궁금한 건 무엇인가요?,A. 교체·재작성 우선,0.2453220958370414,재작성,,0.28677415027336,0.4857576518655106,19.898350159215063
623,오늘 + '선택'이라는 추상 단위를 떠올리기 어려움,최근 범위로 넓히고 구체화 (시점 없는 성향형 우선),망설이다가 해서 다행이었던 일은 무엇인가요?,최근 내가 내린 선택 중 잘했다 싶은 건 무엇인가요?,A. 교체·재작성 우선,0.2561662048588659,재작성,,0.2641767023949801,0.4995845837158073,23.540788132082717
335,오늘 소비가 없으면 답 불가 + '가심비' 개념 해석 부담,범위 확대 + 쉬운 표현,돈이 아깝지 않았던 소비는 무엇인가요?,적은 돈으로 큰 만족을 얻었던 것은 무엇인가요?,A. 교체·재작성 우선,0.2597785017374249,재작성,,0.2905341594159659,0.49902188077573656,20.848772135977068
362,오늘 + 경험 전제 + 추상 은유('감정의 온도'),성향형으로 전환,기분이 갑자기 바뀌는 순간은 주로 언제인가요?,내 기분을 한순간에 바꿔놓는 것은 무엇인가요?,A. 교체·재작성 우선,0.2582374348005364,재작성,,0.25917730177341675,0.5203885011080452,26.12111993346285
536,'이번 주'로 기간이 좁음 + 특정 인물·만남 전제 + 청유형이라 질문처럼 읽히지 않음,기간 제거 + 인물 전제 완화,소중한 사람과 함께할 때 가장 좋아하는 순간은 언제인가요?,소중한 사람과 꼭 다시 하고 싶은 일은 무엇인가요?,A. 교체·재작성 우선,0.2836350240959401,재작성,,0.3079064627739006,0.3377772043291795,2.9870741555278912
450,'나만의 방법'이 있어야 답할 수 있음,경험 전제 제거 + 선택지형,"집중이 안 될 때 잠깐 쉬는 편인가요, 억지로라도 버티는 편인가요?",집중이 안 될 때 가장 먼저 하는 행동은 무엇인가요?,A. 교체·재작성 우선,0.3376981728757762,재작성,,0.36659594571162046,0.48761574006824093,12.101979435662047
43,독서 습관 전제 + '딱 한 권' 결정 부담,대상 확장(책 → 콘텐츠),딱 하나만 평생 다시 볼 수 있다면 어떤 책·영화·드라마를 고를까요?,인생 책이나 인생 영화가 있다면 무엇인가요? 없다면 가장 최근에 본 것을 알려주세요.,A. 교체·재작성 우선,0.3454909680589281,재작성,특정 활동 전제,0.39476534141814007,0.36609969763737926,-2.866564378076081
127,운동 습관 전제 + '주문' 은유,대상 확장 + 전제 제거,하기 싫은 일을 할 때 나를 움직이게 하는 한마디는 무엇인가요?,"운동이든 공부든 하기 싫을 때 나를 움직이는 건 보상인가요, 의무감인가요?",A. 교체·재작성 우선,0.291772929973337,재작성,,0.3167407519139069,0.4395353186402687,12.27945667263618
507,가족 갈등 노출 부담 + 경험 전제,부정 프레임을 성향형으로 완화,가족에게 가장 솔직해지기 어려운 부분은 무엇인가요?,가족과 나의 가장 다른 점은 무엇인가요?,A. 교체·재작성 우선,0.2901092683793589,재작성,,0.2946856173968586,0.3455958341625809,5.091021676572227
325,시 읽는 습관 전제 (특정 활동),대상 확장,마음에 오래 남은 문장은 무엇인가요? 책·노래·대사 무엇이든 좋아요.,좋아하는 노래 가사 한 줄은 무엇인가요?,A. 교체·재작성 우선,0.288656083521161,재작성,특정 활동 전제,0.30953403158121795,0.39492445560833245,8.53904240271145
110,아침 음악 습관 전제 + 쉼표 복문,전제 제거 + 짧게 · 중복 해소(#101),하루를 기분 좋게 시작하게 해주는 것은 무엇인가요?,,A. 교체·재작성 우선,0.3071304538064635,재작성,,0.32240953912860465,0.4545712486584422,13.216170952983752
356,오늘 + '있다면' 전제. 레벨1인데도 장벽 높음,최근으로 넓히고 전제 제거 · 중복 해소(#52),나를 기분 좋게 하는 사소한 것은 무엇인가요?,최근에 기분이 좋아졌던 사소한 순간은 언제인가요?,A. 교체·재작성 우선,0.297641139054173,재작성,,0.29153257818451495,0.5670845920357876,27.55520138512727
354,오늘 하루가 진행 중이면 그래프를 그릴 수 없음 + 시각화 요구 부담,시점 이동 + 단순화 · 중복 해소(#51),요즘 내 마음 상태를 점수로 매기면 몇 점인가요?,이번 주 내 기분을 한 단어로 표현하면 무엇인가요?,A. 교체·재작성 우선,0.2997488004478061,재작성,,0.32539913983043556,0.43010800771958985,10.47088678891543
360,오늘 + 은유('단골손님처럼') 해석 부담,시점 중립화 + 직설,요즘 가장 자주 느끼는 감정은 무엇인가요?,요즘 내 마음에 가장 오래 머무는 감정은 무엇인가요?,A. 교체·재작성 우선,0.301463561240223,재작성,,0.3159344269389561,0.4386481856496518,12.271375871069568
337,예/아니오 닫힌 질문 + 오늘 쉬지 못한 사람은 할 말이 없음,열린 질문 + 성향형,나에게 진짜 휴식은 어떤 모습인가요?,쉬는 날 가장 하고 싶은 일은 무엇인가요?,A. 교체·재작성 우선,0.3176550542968428,재작성,,0.31228851834913257,0.4966164625029355,18.432794415380293
365,오늘 + 부정 감정을 곱씹게 함,시점 중립화,나를 가장 쉽게 지치게 만드는 것은 무엇인가요?,에너지가 빨리 닳는 상황은 주로 어떤 때인가요?,A. 교체·재작성 우선,0.3182801600234828,재작성,,0.3234944406463533,0.518219220235039,19.472477958868566
38,전시회 관람 경험 전제 (특정 활동),대상 확장,좋아하는 것을 감상할 때 나는 어떻게 즐기나요? 전시·영화·음악 무엇이든 좋아요.,"좋아하는 것을 즐길 때 혼자가 좋나요, 함께가 좋나요?",A. 교체·재작성 우선,0.3109312341330246,재작성,특정 활동 전제,0.34640756928769184,0.38048516623222794,3.4077596944536106
332,오늘 + 식사 전 노출 시 답 불가 (레벨1이지만 낮음),최애형 전환,기분까지 충전해주는 나만의 소울푸드는 무엇인가요?,지친 날 가장 먹고 싶은 음식은 무엇인가요?,A. 교체·재작성 우선,0.3164026659826928,재작성,,0.32108140529827345,0.5284696477456722,20.738824244739874
519,예/아니오 닫힌 질문 + 타인 반응을 알아야 답할 수 있음,자기 관찰형으로 전환,내가 누군가에게 힘이 되었다고 느낀 순간은 언제인가요?,주변 사람들이 나에게 자주 고마워하는 것은 무엇인가요?,A. 교체·재작성 우선,0.3147423804710743,재작성,,0.34167576223980467,0.34167576223980467,0.0
369,오늘 + '필사적으로' 과한 강도 표현,시점 중립화 + 강도 완화,가장 마주하기 싫은 감정은 무엇인가요?,피하고 싶은 감정이 들 때 나는 주로 어떻게 하나요?,A. 교체·재작성 우선,0.3256665860106577,재작성,,0.32369839127065836,0.529057125428401,20.535873415774265
170,특정 인물 지목 (관계 카테고리 '누구' 질문 답변율 28%),인물 대신 특성 묻기,나를 잘 이해해주는 사람들은 어떤 공통점을 가졌나요?,누군가 나를 이해해준다고 느끼는 순간은 언제인가요?,A. 교체·재작성 우선,0.3183534436629857,재작성,,0.3455958341625809,0.3436331348384271,-0.19626993241537716
192,추상적 + 타인에게 기대하는 말을 떠올리기 어려움,구체화 (시점 없는 성향형 우선) · 중복 해소(#56),가까운 사람에게 가장 듣고 싶은 말은 무엇인가요?,요즘 누군가에게 가장 듣고 싶은 말은 무엇인가요?,A. 교체·재작성 우선,0.3201662870227304,재작성,,0.34756380757574207,0.34756380757574207,0.0
331,SNS 사용 전제 + 두 질문 연결(복문),단일 질문 + 전제 제거,기록으로 남기고 싶은 순간은 주로 어떤 때인가요?,사진으로 가장 많이 남기는 것은 무엇인가요?,B. 패턴 기반 수정 권장,0.3874285530934813,재작성,,0.4141598582711318,0.48141731584320374,6.725745757207196
542,타인 피드백 경험 전제,자기 관찰형으로 전환,사람들이 나에 대해 자주 하는 말은 무엇인가요?,나의 첫인상과 실제 모습은 어떻게 다른가요?,A. 교체·재작성 우선,0.3219839396130978,재작성,,0.3495370017587798,0.3495370017587798,0.0
36,요리 습관 전제 (특정 활동),대상 확장 + 최애형,자신 있게 만들 수 있는 음식이 있나요? 없다면 가장 좋아하는 음식을 알려주세요.,나만 아는 맛있는 조합이 있나요? 라면 레시피도 좋아요.,A. 교체·재작성 우선,0.3365577230022192,재작성,경험 전제형(~있다면/~적 있),0.35630968391417983,0.3066868642397321,-4.9622819674447705
49,메타 상상(나에 대한 책) + 제목 짓기 창작 부담,창작 부담 완화 · 중복 해소(#44),내 인생을 영화 장르로 표현한다면 어떤 장르일까요?,,A. 교체·재작성 우선,0.3748860540838862,재작성,특정 활동 전제,0.392690965874789,0.38649129847661556,-0.6199667398173458
67,최근 + 경험 전제 + 부정 감정 노출 부담,성향형으로 전환,나는 주로 어떤 상황에서 질투를 느끼나요?,질투가 날 때 나는 어떻게 반응하는 편인가요?,A. 교체·재작성 우선,0.323733601988213,재작성,,0.34138065000136814,0.555627841267754,21.424719126638585
315,공부 습관 전제 (특정 활동),대상 확장,새로운 걸 배울 때 나에게 맞는 방식은 무엇인가요?,"혼자 익히는 편인가요, 누군가에게 배우는 편인가요?",A. 교체·재작성 우선,0.34308080066641,재작성,,0.36432128935590324,0.47924815804137383,11.49268686854706
357,경험 전제 + 앞부분 조건이 김,성향형으로 전환 + 짧게,기분이 처질 때 나를 살려내는 것은 무엇인가요?,기분 전환이 필요할 때 가장 먼저 찾는 것은 무엇인가요?,B. 패턴 기반 수정 권장,0.3949118512019133,재작성,,0.4339750029945717,0.518219220235039,8.424421724046727
798,여행·커리어 양쪽 전제 + 가정 조건이 앞에 붙어 복잡,조건 제거 + 일반화,지금 하고 싶은 일과 해야 하는 일 중 무엇을 먼저 하나요?,한 달의 자유 시간이 생긴다면 여행과 자기계발 중 무엇을 고를까요?,B. 패턴 기반 수정 권장,0.4034645295982933,재작성,,0.44949864037188497,0.4754735893616088,2.5974948989723803
63,'내일 설레는 일'이 없으면 교체 + 경험 전제,범위 확대 (시점 없는 성향형 우선),다가오는 일 중 가장 기대되는 것은 무엇인가요?,요즘 기다려지는 일은 무엇인가요?,A. 교체·재작성 우선,0.3496948780963442,재작성,,0.39099413343576794,0.518219220235039,12.722508679927103
191,부정적 특정 인물 지목 → 방어적 회피,인물 → 관계 유형,나를 지치게 하는 관계는 어떤 모습인가요?,관계에서 가장 힘든 순간은 언제인가요?,A. 교체·재작성 우선,0.3541785425487426,재작성,,0.384486586500372,0.3554873655829014,-2.899922091747059
56,오늘 + 들은 말이 없으면 답 불가,시점 중립화,들으면 기운이 나는 말은 무엇인가요?,힘들 때 떠올리는 말이나 문장이 있나요?,A. 교체·재작성 우선,0.3541590695337684,재작성,,0.3761454374888925,0.5777189921792324,20.157355469033988
138,취미 시작 경험 전제 + '과정' 추상적,선택지형으로 쉽게,"새로운 걸 시작할 때 일단 해보는 편인가요, 충분히 알아보고 시작하는 편인가요?",요즘 새로 해보고 싶은 것은 무엇인가요?,A. 교체·재작성 우선,0.350812185311982,재작성,,0.3808321607026127,0.47243353043655584,9.160136973394312
167,특정 인물 지목 (관계 카테고리),인물 → 특성,나와 유머 코드가 잘 맞는 사람은 어떤 사람인가요?,나를 가장 크게 웃게 만드는 건 어떤 유머인가요?,A. 교체·재작성 우선,0.3586491688081194,재작성,,0.3893397766953996,0.3893397766953996,0.0
632,최근 + 경험 전제 + 문장 길이,시점 제거 + 짧게,어른이 되었다고 느끼는 순간은 언제인가요?,어른이 되어서 좋은 점은 무엇인가요?,A. 교체·재작성 우선,0.3609974603605348,재작성,,0.3839591285519211,0.4971791448747344,11.322001632281331
306,최근 구매가 없으면 답 불가,범위 확대,지금까지 산 것 중 가장 만족스러운 건 무엇인가요?,돈이 아깝지 않았던 물건은 무엇인가요?,A. 교체·재작성 우선,0.3623377678288302,재작성,,0.3958260096145133,0.47924815804137383,8.342214842686053
471,기록 습관 전제,전제 제거 + 성향형,작은 성취를 느낄 때 나는 어떻게 스스로를 챙기나요?,스스로 뿌듯함을 느끼는 순간은 언제인가요?,A. 교체·재작성 우선,0.3618548432063223,재작성,,0.3849387924596201,0.4524175242514824,6.747873179186231
119,'지키는 습관'이 있어야 함 + 추천이라는 이중 요구,조건 하나로 축소,꾸준히 이어가고 있는 습관은 무엇인가요? 작은 것도 좋아요.,갖고 싶은 습관 하나를 고른다면 무엇인가요?,A. 교체·재작성 우선,0.3582858619760313,재작성,,0.370640958892188,0.4438212183340813,7.318025944189327
605,경험 전제 + 부정 감정 노출 부담,성향형으로 전환,괜찮지 않을 때도 '괜찮아'라고 말하는 편인가요?,속마음을 털어놓기 어려운 순간은 언제인가요?,A. 교체·재작성 우선,0.358971225675887,재작성,,0.37140452056526024,0.4532282331812492,8.182371261598897
129,기념일 의례 전제,전제 제거 + 최애형,가장 좋아하는 기념일은 무엇인가요?,특별한 날을 보내는 나만의 방식은 무엇인가요?,A. 교체·재작성 우선,0.3672727717235159,재작성,,0.3911294330221955,0.47402173672933007,8.289230370713458
50,취향 변화 경험 전제,선택지형 대안 제공,예전과 비교해 가장 많이 바뀐 내 취향은 무엇인가요?,변하지 않고 오래 좋아한 것은 무엇인가요?,A. 교체·재작성 우선,0.3471554187415029,재작성,,0.40656953013034164,0.4770797824453547,7.051025231501306
453,경험 전제 + 원인 분석까지 요구(이중 질문),질문 하나로 축소,마음 편히 쉬기 어려울 때는 언제인가요?,쉬면서도 마음이 편하려면 무엇이 필요한가요?,A. 교체·재작성 우선,0.368569431292753,재작성,,0.40010894365976907,0.46752652989224336,6.74175862324743
60,'지금 당장 하고 싶은 말'이 없으면 교체 + 대상 불명확,대상 명시,지금 누군가에게 전하고 싶은 말은 무엇인가요?,지금의 나에게 해주고 싶은 말은 무엇인가요?,A. 교체·재작성 우선,0.3621197232681444,재작성,,0.40589984532518886,0.5203885011080452,11.448865578285638
93,존재론적 무게 + 경험 전제 → 즉시 답하기 부담,강도 완화 + 구체화,살아있길 잘했다 싶은 작은 순간은 언제인가요?,나를 살아있다고 느끼게 하는 것은 무엇인가요?,A. 교체·재작성 우선,0.3687343506768441,재작성,,0.4318416006325712,0.5203885011080452,8.854690047547404
419,'꼭 하는 일' 전제 (루틴이 없으면 답 불가),전제 제거,잠들기 전 주로 무엇을 하나요?,잠들기 전 가장 좋아하는 시간은 어떤 시간인가요?,A. 교체·재작성 우선,0.3803981704813278,재작성,,0.3952762164661576,0.47835690072999865,8.308068426384102
386,힘든 일이 없으면 답 불가 + 즉시 무거운 고백 요구,성향형 전환 + 강도 완화 (시점 없는 성향형 우선),힘든 일이 생기면 나는 주로 어떻게 버티나요?,요즘 마음을 무겁게 하는 것이 있다면 무엇인가요? 없다면 요즘 마음이 가벼운 이유를 알려주세요.,A. 교체·재작성 우선,0.3709394617466,재작성,,0.40589984532518886,0.5203885011080452,11.448865578285638
350,예/아니오 닫힌 질문 + 경험 전제,열린 성향형으로 전환,몸과 마음이 기분 좋게 늘어지는 순간은 언제인가요?,나를 가장 편안하게 풀어주는 시간은 언제인가요?,A. 교체·재작성 우선,0.3691515987548754,재작성,,0.40380599750590956,0.5138786790909895,11.007268158507994
252,'나만의 문장'이 없으면 답 불가,출구 제공,지칠 때 힘이 되는 말은 무엇인가요? 책·노래·누군가의 말 무엇이든 좋아요.,스스로에게 자주 하는 응원의 말은 무엇인가요?,B. 패턴 기반 수정 권장,0.4296879786214114,재작성,특정 활동 전제,0.4134202494645309,0.3933867780403098,-2.003347142422107
263,'나만의 마음가짐' 전제,전제 제거,매일 잊지 않으려는 마음가짐은 무엇인가요?,하루를 잘 보냈다고 느끼게 하는 기준은 무엇인가요?,B. 패턴 기반 수정 권장,0.4317384452403838,재작성,,0.41552920412926125,0.4971791448747344,8.164994074547316
280,두 질문 연결 + 균형을 스스로 진단해야 함,하나로 축소 + 선택지,요즘 내 일상은 일과 쉼 중 어느 쪽으로 기울어 있나요?,요즘 일상에서 더 늘리고 싶은 시간은 무엇인가요?,C. 유지·모니터링,0.4173070326740556,재작성,,0.4292104075431197,0.39497822056651394,-3.423218697660574
288,행동 전제 + 도덕적 부담(없으면 민망함),전제 제거 + 부담 완화 · 중복 해소(#656),환경이나 이웃을 위해 챙기는 작은 습관이 있나요? 없다면 해보고 싶은 것을 알려주세요.,내가 지키려고 하는 작은 규칙이 있다면 무엇인가요? 분리수거도 좋아요.,B. 패턴 기반 수정 권장,0.3437682176650844,재작성,경험 전제형(~있다면/~적 있),0.36337968664377107,0.30716566352457825,-5.621402311919282
291,'~다면'이 두 번 겹친 이중 조건,조건 하나로 축소,과거로 돌아가 딱 하나를 바꿀 수 있다면 무엇을 바꾸고 싶나요?,그때 다른 선택을 했다면 어땠을까 싶은 순간은 언제인가요?,B. 패턴 기반 수정 권장,0.3725566686690175,재작성,,0.3759131186750757,0.44080594931163486,6.489283063655915
300,'~있다면' 전제 (대부분 있으므로 경미),경미 수정: 전제 제거,인생에서 꼭 한 번은 경험하고 싶은 순간은 무엇인가요?,버킷리스트 1순위는 무엇인가요?,B. 패턴 기반 수정 권장,0.4194832894737703,경미 수정,,0.40292447909650325,0.48197926595915846,7.905478686265521
578,예/아니오 닫힌 질문,열린 질문 전환,나에게 좀 더 다정해지고 싶은 순간은 언제인가요?,스스로에게 가장 엄격해지는 순간은 언제인가요?,B. 패턴 기반 수정 권장,0.3690820786028325,재작성,,0.3796098722776982,0.48849105788757646,10.888118560987825
580,'~있다면' 전제 (대부분 있으므로 경미),경미 수정: 전제 제거,딱 하나 바꿀 수 있다면 바꾸고 싶은 나의 모습은 무엇인가요?,더 키우고 싶은 나의 모습은 무엇인가요?,B. 패턴 기반 수정 권장,0.428245426294143,경미 수정,,0.428245426294143,0.44294911132153625,1.4703685027393276
581,자기 약점 인정 요구 + 전제,성향형 전환,내 생각을 쉽게 굽히지 않는 주제는 무엇인가요?,"의견이 부딪힐 때 나는 끝까지 설득하는 편인가요, 한발 물러서는 편인가요?",B. 패턴 기반 수정 권장,0.3533020078319187,재작성,,0.36337968664377107,0.490662632924544,12.728294628077292
583,추상 개념(편안함-성장) + 경험 전제,선택지형,편안함과 성장 중 요즘의 나는 어느 쪽을 더 원하나요?,성장을 위해 불편함을 감수했던 적이 있나요? 없다면 감수하고 싶은 불편함을 알려주세요.,B. 패턴 기반 수정 권장,0.4371278839004835,재작성,,0.4050168611921311,0.39705677905262265,-0.796008213950844
584,'놓치고 있는 것'은 자각하기 어려움,구체화 (시점 없는 성향형 우선),여유가 생기면 가장 먼저 챙기고 싶은 것은 무엇인가요?,요즘 너무 바빠서 미뤄두고 있는 것은 무엇인가요?,B. 패턴 기반 수정 권장,0.4008031396928324,재작성,,0.38371149184089376,0.48197926595915846,9.82677741182647
588,예/아니오로 끝남 + 인용문 포함 길이,열린 질문 + 짧게,과거의 나에게 '괜찮아'라고 말해주고 싶은 순간은 언제인가요?,과거의 나에게 한마디 할 수 있다면 무슨 말을 하고 싶나요?,B. 패턴 기반 수정 권장,0.3437175979264885,재작성,,0.3633261791238674,0.4382010364629649,7.4874857339097485
589,예/아니오 닫힌 질문,열린 질문 전환,과거로 돌아갈 수 있다면 언제로 돌아가고 싶나요?,다시 한번 살아보고 싶은 시절은 언제인가요?,B. 패턴 기반 수정 권장,0.4228220557730185,재작성,,0.3898949067035912,0.4580063900930309,6.811148338943967
590,아물지 않은 상처 고백 요구 (무게 과다),강도 완화 + 회복 관점,시간이 지나 괜찮아진 일 중 기억에 남는 것은 무엇인가요?,마음의 상처가 회복될 때 나에게 가장 도움이 되는 것은 무엇인가요?,B. 패턴 기반 수정 권장,0.4253325207363307,재작성,,0.4374648167244575,0.4822119133610099,4.474709663655241
591,부정 기억 소환 + 전제,종류만 묻도록 부담 완화,잊고 싶은 기억이 생기면 나는 주로 어떻게 하나요?,오래 간직하고 싶은 기억은 어떤 종류인가요?,B. 패턴 기반 수정 권장,0.416590649572611,재작성,,0.42847359014285263,0.4908954998010428,6.242190965819017
604,뉴스를 안 보면 답 불가 + 최근 제한,기간 제거 + 대상 확장 (시점 없는 성향형 우선),뉴스나 SNS에서 보면 꼭 클릭하게 되는 주제는 무엇인가요?,요즘 가장 관심 가는 세상 소식이나 이슈는 무엇인가요?,B. 패턴 기반 수정 권장,0.4154465973230093,재작성,특정 활동 전제,0.4154465973230093,0.4121977714225583,-0.32488259004510023
608,'결핍' 단어의 무게 + 전제,표현 완화 (시점 없는 성향형 우선) · 중복 해소(#90),요즘 마음이 더 채워졌으면 하는 부분은 무엇인가요?,,B. 패턴 기반 수정 권장,0.3649487755001426,재작성,,0.38576856401387777,0.4012249938123494,1.5456429798471616
609,회피 인정 요구 + 맞춤법('있는게'),표현 완화 + 맞춤법 수정,자꾸 미루게 되는 일은 무엇인가요?,마주하기 싫어서 잠시 모른 척하고 있는 일이 있나요? 작은 것도 좋아요.,B. 패턴 기반 수정 권장,0.3919640449420132,재작성,,0.39196404494201326,0.5058689356597718,11.39048907177585
610,최근 + 전제 (관측 성과는 양호),경미 수정: 기간 제거,생각이 바뀐 주제 중 가장 기억에 남는 것은 무엇인가요?,예전과 지금 생각이 가장 달라진 주제는 무엇인가요?,B. 패턴 기반 수정 권장,0.362103519725195,경미 수정,,0.3360412033095179,0.48438200804192605,14.834080473240812
612,전제형이지만 대부분 답할 수 있음,경미 수정: 전제 제거,절대 바뀌지 않을 것 같은 내 생각은 무엇인가요?,어떤 일이 있어도 지키고 싶은 신념은 무엇인가요?,B. 패턴 기반 수정 권장,0.4220861285110487,경미 수정,,0.4176412572425721,0.48849105788757646,7.084980064500435
613,전제 + 문장 김,짧게,예전엔 중요했지만 지금은 아닌 것은 무엇인가요?,나이 들며 중요해진 것은 무엇인가요?,B. 패턴 기반 수정 권장,0.3494022290567553,재작성,,0.3593686695595628,0.490662632924544,13.129396336498116
616,자존심 때문에 놓친 경험 전제,성향형 전환,"자존심 때문에 손해를 보는 편인가요, 자존심을 쉽게 굽히는 편인가요?",자존심보다 더 중요한 것은 무엇인가요?,B. 패턴 기반 수정 권장,0.4461720533377168,재작성,,0.4303745202363893,0.5173046522706287,8.693013203423943
618,전제형,경미 수정,예전보다 조심스러워진 부분은 무엇인가요?,나이가 들며 더 대담해진 부분은 무엇인가요?,B. 패턴 기반 수정 권장,0.4122365316320989,경미 수정,,0.4239952742041954,0.49935163787736736,7.535636367317195
619,확신 붕괴 경험 전제 + 무게,성향형 전환,믿고 있던 게 흔들릴 때 나는 어떻게 하나요?,쉽게 흔들리지 않는 나의 믿음은 무엇인가요?,B. 패턴 기반 수정 권장,0.414301346012336,재작성,,0.42611898588948266,0.492834560402219,6.671557451273635
622,'과감히 덜어내기로 한 것'이 있어야 함,기간 제거 + 희망형,내 인생에서 덜어내고 싶은 것은 무엇인가요?,정리하고 나서 오히려 편해진 것은 무엇인가요?,C. 유지·모니터링,0.3840242135296581,재작성,,0.39497822056651394,0.4950067583795725,10.002853781305854
624,이번 주 + 의인화('주가 건네준 교훈'),기간 확장 + 쉬운 말,요즘 새삼 깨달은 것은 무엇인가요?,최근에 배운 작은 교훈은 무엇인가요?,B. 패턴 기반 수정 권장,0.4151284903636199,재작성,,0.39844546255834684,0.420151196540681,2.170573398233416
625,조건이 긴 문장 + 예/아니오,짧게 + 열린 질문,예전보다 덤덤해진 일은 무엇인가요?,예전엔 크게 흔들렸지만 지금은 괜찮은 일은 무엇인가요?,B. 패턴 기반 수정 권장,0.4378977484609929,재작성,,0.41832135521636243,0.5058689356597718,8.754758044340932
626,오늘 기반,시점 중립화,요즘 나를 움직이게 하는 가장 큰 동력은 무엇인가요?,아침에 나를 일어나게 하는 이유는 무엇인가요?,B. 패턴 기반 수정 권장,0.299848013874906,재작성,,0.299848013874906,0.39913905974329583,9.929104586838983
627,오늘 기반 + 하루가 끝나지 않으면 답 불가,시점 이동 + 저녁 노출,하루를 다시 산다면 무엇을 다르게 하고 싶나요? (저녁 노출 권장),다시 살아보고 싶은 하루는 언제인가요?,B. 패턴 기반 수정 권장,0.2782881840808968,노출 시간 조정 + 재작성,,0.27828818408089684,0.4365263138414217,15.823812976052487
628,오늘 기반 + 문장 김,시점 중립화,누구 눈치도 보지 않고 내 마음대로 정하고 싶은 것은 무엇인가요?,남의 시선보다 내 마음을 따르는 편인가요?,B. 패턴 기반 수정 권장,0.2741083531256124,재작성,,0.2819270914322453,0.46897622656877946,18.704913513653416
629,전제형,경미 수정,예전엔 당연했는데 지금은 다르게 보이는 것은 무엇인가요?,어른이 되어 생각이 바뀐 것은 무엇인가요?,B. 패턴 기반 수정 권장,0.3917500969419275,경미 수정,,0.40292447909650325,0.47980991884627605,7.68854397497728
633,오늘 + 원칙을 지켰다는 전제,시점 중립화 + 전제 제거 · 중복 해소(#274),원칙과 융통성 중 나는 어느 쪽에 더 가깝나요?,,B. 패턴 기반 수정 권장,0.3112615396133701,재작성,,0.3112615396133701,0.490662632924544,17.940109331117387
636,이번 주 + '인생의 힌트' 추상적,기간 확장 + 구체화,요즘 나에게 도움이 된 말이나 조언은 무엇인가요?,요즘 새롭게 알게 된 것 중 가장 쓸모 있는 것은 무엇인가요?,B. 패턴 기반 수정 권장,0.3963644133674213,재작성,,0.3963644133674213,0.4033145119155089,0.6950098548087591
641,오늘 + 미래 추론까지 이중 부담,시점 중립화 + 단순화 (시점 없는 성향형 우선),10년 뒤 나에게 고마울 습관은 무엇일까요?,미래의 나를 위해 요즘 하고 있는 작은 일은 무엇인가요?,B. 패턴 기반 수정 권장,0.2672308302014193,재작성,,0.25395169292774933,0.39301927217917376,13.906757925142443
642,오늘 시련·실수 전제,시점 중립화 + 성향형,"실수에서 배우는 편인가요, 금방 잊는 편인가요?",실수하고 나서 나를 다독이는 방법은 무엇인가요?,B. 패턴 기반 수정 권장,0.3087349801322774,재작성,,0.2890171560337236,0.5432733054933483,25.425614945962472
643,이번 주 + 새로운 발견 전제,기간 확장 (시점 없는 성향형 우선),사람들이 잘 모르는 나의 반전 매력은 무엇인가요?,요즘 새롭게 발견한 나의 의외의 면은 무엇인가요?,B. 패턴 기반 수정 권장,0.4424565583525501,재작성,,0.43917379001386886,0.48849105788757646,4.93172678737076
645,전제형 (관측 성과 양호),경미 수정: 전제 제거,성장했다고 느낀 순간은 언제인가요?,예전의 나와 비교해 가장 성장한 부분은 무엇인가요?,B. 패턴 기반 수정 권장,0.447039531695803,경미 수정,,0.428245426294143,0.5058689356597718,7.7623509365628784
646,요즘 + 시도 전제 + 문장 김,전제 제거 + 짧게,더 나은 나를 위해 해보고 싶은 것은 무엇인가요?,요즘 나를 위해 투자하고 있는 것은 무엇인가요?,B. 패턴 기반 수정 권장,0.3291934607513134,재작성,,0.3194492000148658,0.48849105788757646,16.904185787271064
647,문장이 매우 김(60자+) + 조건 과다,조건 축약,불이 나서 딱 하나만 챙길 수 있다면 무엇을 가지고 나올까요?,절대 잃어버리고 싶지 않은 물건은 무엇인가요?,C. 유지·모니터링,0.407397656840673,재작성,,0.4137355472051048,0.44294911132153625,2.9213564116431447
648,전제형,경미 수정,절대 장난스럽게 말할 수 없는 주제는 무엇인가요?,가볍게 넘기지 못하는 주제는 무엇인가요?,B. 패턴 기반 수정 권장,0.4101430665049088,경미 수정,,0.4050168611921311,0.48849105788757646,8.347419669544538
649,예/아니오 + 죽음 주제 (관측 성과 양호),유지 검토: 경미 수정,내가 어떻게 생을 마무리할지 상상해본 적 있나요? 떠오르는 장면을 알려주세요.,인생의 마지막 장면에 꼭 있었으면 하는 것은 무엇인가요?,B. 패턴 기반 수정 권장,0.4423317835308206,경미 수정,,0.4072277490508699,0.453860304146162,4.663255509529213
653,전제형이지만 대부분 답할 수 있음,경미 수정,능력과 상관없이 해보고 싶은 직업은 무엇인가요?,하루만 다른 직업으로 살 수 있다면 무엇을 해보고 싶나요?,B. 패턴 기반 수정 권장,0.4337919243780658,경미 수정,,0.4176412572425721,0.490662632924544,7.302137568197187
658,미신을 안 믿으면 답 불가,출구 제공,은근히 신경 쓰이는 미신이나 징크스가 있나요? 없다면 재밌다고 생각하는 미신을 알려주세요.,운이나 징크스를 믿는 편인가요?,B. 패턴 기반 수정 권장,0.4128616092584478,재작성,경험 전제형(~있다면/~적 있),0.3961139203440496,0.30347934927488823,-9.263457106916134
745,회사원 전제 (학생·구직자는 몰입 어려움),상황 일반화,하기 싫은 일로 월 600을 버는 것과 자유롭게 지내며 월 200을 받는 것 중 뭐가 더 나은가요?,돈과 자유 중 지금의 나에게 더 중요한 것은 무엇인가요?,B. 패턴 기반 수정 권장,0.3750888121465623,재작성,,0.3857879434589737,0.45455593718260245,6.876799372362874
748,회사원 전제,상황 일반화,바쁘지만 성장하는 곳과 여유롭지만 성장 없는 곳 중 어디가 더 나은가요?,성장과 여유 중 요즘 더 필요한 것은 무엇인가요?,B. 패턴 기반 수정 권장,0.4373772141462096,재작성,,0.4213288147531285,0.4603297871520616,3.9000972398933076
751,상사 전제,대상 일반화,배울 게 많은 사람과 편한 사람 중 누구와 함께하고 싶나요?,함께 일하거나 공부할 때 편한 사람과 배울 게 많은 사람 중 누가 좋나요?,B. 패턴 기반 수정 권장,0.4447935312307734,재작성,,0.4447935312307734,0.4754735893616088,3.068005813083535
755,상사 전제 + 조건 복잡,대상 일반화 + 단순화,존중받으며 힘든 일을 하는 것과 무관심 속에 편한 일을 하는 것 중 뭐가 더 나은가요?,일할 때 인정받는 것과 편한 것 중 뭐가 더 중요한가요?,B. 패턴 기반 수정 권장,0.4213288147531285,재작성,,0.4213288147531285,0.4696751033695045,4.8346288616376025
760,'숲속' 등 특정 전제로 오탐. 관측 성과 양호(7회 중 4회),유지,(유지) 인간관계 없는 숲속의 고요함과 소란한 도시의 삶 중 뭐가 더 편안한가요?,,B. 패턴 기반 수정 권장,0.4480783140107661,유지,특정 활동 전제,0.42344898913738066,0.42344898913738066,0.0
769,'책임감' 오탐 가능. 노출 0회,유지 후 관찰,(유지) 세상 문제에 책임감을 느끼는 삶과 신경 쓰지 않고 즐기는 삶 중 뭐가 더 나다운가요?,,B. 패턴 기반 수정 권장,0.4086711738697362,유지,특정 활동 전제,0.4086711738697362,0.4086711738697362,0.0
787,학교 전제 (성인은 오래된 기억),대상 일반화,책으로 배운 것과 직접 부딪혀 배운 것 중 뭐가 더 크게 남나요?,"직접 해봐야 아는 편인가요, 먼저 알아보는 편인가요?",B. 패턴 기반 수정 권장,0.4340907018618279,재작성,특정 활동 전제,0.43409070186182797,0.4319571647816683,-0.21335370801596754
802,회사 전제,상황 일반화,작은 곳의 리더와 큰 곳의 구성원 중 뭐가 더 편한가요?,이끄는 역할과 돕는 역할 중 나에게 더 맞는 것은 무엇인가요?,B. 패턴 기반 수정 권장,0.4026040215377164,재작성,,0.42557198621086073,0.5065703441832843,8.099835797242354
807,회사 전제,상황 일반화,자주 늦게 끝나지만 여유로운 일과 빡빡해도 제시간에 끝나는 일 중 뭐가 더 끌리나요?,"일과 삶의 경계가 확실한 게 좋나요, 유연한 게 좋나요?",B. 패턴 기반 수정 권장,0.41790569795466,재작성,,0.4298261493086576,0.4718401914681378,4.201404215948024
809,직업 전제 (양자택일로는 무난),경미 수정,자유로운 프리랜서와 안정적인 직장인 중 어느 쪽이 더 나에게 맞을까요?,,B. 패턴 기반 수정 권장,0.4319571647816683,경미 수정,특정 활동 전제,0.4319571647816683,0.42557198621086073,-0.6385178570807559
52,오늘 기반 (관측 4회 중 2회로 양호한 편),시점 중립화,요즘 나를 웃게 만드는 장면은 무엇인가요?,최근 가장 크게 웃었던 순간은 언제인가요?,B. 패턴 기반 수정 권장,0.390661983455738,재작성,,0.37818683881198284,0.48543331095739223,10.724647214540939
53,오늘 기반,시점 중립화,하루 중 가장 차분해지는 때는 언제인가요?,마음이 가장 고요해지는 장소나 시간은 언제인가요?,B. 패턴 기반 수정 권장,0.338442476427808,재작성,,0.32922585837239415,0.5247246757590511,19.549881738665697
54,최근 + 눈물 경험 전제,성향형 전환,눈물이 나는 순간은 주로 어떤 때인가요?,감동을 잘 받는 편인가요? 어떤 장면에 약한가요?,B. 패턴 기반 수정 권장,0.398130147787561,재작성,,0.3923186232083051,0.5577724225172938,16.545379930898868
59,오늘 기반 (저녁엔 유효),저녁 노출 전용 또는 시점 중립화,요즘 가장 아쉬운 것은 무엇인가요?,(저녁 노출) 오늘 하루 중 가장 아쉬웠던 순간은 언제인가요?,B. 패턴 기반 수정 권장,0.3636144814687432,노출 시간 조정 + 재작성,,0.32730962775093897,0.4472248635033021,11.991523575236313
61,최근 제한,기간 제거 (시점 없는 성향형 우선),답답할 때 나는 주로 어떻게 푸나요?,요즘 나를 답답하게 만드는 것은 무엇인가요?,B. 패턴 기반 수정 권장,0.4110264154096573,재작성,,0.4293990536483222,0.5312217505997976,10.18226969514754
69,최근 + 경험 전제,전제 제거,용기를 냈던 순간 중 기억에 남는 것은 언제인가요?,요즘 용기 내서 해보고 싶은 일은 무엇인가요?,B. 패턴 기반 수정 권장,0.385159303275732,재작성,,0.36106993444790253,0.5184518530786948,15.738191863079226
74,최근 + 경험 전제 + '이름 붙이기 힘든' 추상,단순화 (시점 없는 성향형 우선),말로 표현하기 가장 어려운 감정은 무엇인가요?,요즘 설명하기 어려운 기분이 드는 때는 언제인가요?,B. 패턴 기반 수정 권장,0.4096227252797602,재작성,,0.4213069109563074,0.5203885011080452,9.908159015173784
78,전제형 (대부분 답 가능),경미 수정: 전제 제거,과거의 나에게 해주고 싶은 위로의 말은 무엇인가요?,힘들었던 그때의 나에게 한마디 한다면?,B. 패턴 기반 수정 권장,0.4265745238116287,경미 수정,,0.4425323403342347,0.5138786790909895,7.134633875675478
79,'행복의 기준'이 있어야 함,전제 제거,나는 언제 행복하다고 느끼나요?,행복하려면 꼭 있어야 하는 것 세 가지는 무엇인가요?,B. 패턴 기반 수정 권장,0.4287752668915435,재작성,,0.42064873528045327,0.5377082579290956,11.705952264864234
80,최근 + 용서 경험 전제,성향형 전환,"용서가 쉬운 편인가요, 어려운 편인가요?",누군가를 용서할 때 가장 필요한 것은 무엇인가요?,B. 패턴 기반 수정 권장,0.3624285955399413,재작성,,0.3570701127367696,0.5789710017246854,22.190088898791583
83,'나만의 루틴' 전제,성향형 전환,감정이 흔들릴 때 나는 주로 무엇을 하나요?,기분을 가라앉히는 데 가장 효과 있는 방법은 무엇인가요?,B. 패턴 기반 수정 권장,0.4476629714200259,재작성,,0.44467722125555675,0.5225570134247344,7.787979216917762
84,비밀 고백 요구 (부담 과다),강도 완화,남에게 잘 말하지 않는 걱정은 어떤 종류인가요?,"걱정이 생기면 털어놓는 편인가요, 혼자 삭이는 편인가요?",B. 패턴 기반 수정 권장,0.4373933564128445,재작성,,0.47125070713492717,0.5491819639442933,7.793125680936614
88,최근 + 한계 경험 전제,성향형 전환,한계에 부딪혔다고 느낄 때 나는 어떻게 하나요?,내가 가장 약해지는 상황은 언제인가요?,B. 패턴 기반 수정 권장,0.3550776069895637,재작성,,0.3550776069895637,0.518219220235039,16.314161324547527
92,오늘 밤 기반 (관측 3회 모두 답변),유지 + 저녁 노출 전용,"(유지, 저녁 노출) 오늘 밤 잠들기 전 나에게 해주고 싶은 말은 무엇인가요?",,B. 패턴 기반 수정 권장,0.371590293293221,유지(노출 시간 조정),오늘 기반,0.3178155251397311,0.3178155251397311,0.0
94,전제 + 가장 힘든 순간 소환 (무게),전제 제거,힘든 시간을 지나며 배운 것은 무엇인가요?,어려운 일을 겪고 나서 달라진 점은 무엇인가요?,B. 패턴 기반 수정 권장,0.4173617572255643,재작성,,0.43645723924738006,0.5247246757590511,8.826743651167106
344,오늘 + 예/아니오,시점 중립화 + 열린 질문,멍하니 있고 싶을 때는 언제인가요?,멍때리는 시간이 나에게 어떤 의미인가요?,B. 패턴 기반 수정 권장,0.2634870687354756,재작성,,0.2440174160806447,0.5333852014857188,28.936778540507408
348,오늘 + '관통한 감정' 추상,시점 중립화 + 쉬운 말 · 중복 해소(#368),"요즘 내 마음은 기쁨, 불안, 평온 중 어디에 가까운가요?",요즘 내 기분을 한 단어로 표현하면?,B. 패턴 기반 수정 권장,0.2968270835407179,재작성,,0.2937031421091969,0.5026192491203544,20.89161070111575
351,'낯선 감정이 고개를 든' 은유 + 경험 전제,쉬운 말 + 성향형,스스로도 놀랐던 내 감정 반응은 무엇인가요?,내가 잘 느끼지 않는 감정은 무엇인가요?,B. 패턴 기반 수정 권장,0.4134240332273154,재작성,,0.43207023257510857,0.5225570134247344,9.04867808496258
352,노래 한 소절 요구 + 전제 (관측 1/1),경미 수정: 전제 제거,나를 가장 잘 설명해주는 노래는 무엇인가요?,요즘 내 마음을 대신 말해주는 노래는 무엇인가요?,B. 패턴 기반 수정 권장,0.4475984469108117,경미 수정,,0.4318416006325712,0.5225570134247344,9.071541279216316
355,오늘 + 예/아니오,시점 중립화 + 성향형,감정을 억누르기 힘든 순간은 주로 언제인가요?,"감정을 참는 편인가요, 드러내는 편인가요?",B. 패턴 기반 수정 권장,0.2452037528229198,재작성,,0.2376622592577622,0.5203885011080452,28.272624185028306
358,오늘 + 은유('회색빛') + 전제 3중,시점 중립화 + 쉬운 말,마음이 흐릿하고 가라앉는 날은 주로 어떤 날인가요?,기운 없는 날 나를 일으키는 것은 무엇인가요?,B. 패턴 기반 수정 권장,0.2542032049942544,재작성,,0.2542032049942544,0.5138786790909895,25.967547409673507
359,요즘 (관측 3회 중 2회 양호),경미 수정,나를 든든하게 지탱해주는 감정은 무엇인가요?,나를 버티게 하는 힘은 무엇인가요?,C. 유지·모니터링,0.4487552908348867,경미 수정,,0.43010800771958985,0.5225570134247344,9.244900570514453
361,오늘 + 예/아니오 + '예상과 다르게' 추상,시점 중립화 + 성향형,"내 기분은 예측이 잘 되는 편인가요, 변덕스러운 편인가요?",기분이 예상과 다르게 흘러갈 때 어떻게 하나요?,B. 패턴 기반 수정 권장,0.3277844602677365,재작성,,0.32730962775093897,0.5576548540658959,23.03452263149569
364,최근 제한,기간 제거,나를 가장 강하게 흔드는 감정은 무엇인가요?,쉽게 흔들리는 감정과 잘 버티는 감정은 무엇인가요?,B. 패턴 기반 수정 권장,0.4034012950097261,재작성,,0.4209039295395101,0.5225570134247344,10.165308388522426
367,이번 주 + 전제 + '꺼내지 못한' 추상,기간 제거 + 단순화 (시점 없는 성향형 우선),속으로만 담아두는 감정은 주로 어떤 감정인가요?,요즘 누군가에게 털어놓고 싶은 마음은 무엇인가요?,B. 패턴 기반 수정 권장,0.3491094841163096,재작성,,0.3590675742859229,0.518219220235039,15.915164594911607
370,오늘 아침 기반 (아침 노출 시 유효),아침 노출 전용 또는 성향형,아침에 눈을 뜨면 가장 먼저 드는 기분은 주로 어떤가요?,(아침 노출) 오늘 아침 눈을 떴을 때 가장 먼저 든 기분은 무엇인가요?,B. 패턴 기반 수정 권장,0.3852433170918938,노출 시간 조정 + 재작성,,0.36116113756021556,0.5073641448562287,14.620300729601315
373,오늘 + 전제,시점 중립화,오래 간직하고 싶은 감정은 무엇인가요?,다시 느끼고 싶은 감정의 순간은 언제인가요?,B. 패턴 기반 수정 권장,0.2737562007511038,재작성,,0.26084932622754725,0.529057125428401,26.820779920085375
374,오늘 + 부정 감정 반추,시점 중립화,다시 느끼고 싶지 않은 감정은 무엇인가요?,불편한 감정이 찾아오면 나는 어떻게 하나요?,B. 패턴 기반 수정 권장,0.3264274413935317,재작성,,0.3159344269389561,0.5247246757590511,20.8790248820095
375,이번 주 + 긴 문장,중복 통합(#57),(통합) #57와 같은 의도라 비활성화 권장,나를 가장 크게 웃게 하는 것은 무엇인가요?,B. 패턴 기반 수정 권장,0.4122600783877836,중복 통합(비활성화),,0.4190140597014318,0.4190140597014318,0.0
376,오늘 + 전제 + 문장 김,시점 중립화 + 짧게 · 중복 해소(#74),감정을 말로 표현하는 게 쉬운 편인가요?,,B. 패턴 기반 수정 권장,0.2732881442695384,재작성,,0.2525592253603061,0.5268914068129201,27.4332181452614
377,오늘 + 전제 + 방전·충전 이중,시점 중립화 + 단순화,방전됐을 때 나를 다시 충전해주는 것은 무엇인가요?,나의 에너지 충전 방법은 무엇인가요?,B. 패턴 기반 수정 권장,0.2690306811235612,재작성,,0.25585422268613034,0.5138786790909895,25.802445640485917
384,자기 모순 인정 요구 + 전제,부담 완화,나도 가끔 이해 안 되는 내 습관은 무엇인가요?,나의 의외의 모습은 무엇인가요?,B. 패턴 기반 수정 권장,0.4359002819100049,재작성,,0.44467722125555675,0.518219220235039,7.354199897948222
396,폭발 경험 전제 + 부정적,성향형 전환,"참다가 폭발하는 편인가요, 그때그때 표현하는 편인가요?",화가 쌓일 때 나는 어떤 신호를 보내나요?,B. 패턴 기반 수정 권장,0.4197787922963168,재작성,,0.45112393086502856,0.5619377265829201,11.081379571789151
401,예/아니오 + 특정 행동 경험 전제,성향형 전환,"슬플 때 슬픈 노래를 듣는 편인가요, 신나는 노래를 듣는 편인가요?",감정을 쏟아내고 싶을 때 찾는 영화나 노래가 있나요?,B. 패턴 기반 수정 권장,0.3736664704267762,재작성,,0.3485936278949548,0.577533478962877,22.89398510679222
153,특정 인물 지목('누구인가요') + 전제,인물 → 특징,만나면 기운이 나는 사람은 어떤 사람인가요?,함께 있으면 에너지가 채워지는 사람의 공통점은 무엇인가요?,B. 패턴 기반 수정 권장,0.285735863481432,재작성,,0.28573586348143204,0.35349883576936875,6.776297228793671
155,최근 문자 전제 + 기억 탐색 부담,기간 제거 + 일반화,받으면 기분 좋아지는 메시지는 어떤 메시지인가요?,가장 기억에 남는 누군가의 메시지는 무엇인가요?,B. 패턴 기반 수정 권장,0.2918181691783433,재작성,,0.308465964635205,0.3914078589061716,8.29418942709666
158,특정 친구 전제,인물 → 특징,나를 잘 웃게 하는 사람은 어떤 유머를 가졌나요?,나는 어떤 유머에 가장 잘 웃나요?,B. 패턴 기반 수정 권장,0.2786947413274581,재작성,,0.27869474132745814,0.34756380757574207,6.886906624828393
159,요즘 + 새로 알게 된 사람 전제 (없는 경우 많음),성향형 전환,처음 만난 사람에게 호감을 느끼는 포인트는 무엇인가요?,첫인상에서 가장 먼저 보는 것은 무엇인가요?,B. 패턴 기반 수정 권장,0.197614574791238,재작성,,0.20325138457193515,0.34580659623320187,14.255521166126673
165,전제형,전제 제거,주변 사람들이 나에게 자주 부탁하는 것은 무엇인가요?,사람들이 나를 찾는 이유는 무엇일까요?,B. 패턴 기반 수정 권장,0.2956249001617995,재작성,,0.2839656026336093,0.3436331348384271,5.966753220481779
175,'나를 힘들게 하는 사람' 전제,성향형 전환,불편한 사람과 거리를 둘 때 나는 어떻게 하는 편인가요?,"관계에서 선을 긋는 게 쉬운 편인가요, 어려운 편인가요?",B. 패턴 기반 수정 권장,0.2923806818970113,재작성,,0.30072062488525003,0.339723768316762,3.9003143431511953
178,특정 인물 지목 + 전제,인물 → 영향,나를 성장하게 한 사람은 어떤 점이 달랐나요?,누군가에게 배운 것 중 가장 오래 남은 것은 무엇인가요?,B. 패턴 기반 수정 권장,0.2490166256485471,재작성,,0.25611964096254797,0.35151536271400075,9.539572175145278
183,두 질문 연결,하나로 축소,"다투고 나면 먼저 사과하는 편인가요, 기다리는 편인가요?","화해할 때 나는 말로 푸나요, 행동으로 푸나요?",B. 패턴 기반 수정 권장,0.2620042343613649,재작성,,0.2769511888802042,0.38849465623818014,11.154346735797594
185,소외 경험 전제 + 부정적,성향형 전환 + 강도 완화,여러 사람 사이에서 나는 어떤 자리에 있을 때 편한가요?,모임에서 나는 주로 어떤 역할을 맡나요?,B. 패턴 기반 수정 권장,0.2769511888802042,재작성,,0.2769511888802042,0.339723768316762,6.277257943655778
188,가해 경험 인정 요구 (방어적 회피),강도 완화,말이나 행동을 조심하게 되는 상황은 언제인가요?,누군가에게 사과하고 싶었던 적이 있나요? 떠오르는 게 없다면 사과를 잘하는 편인지 알려주세요.,B. 패턴 기반 수정 권장,0.3218936846143004,재작성,,0.3025512028416044,0.3495370017587798,4.698579891717536
190,'나만의 기준' 전제,전제 제거,관계를 정리하게 되는 순간은 언제인가요?,오래 가는 관계의 조건은 무엇이라고 생각하나요?,B. 패턴 기반 수정 권장,0.2911246440057494,재작성,,0.2875127289471035,0.35748089614724093,6.996816720013744
193,전제형,전제 제거,누군가를 보며 닮고 싶다고 느낀 태도는 무엇인가요?,주변 사람에게 배우고 싶은 점은 무엇인가요?,B. 패턴 기반 수정 권장,0.2458108148574784,재작성,,0.252822386786591,0.3455958341625809,9.277344737598986
506,특정 관계 전제 + 부정적,성향형 전환,"관계에서 내가 더 노력하는 편인가요, 받는 편인가요?",관계가 기울어졌다고 느낄 때 나는 어떻게 하나요?,B. 패턴 기반 수정 권장,0.2778114957662491,재작성,,0.28573586348143204,0.39263151894767484,10.68956554662428
508,멀어진 사람 전제,성향형 전환,사람과 멀어지는 가장 흔한 이유는 무엇이라고 생각하나요?,오랜만에 연락하고 싶은 사람이 있나요? 어떤 사이인가요?,B. 패턴 기반 수정 권장,0.2795390830798579,재작성,,0.2875127289471035,0.339723768316762,5.221103936965848
509,부모 관계 전제 + 인정 욕구 고백 부담,부담 완화,가족에게 인정받고 싶은 부분은 무엇인가요?,가족이 나에 대해 가장 몰라주는 부분은 무엇인가요?,B. 패턴 기반 수정 권장,0.2750335697104539,재작성,,0.27004469662532443,0.3554873655829014,8.544266895757696
512,경험 전제 + 추상,성향형 전환,상황에 따라 내가 달라지는 모습은 무엇인가요?,"사람은 잘 변한다고 생각하나요, 잘 안 변한다고 생각하나요?",B. 패턴 기반 수정 권장,0.2636536879198013,재작성,,0.27869474132745814,0.35151536271400075,7.28206213865426
513,외로움 관련 고백 요구 (무게 과다),성향형 전환 + 강도 완화,"혼자가 편한 편인가요, 함께가 편한 편인가요?",외로움을 느낄 때 나는 누구를 찾나요?,B. 패턴 기반 수정 권장,0.2959464204943834,재작성,,0.30438807354232955,0.40095110449962806,9.656303095729852
514,요즘 + 신경 쓰이는 사람 전제 + 이유 요구,인물 → 상황 (시점 없는 성향형 우선),신경 쓰이는 사람이 생기면 나는 어떻게 하나요?,요즘 마음을 가장 많이 쓰는 관계는 무엇인가요?,B. 패턴 기반 수정 권장,0.2437317383390499,재작성,,0.2221597447820734,0.3495370017587798,12.737725697670637
515,최근 + 특정 인물 지목,인물 → 대화 내용 (시점 없는 성향형 우선),대화가 즐거운 사람의 공통점은 무엇인가요?,최근 즐거웠던 대화 주제는 무엇인가요?,B. 패턴 기반 수정 권장,0.2865835659251005,재작성,,0.3029327349992966,0.42991916888290005,12.698643388360342
517,나와의 약속 전제,전제 제거,나 자신과 하고 싶은 약속은 무엇인가요?,스스로에게 가장 자주 하는 다짐은 무엇인가요?,B. 패턴 기반 수정 권장,0.2786947413274581,재작성,,0.27869474132745814,0.35748089614724093,7.878615481978279
518,오늘 + 예/아니오,시점 중립화 + 열린 질문 (시점 없는 성향형 우선),고마움을 표현하는 나만의 방식은 무엇인가요?,요즘 '고마워'라고 말하고 싶은 사람은 어떤 사람인가요?,B. 패턴 기반 수정 권장,0.1692836353420034,재작성,,0.16928363534200347,0.3143102097854094,14.502657444340594
522,'~있다면요?' 미완 문장 + 추상,완결 문장 + 구체화,사람들과 가까워질 때 가장 어려운 점은 무엇인가요?,"친해지는 데 오래 걸리는 편인가요, 금방 친해지는 편인가요?",B. 패턴 기반 수정 권장,0.2442181861632691,재작성,,0.2511843295352521,0.3455958341625809,9.441150462732878
524,특정 인물 + 참은 말 전제,인물 제거 + 성향형,"하고 싶은 말을 참는 편인가요, 하는 편인가요?",지금 누군가에게 하고 싶은 말이 있나요? 이름 없이 말만 적어도 좋아요.,B. 패턴 기반 수정 권장,0.2750335697104539,재작성,,0.27004469662532443,0.3988656458283556,12.882094920303116
525,오늘 + 예/아니오,시점 중립화 + 열린 질문 · 중복 해소(#413),"미안할 때 나는 말로 하나요, 행동으로 하나요?",,B. 패턴 기반 수정 권장,0.1901237165146006,재작성,,0.19554685509597367,0.3988656458283556,20.331879073238195
526,오늘 + 무거운 일 전제,시점 중립화 + 성향형,관계 때문에 마음이 무거울 때 나는 어떻게 하나요?,관계에서 가장 에너지가 많이 드는 순간은 언제인가요?,B. 패턴 기반 수정 권장,0.2161386765481914,재작성,,0.19994480738560455,0.3455958341625809,14.565102677697633
529,예/아니오 + 경험 전제,성향형 전환,다른 사람의 감정을 잘 알아채는 편인가요?,상대의 기분을 알아채는 나만의 신호는 무엇인가요?,B. 패턴 기반 수정 권장,0.2391776549046919,재작성,,0.252822386786591,0.3554873655829014,10.266497879631038
530,오늘 + 전제 + 용기 행동 요구,시점 중립화 + 성향형,"새로운 사람에게 먼저 다가가는 편인가요, 기다리는 편인가요?",먼저 다가가고 싶은데 망설여지는 순간은 언제인가요?,B. 패턴 기반 수정 권장,0.1465884052528998,재작성,,0.14658840525289982,0.3843737964517203,23.77853911988205
531,오늘 + 예/아니오,시점 중립화 + 열린 질문,내가 사람들을 웃게 만드는 방식은 무엇인가요?,"나는 웃기는 쪽인가요, 웃는 쪽인가요?",B. 패턴 기반 수정 권장,0.2205908291808036,재작성,,0.22688301964687635,0.39555567653137635,16.86726568845
532,전제형 (대부분 답 가능),경미 수정,가장 가까운 사람에게 꼭 전하고 싶은 말은 무엇인가요?,가까운 사람에게 평소 못한 말은 무엇인가요?,B. 패턴 기반 수정 권장,0.2752143824199494,경미 수정,,0.2752143824199494,0.34167576223980467,6.646137981985528
533,이번 주 + 예/아니오,기간 제거 + 열린 질문,존재만으로도 감사한 사람은 어떤 사람인가요?,요즘 고마운 사람에게 전하고 싶은 한마디는 무엇인가요?,B. 패턴 기반 수정 권장,0.2246732865899802,재작성,,0.2246732865899802,0.35349883576936875,12.882554917938855
538,다시 잡고 싶은 인연 전제 + 미련 고백 부담,성향형 전환,지나간 인연을 자주 떠올리는 편인가요?,다시 연락이 닿는다면 반가울 사람은 어떤 사이인가요?,B. 패턴 기반 수정 권장,0.2928826450673301,재작성,,0.29288264506733014,0.3594793707944021,6.659672572707198
540,상처 경험 전제 + 예/아니오,성향형 + 회복 관점,상처를 겪고 나서 오히려 강해진 부분은 무엇인가요?,힘든 관계에서 배운 것은 무엇인가요?,B. 패턴 기반 수정 권장,0.293725030861692,재작성,,0.27357905904708235,0.3742567024978793,10.067764345079693
541,'그때'가 무엇인지 모호 + 전제,맥락 보완,그때 하지 못해서 아쉬운 말은 무엇인가요?,지금이라면 다르게 말할 것 같은 순간은 언제인가요?,B. 패턴 기반 수정 권장,0.2989805893635963,재작성,,0.2875127289471035,0.3554873655829014,6.797463663579789
543,'덕질' 경험 전제 + 특정 인물 지목,인물 → 성향,좋아하는 사람이 생기면 푹 빠지는 편인가요?,내가 반하는 사람의 매력 포인트는 무엇인가요?,B. 패턴 기반 수정 권장,0.2847600742824425,재작성,,0.29288264506733014,0.35349883576936875,6.061619070203861
545,예/아니오 + 전제,열린 질문 · 중복 해소(#532),고마운 사람에게 해주고 싶은 작은 선물은 무엇인가요?,고맙다는 말을 쉽게 하는 편인가요?,B. 패턴 기반 수정 권장,0.2150539330300749,재작성,,0.21505393303007492,0.30502219857662577,8.996826554655085
697,연애·SNS 이중 전제,대상 일반화,"좋은 일이 생기면 주변에 알리는 편인가요, 조용히 간직하는 편인가요?","연애를 하면 주변에 공개하는 편인가요, 비밀로 하는 편인가요?",B. 패턴 기반 수정 권장,0.3328562194655279,재작성,,0.3328562194655279,0.4191879012209858,8.63316817554579
706,문구 오류: '인성 좋지만 인성은 아쉬운',오류 수정 + 대상 일반화,인성은 아쉽지만 능력 좋은 동료와 인성은 좋지만 능력은 아쉬운 동료 중 누구와 함께하고 싶나요?,능력과 인성 중 함께할 사람에게 더 중요한 것은 무엇인가요?,B. 패턴 기반 수정 권장,0.2421367235792805,오류 수정,특정 활동 전제,0.2490434947684983,0.24742181367528893,-0.16216810932093706
102,'꼭 지키는 습관' 전제,전제 제거,자기 전에 주로 무엇을 하나요?,잠들기 전 가장 좋아하는 시간은 언제인가요?,B. 패턴 기반 수정 권장,0.3849387924596201,재작성,,0.3849387924596201,0.47835690072999865,9.341810827037856
106,습관 전제 (대부분 있음),경미 수정,식사 후에 주로 무엇을 하나요?,밥 먹고 나서 꼭 하고 싶은 것은 무엇인가요?,B. 패턴 기반 수정 권장,0.4039988063722199,경미 수정,,0.38699831255187656,0.47835690072999865,9.13585881781221
113,전제형,경미 수정,스트레스가 쌓이면 나도 모르게 하는 행동은 무엇인가요?,스트레스를 푸는 나만의 방법은 무엇인가요?,B. 패턴 기반 수정 권장,0.3900681865550431,경미 수정,,0.372670332094071,0.45026558021004065,7.759524811596963
115,'나만의 방법' 전제,전제 제거 + 선택지,"미루고 싶을 때 나를 움직이게 하는 건 마감인가요, 의지인가요?","미루는 편인가요, 바로 하는 편인가요?",B. 패턴 기반 수정 권장,0.3725334573510895,재작성,,0.3686161431446635,0.4919589451132121,12.334280196854857
118,'나만의 도구' 전제,성향형 전환,"일정을 머릿속으로 기억하는 편인가요, 적어두는 편인가요?",하루 일정을 정리할 때 가장 자주 쓰는 방법은 무엇인가요?,B. 패턴 기반 수정 권장,0.3849387924596201,재작성,,0.3849387924596201,0.5052261429576516,12.028735049803146
123,전제형 (관측 4회 중 3회 양호),경미 수정,건강을 위해 챙기고 있는 것은 무엇인가요? 작은 것도 좋아요.,건강을 위해 시작하고 싶은 습관은 무엇인가요?,B. 패턴 기반 수정 권장,0.4260263210452436,경미 수정,,0.3890618814708896,0.4416771823815604,5.26153009106708
124,'준비' 전제,성향형 전환,"약속 시간에 딱 맞춰 가는 편인가요, 일찍 가는 편인가요?",늦지 않으려고 나는 무엇을 하나요?,B. 패턴 기반 수정 권장,0.3752023318075383,재작성,,0.37878517857412997,0.49847582420010045,11.969064562597048
125,가계부·돈 관리 전제,성향형 전환,"돈을 계획적으로 쓰는 편인가요, 그때그때 쓰는 편인가요?",돈 관리에서 가장 신경 쓰는 부분은 무엇인가요?,B. 패턴 기반 수정 권장,0.3622193102694538,재작성,,0.3828833868239403,0.5006483416836266,11.77649548596863
126,업무·공부 + 행동 전제,대상 일반화,무언가를 시작하기 전 마음을 가다듬는 방법은 무엇인가요?,집중 모드로 들어가는 나만의 신호는 무엇인가요?,B. 패턴 기반 수정 권장,0.3302305495639425,재작성,,0.3111258707060272,0.44811549547909635,13.698962477306914
128,여행 + 규칙 전제,성향형 전환,"짐을 쌀 때 꼼꼼하게 챙기는 편인가요, 최소한만 챙기는 편인가요?",어디 갈 때 꼭 챙기는 물건은 무엇인가요?,B. 패턴 기반 수정 권장,0.3122370748512705,재작성,,0.3300497387124984,0.489787149860935,15.973741114843666
132,징크스 전제,출구 제공,중요한 일을 앞두고 하는 나만의 준비는 무엇인가요? 징크스도 좋아요.,중요한 날 긴장을 푸는 방법은 무엇인가요?,B. 패턴 기반 수정 권장,0.3525574503734576,재작성,,0.372670332094071,0.43312353350610905,6.045320141203803
133,계절 인테리어 행동 전제,성향형 전환,계절이 바뀌면 가장 먼저 느끼는 변화는 무엇인가요?,계절이 바뀔 때 새로 하고 싶어지는 것은 무엇인가요?,B. 패턴 기반 수정 권장,0.3722648081399079,재작성,,0.3828833868239403,0.4545712486584422,7.168786183450187
135,'나만의 루틴' 전제,중복 통합(#71),(통합) #71와 같은 의도라 비활성화 권장,화가 날 때 나는 주로 어떻게 마음을 가라앉히나요?,B. 패턴 기반 수정 권장,0.3828833868239403,중복 통합(비활성화),,0.3828833868239403,0.3828833868239403,0.0
136,일기·기록 습관 전제 (나답 사용자 특성상 일부 해당),성향형 전환,"기록하는 편인가요, 기억에 맡기는 편인가요?",기록으로 남기고 싶은 순간은 주로 어떤 때인가요?,B. 패턴 기반 수정 권장,0.3747042012709851,재작성,,0.3747042012709851,0.5204226226310542,14.571842136006913
140,준비 전제,성향형 전환,중요한 약속 전날 나는 주로 무엇을 하나요?,중요한 날 전날 잠을 잘 자는 편인가요?,B. 패턴 기반 수정 권장,0.3762656138403771,재작성,,0.38699831255187656,0.4632023620005504,7.620404944867387
148,전제형,전제 제거,예전보다 나아진 나의 습관은 무엇인가요? 작은 것도 좋아요.,갖고 싶은 습관 하나를 고른다면 무엇인가요?,B. 패턴 기반 수정 권장,0.3469408574111434,재작성,,0.34810529113108385,0.4438212183340813,9.571592720299742
150,오늘 기반 (저녁엔 유효),시점 이동,요즘 나의 일상에 제목을 붙인다면 무엇일까요?,(저녁 노출) 오늘 하루를 기록한다면 어떤 제목을 붙이고 싶나요?,B. 패턴 기반 수정 권장,0.236645953310604,재작성,,0.2501462553565718,0.3488486387363564,9.87023833797846
417,최근 + 전제 + 조건 겹침,단순화,루틴으로 만들고 싶은 일은 무엇인가요?,작심삼일로 끝나지 않았으면 하는 일은 무엇인가요?,B. 패턴 기반 수정 권장,0.3246658422796742,재작성,,0.29539987957503655,0.46969048557645643,17.429060600141987
423,오늘 + '주범' 은유,시점 중립화,요즘 나를 정신없이 바쁘게 하는 것은 무엇인가요?,바쁠 때 가장 먼저 포기하는 것은 무엇인가요?,B. 패턴 기반 수정 권장,0.2784786228003809,재작성,,0.27378455249950195,0.3730493765791263,9.926482407962434
425,오늘 + 무의식 행동 자각 어려움,시점 중립화 + 구체화,아무 생각 없이 반복하는 나의 습관은 무엇인가요?,하루에 가장 자주 여는 앱은 무엇인가요?,B. 패턴 기반 수정 권장,0.2595251136178007,재작성,,0.2669278757891778,0.45672667422070634,18.97987984315285
426,오늘 기반,시점 중립화,요즘 나의 에너지를 가장 많이 쓰게 하는 일은 무엇인가요?,에너지를 아끼고 싶은 일과 아낌없이 쓰고 싶은 일은 무엇인가요?,B. 패턴 기반 수정 권장,0.261181753697753,재작성,,0.26863177030375684,0.3629443608831618,9.431259057940494
427,오늘 기반,시점 중립화,하루 중 몸이 가장 바쁜 시간은 언제인가요?,"나는 아침형 인간인가요, 저녁형 인간인가요?",B. 패턴 기반 수정 권장,0.2774405001249533,재작성,,0.2774405001249533,0.4632023620005504,18.576186187559713
429,요즘 + '스며든' 은유 (관측 1/1),경미 수정,요즘 기분 좋게 자리 잡은 나의 루틴은 무엇인가요?,요즘 일상에서 가장 좋아하는 순간은 언제인가요?,C. 유지·모니터링,0.3806119475762852,경미 수정,,0.3629443608831618,0.3710191600466269,0.8074799163465096
430,오늘 + 과한 행동 인정 요구,시점 중립화 + 성향형,나도 모르게 과하게 하는 것은 무엇인가요?,적당히가 가장 어려운 것은 무엇인가요?,B. 패턴 기반 수정 권장,0.2697461893188572,재작성,,0.2774405001249533,0.46536379518106924,18.792329505611594
431,오늘 + 행동 자각 어려움,시점 중립화,하루 중 가장 많이 반복하는 행동은 무엇인가요?,하루에 가장 많이 하는 생각은 무엇인가요?,B. 패턴 기반 수정 권장,0.2905782614054408,재작성,,0.27034253031640854,0.458883721474318,18.854119115790947
432,오늘 + 하루 전체를 평가해야 함,성향형 전환,"나는 계획적으로 사는 편인가요, 즉흥적으로 사는 편인가요?",계획이 틀어지면 나는 어떻게 반응하나요?,B. 패턴 기반 수정 권장,0.2635407733675751,재작성,,0.26354077336757514,0.49847582420010045,23.49350508325253
433,오늘 + 루틴 + 칭찬 이중,시점 중립화 + 단순화,내 루틴 중에서 스스로 칭찬해주고 싶은 것은 무엇인가요?,꾸준히 해서 뿌듯한 일은 무엇인가요?,B. 패턴 기반 수정 권장,0.2551121394173665,재작성,,0.233864763395176,0.40500878516265315,17.114402176747713
435,오늘 + '정리한 생활이나 마음' 모호,시점 중립화 + 구체화,요즘 정리하고 싶은 것은 무엇인가요? 물건도 마음도 좋아요.,정리하고 나면 가장 개운한 것은 무엇인가요?,B. 패턴 기반 수정 권장,0.2622904631401134,재작성,,0.2772537465879426,0.3609374780068145,8.368373141887192
437,'손이 안 가서 붙잡고 있던' 의미 모호 + 전제,문장 명확화,끝내지 못하고 붙잡고 있는 일은 무엇인가요?,시작은 했는데 마무리가 어려운 일은 무엇인가요?,B. 패턴 기반 수정 권장,0.3831035763072667,재작성,,0.38310357630726677,0.4632023620005504,8.009878569328366
438,운동 경험 전제,대상 확장,몸을 움직이고 싶어지는 계기는 무엇인가요?,운동을 시작하고 싶게 만드는 것은 무엇인가요? 하고 있다면 시작한 계기를 알려주세요.,B. 패턴 기반 수정 권장,0.3358396415068045,재작성,,0.3358396415068045,0.46536379518106924,12.952415367426473
440,운동 전제,대상 확장,몸을 움직이면 나에게 어떤 변화가 생기나요?,산책·운동·스트레칭 중 나에게 가장 잘 맞는 것은 무엇인가요?,B. 패턴 기반 수정 권장,0.3961482571500216,재작성,,0.39614825715002167,0.4942501838398835,9.810192668986184
442,공부·작업 + 전제 (관측 2/2 양호),중복 통합(#126),(통합) #126와 같은 의도라 비활성화 권장,무언가에 집중하기 전에 주로 하는 행동은 무엇인가요?,B. 패턴 기반 수정 권장,0.3571856350022446,중복 통합(비활성화),,0.3205140250906805,0.3205140250906805,0.0
443,전제형 (대부분 답 가능),경미 수정,집중이 가장 잘 되는 시간대는 언제인가요?,나의 황금 시간대는 언제인가요?,B. 패턴 기반 수정 권장,0.394227259527842,경미 수정,,0.39943812232661374,0.46536379518106924,6.59256728544555
444,공부 전제,대상 확장 · 중복 해소(#112),카페와 집 중 어디서 더 집중이 잘 되나요?,,E. 미노출(데이터 없음),0.4548650116016187,재작성,,0.45486501160161874,0.510226005709622,5.536099410800322
445,공부 전제 + 두 질문 연결,대상 확장 + 하나로,"집중할 때 음악을 듣는 편인가요, 조용한 게 좋은가요?",집중할 때 듣는 음악은 어떤 분위기인가요?,B. 패턴 기반 수정 권장,0.4482788619784965,재작성,특정 활동 전제,0.43254142403748275,0.43895126453024963,0.6409840492766883
448,공부 전제,대상 확장,무언가 하다 막히면 나는 어떻게 하나요?,"막힐 때 혼자 파고드는 편인가요, 도움을 요청하는 편인가요?",B. 패턴 기반 수정 권장,0.4150009610093401,재작성,,0.4150009610093401,0.46752652989224336,5.252556888290327
451,번아웃 경험 전제 + 무게,성향형 전환,지쳤다는 걸 알려주는 나만의 신호는 무엇인가요?,완전히 지쳤을 때 나를 회복시키는 것은 무엇인가요?,B. 패턴 기반 수정 권장,0.3973553132155454,재작성,,0.3973553132155454,0.458883721474318,6.152840825877259
452,공부 전제 (관측 4회 중 3회 양호),대상 확장,무언가 하다가 잠깐 쉴 때 주로 무엇을 하나요?,,B. 패턴 기반 수정 권장,0.4417572954165654,재작성,,0.40658771354012846,0.458883721474318,5.229600793418953
456,공부·작업 + 전제 (관측 2/2),대상 확장,무언가에 집중할 때 옆에 꼭 있어야 하는 것은 무엇인가요?,,B. 패턴 기반 수정 권장,0.3536160040007887,재작성,,0.3167407519139069,0.44596734872698574,12.922659681307886
457,두 질문 연결 + 기준 전제,하나로 축소,"물건을 잘 버리는 편인가요, 모아두는 편인가요?",버릴지 말지 고민될 때 나의 기준은 무엇인가요?,B. 패턴 기반 수정 권장,0.376742504330629,재작성,,0.37674250433062906,0.5115089216842121,13.476641735358308
458,두 질문 연결 (관측 3회 중 2회),하나로 축소,"물건의 자리를 정해두는 편인가요, 그때그때 두는 편인가요?",,B. 패턴 기반 수정 권장,0.3865407966876329,재작성,,0.36256964609726494,0.49847582420010045,13.59061781028355
462,전제형,경미 수정,지금 당장 버리고 싶은 것은 무엇인가요? 물건도 습관도 좋아요.,,B. 패턴 기반 수정 권장,0.393200900454251,경미 수정,,0.393200900454251,0.4395353186402687,4.633441818601769
464,운동 전제 (관측 4회 중 3회 양호),대상 확장,몸을 움직일 때 꼭 듣는 음악은 무엇인가요?,기운 내고 싶을 때 듣는 노래는 무엇인가요?,B. 패턴 기반 수정 권장,0.3782546837528337,재작성,특정 활동 전제,0.3358396415068045,0.4003132666730734,6.447362516626887
465,운동 루틴 전제,대상 확장 · 중복 해소(#126),운동 전에 꼭 하는 것은 무엇인가요? 운동을 안 한다면 해보고 싶은 운동을 알려주세요.,,B. 패턴 기반 수정 권장,0.3177144987062917,재작성,특정 활동 전제,0.3358396415068045,0.32408766378546233,-1.1751977721342177
466,운동 루틴 전제,대상 확장 · 중복 해소(#111),운동 후에 꼭 하는 것은 무엇인가요? 운동을 안 한다면 나만의 휴식법을 알려주세요.,,B. 패턴 기반 수정 권장,0.3377807349925896,재작성,특정 활동 전제,0.33778073499258965,0.3279064560289178,-0.9874278963671823
467,운동 전제 (양자택일로는 무난),대상 확장,"몸을 움직일 때 혼자가 좋나요, 함께가 좋나요?",,B. 패턴 기반 수정 권장,0.3975785572415192,재작성,,0.40307619991597227,0.5115089216842121,10.843272176823987
468,운동 경험 전제 + 자기 발견 요구,대상 확장,무언가를 꾸준히 하면서 알게 된 나의 모습은 무엇인가요?,운동이나 취미를 하면서 발견한 의외의 나는 어떤 모습인가요?,B. 패턴 기반 수정 권장,0.2905383224105857,재작성,,0.2905383224105857,0.44811549547909635,15.757717306851065
469,운동 전제,대상 확장 · 중복 해소(#127),"귀찮은 날 나는 쉬는 편인가요, 그래도 하는 편인가요?",,B. 패턴 기반 수정 권장,0.4156025640134295,재작성,,0.41078781496835093,0.5028208346868758,9.203301971852484
470,운동 목표 전제,대상 확장,몸과 관련해 이루고 싶은 목표는 무엇인가요?,건강을 위해 올해 해보고 싶은 것은 무엇인가요?,B. 패턴 기반 수정 권장,0.3379282335878941,재작성,,0.34756738684505756,0.4632023620005504,11.563497515549287
472,운동 성취 경험 전제,대상 확장,몸으로 해내서 뿌듯했던 순간은 언제인가요?,성취감을 느끼는 순간은 주로 언제인가요?,B. 패턴 기반 수정 권장,0.337406762557797,재작성,,0.3281310585561299,0.4218661921887827,9.373513363265278
473,문장 매우 김 + 두 선택지가 비대칭,짧은 양자택일로,"물건을 살 때 가격이 먼저인가요, 마음에 드는 게 먼저인가요?",물건을 고를 때 절대 포기 못 하는 기준은 무엇인가요?,B. 패턴 기반 수정 권장,0.3671886068126097,재작성,,0.3310876516657184,0.4941310439040039,16.304339223828553
476,전제형,전제 제거,바꾸고 싶은 나의 소비 습관은 무엇인가요?,가장 돈을 아끼지 않는 분야는 무엇인가요?,B. 패턴 기반 수정 권장,0.3802821651513204,재작성,,0.3911294330221955,0.46536379518106924,7.423436215887374
478,돈 고민 경험 전제 + 민감 주제,성향형 전환 · 중복 해소(#405),돈 걱정을 덜어주는 나만의 습관은 무엇인가요?,"돈에 대한 나의 태도는 아끼는 쪽인가요, 쓰는 쪽인가요?",B. 패턴 기반 수정 권장,0.3890618814708896,재작성,,0.3890618814708896,0.49207807077169863,10.301618930080902
481,구독 서비스 전제 + 목록 나열 요구,최애형 전환,가장 잘 쓰고 있는 구독 서비스나 앱은 무엇인가요?,없으면 안 되는 앱 하나를 고른다면?,B. 패턴 기반 수정 권장,0.3422959416709986,재작성,,0.3520596805750865,0.4545712486584422,10.251156808335566
483,꿈 기록 경험 전제,성향형 전환,꿈을 자주 기억하는 편인가요?,기억에 남는 꿈 이야기를 들려주세요.,B. 패턴 기반 수정 권장,0.3759101920789796,재작성,,0.3973553132155454,0.4850982962659124,8.774298305036698
485,밤 + 무거운 생각 경험 전제,성향형 전환,밤이 되면 생각이 많아지는 편인가요?,잠 못 드는 밤에 주로 떠오르는 생각은 무엇인가요?,B. 패턴 기반 수정 권장,0.3643124575146464,재작성,,0.3747042012709851,0.4718555814928559,9.71513802218708
489,'자동 반응' 자각 어려움 + 전제,구체화,당황하면 나도 모르게 나오는 말이나 행동은 무엇인가요?,내 입버릇은 무엇인가요?,B. 패턴 기반 수정 권장,0.3603619018190441,재작성,,0.370640958892188,0.45026558021004065,7.962462131785264
490,전제형 (관측 3회 중 2회),경미 수정,겉으로는 '응' 하지만 속으로는 '싫어' 하는 것은 무엇인가요?,,B. 패턴 기반 수정 권장,0.360573441637536,경미 수정,,0.3343801921800194,0.40500829953734047,7.062810735732105
491,오늘 + 예/아니오,성향형 + 열린 질문,충분히 쉬었다고 느끼려면 무엇이 필요한가요?,나에게 가장 좋은 휴식은 무엇인가요?,B. 패턴 기반 수정 권장,0.3198511709718583,재작성,,0.3004504280061856,0.4632023620005504,16.275193399436482
492,오늘 + 노력 전제 + 추상('일과 삶의 균형'),시점 중립화 + 구체화,일과 쉼의 균형을 위해 지키고 싶은 것은 무엇인가요?,퇴근·하교 후 나만의 시간을 어떻게 보내나요?,B. 패턴 기반 수정 권장,0.2176684926137148,재작성,,0.21766849261371485,0.4524175242514824,23.474903163776755
214,첫눈에 반한 경험 전제,성향형 전환,"첫눈에 반하는 편인가요, 천천히 스며드는 편인가요?",첫눈에 반한다는 게 가능하다고 생각하나요?,B. 패턴 기반 수정 권장,0.4284212944169492,재작성,,0.4528620963687236,0.5615259185507121,10.86638221819885
219,연인 존재 전제 (싱글은 답 불가),대상 확장,좋아하는 사람의 습관 중 귀엽게 느껴지는 것은 무엇인가요? 연인·가족·친구 누구든 좋아요.,사랑스럽게 느껴지는 사소한 습관은 무엇인가요?,B. 패턴 기반 수정 권장,0.4062796683278784,재작성,,0.4356995441952806,0.49880618278035327,6.310663858507265
228,연인 존재 전제,대상 확장,사랑하는 사람과 꼭 나눠보고 싶은 대화 주제는 무엇인가요?,깊은 대화를 나누고 싶은 주제는 무엇인가요?,B. 패턴 기반 수정 권장,0.4290931455310051,재작성,,0.42504801423224814,0.5004289270719979,7.538091283974979
231,'독특한 연애관' 전제,전제 제거,나의 연애관을 한 문장으로 표현하면?,연애에서 절대 양보 못 하는 것은 무엇인가요?,B. 패턴 기반 수정 권장,0.3942508245673028,재작성,,0.4054965381302652,0.5264744152568596,12.097787712659436
245,연애 경험 전제,성향형 전환,사랑을 하면 나는 어떻게 달라지나요?,좋아하는 사람이 생기면 가장 먼저 변하는 것은 무엇인가요?,B. 패턴 기반 수정 권장,0.4356995441952806,재작성,,0.4356995441952806,0.5264744152568596,9.077487106157895
247,하지 못한 말 전제 + 미련 부담,강도 완화,사랑하는 사람에게 더 자주 하고 싶은 말은 무엇인가요?,마음을 말로 표현하는 게 쉬운 편인가요?,B. 패턴 기반 수정 권장,0.4194662702417011,재작성,,0.43143123576749187,0.5047738272482979,7.334259148080601
566,경험 전제,성향형 전환,"처음엔 별로였다가 좋아지는 편인가요, 첫인상이 오래가는 편인가요?",시간이 지날수록 더 좋아지는 사람의 특징은 무엇인가요?,B. 패턴 기반 수정 권장,0.376435163801293,재작성,,0.376435163801293,0.5488804986237228,17.24453348224298
567,이번 주 + '몽글몽글' 경험 전제,기간 제거,마음이 몽글몽글해지는 순간은 언제인가요?,설렘을 느끼는 순간은 주로 언제인가요?,C. 유지·모니터링,0.4536605972403177,재작성,,0.47689766966130875,0.5221396663642305,4.524199670292173
1,요즘 (관측 6회 중 2회),최애형 전환,가장 좋아하는 색깔은 무엇인가요?,요즘 자꾸 눈이 가는 색깔은 무엇인가요?,C. 유지·모니터링,0.4015863250502647,재작성,,0.4132675220979502,0.5009614548047716,8.76939327068214
11,최근 + 새 시도 전제,기간 제거 + 희망형,새로 시도해서 재밌었던 일은 무엇인가요?,요즘 새로 해보고 싶은 일은 무엇인가요?,A. 교체·재작성 우선,0.3846290935248655,재작성,,0.3999898753285161,0.49684939865935546,9.685952333083936
17,여행 전제,대상 확장,새로운 곳에 가면 꼭 해보는 것은 무엇인가요?,"여행 가면 맛집파인가요, 관광지파인가요?",B. 패턴 기반 수정 권장,0.4019188545393709,재작성,,0.4307167854454558,0.4857576518655106,5.504086642005484
18,독서 전제 (관측 9회 중 4회),대상 확장,책·영화·드라마를 고를 때 가장 먼저 보는 것은 무엇인가요?,,B. 패턴 기반 수정 권장,0.4250701270769823,재작성,특정 활동 전제,0.42009638424592105,0.4053533107286375,-1.4743073517283545
21,'혼자 발견한 풍경' 전제,출구 제공,좋아하는 풍경은 어떤 풍경인가요?,나만 알고 싶은 장소가 있나요? 없다면 가보고 싶은 풍경을 알려주세요.,B. 패턴 기반 수정 권장,0.3826452343234901,재작성,,0.404474579670617,0.5009614548047716,9.64868751341546
25,맛집 전제 (관측 7회 중 2회),최애형 전환,자주 가는 단골 가게는 어디인가요?,가장 좋아하는 음식점은 어떤 곳인가요?,B. 패턴 기반 수정 권장,0.3987547304592067,재작성,,0.42132549679351977,0.498788935790089,7.746343899656921
31,전제형 (관측 6회 중 3회),경미 수정,좋아하는 목소리나 말투는 어떤 느낌인가요?,,B. 패턴 기반 수정 권장,0.4292094166551011,경미 수정,,0.417093922046427,0.4901001371322537,7.3006215085826724
32,오래된 물건 전제,경미 수정,오래 간직하고 있는 물건은 무엇인가요?,"버리지 못하는 물건이 있다면, 왜 버리지 못하나요?",B. 패턴 기반 수정 권장,0.4007965176266355,경미 수정,,0.40656953013034164,0.49444411696675605,8.787458683641441
40,전제형 (관측 8회 중 5회 양호),유지,(유지) 수집하고 싶은 물건이 있다면 무엇인가요?,,B. 패턴 기반 수정 권장,0.4247710077207905,유지,경험 전제형(~있다면/~적 있),0.37907993485327984,0.37907993485327984,0.0
301,최근 구매 전제,기간 제거,꼭 필요하진 않지만 사고 싶은 물건은 무엇인가요?,충동구매하기 쉬운 물건은 무엇인가요?,B. 패턴 기반 수정 권장,0.399545323913085,재작성,,0.3937496865434946,0.48141731584320374,8.766762929970911
309,전제형 (관측 6회 중 5회 양호),유지,"(유지) 언젠가 살아보고 싶은 곳이 있다면, 어디인가요?",,B. 패턴 기반 수정 권장,0.4330598034540123,유지,경험 전제형(~있다면/~적 있),0.36455476275360493,0.36455476275360493,0.0
320,전제형,경미 수정,힘들 때 찾게 되는 곳은 어디인가요?,마음이 편해지는 장소는 어디인가요?,B. 패턴 기반 수정 권장,0.4186008671211627,경미 수정,,0.4497780084620572,0.527702233450185,7.792422498812779
327,전제형 (관측 8회 중 5회 양호),유지,(유지) 유독 마음이 끌리는 외국어가 있다면 무엇인가요?,,B. 패턴 기반 수정 권장,0.418137876140641,유지,경험 전제형(~있다면/~적 있),0.3709331618422942,0.3709331618422942,0.0
328,수집 습관 전제,출구 제공,모으고 있는 물건이 있나요? 없다면 자꾸 사게 되는 물건을 알려주세요.,"수집하는 게 있다면 무엇이고, 없다면 모아보고 싶은 것은 무엇인가요?",A. 교체·재작성 우선,0.364026544040856,재작성,경험 전제형(~있다면/~적 있),0.3770366358195133,0.3178838319541627,-5.91528038653506
334,이번 주 (관측 7회 중 3회),기간 확장,요즘 가장 꽂혀 있는 키워드는 무엇인가요?,,B. 패턴 기반 수정 권장,0.408229842181616,재작성,,0.4041682410944147,0.4048650955317959,0.06968544373812113
336,오늘 + 복잡한 마음 전제,시점 중립화,복잡한 마음을 잠시 쉬게 해주는 것은 무엇인가요?,머리를 비우고 싶을 때 하는 일은 무엇인가요?,B. 패턴 기반 수정 권장,0.2805523163737412,재작성,,0.28855486397228425,0.48141731584320374,19.28624518709195
661,여행 전제 (양자택일로는 무난),경미 수정,여러 곳을 돌아보는 여행과 한 곳에 머무는 여행 중 뭐가 더 끌리나요?,,B. 패턴 기반 수정 권장,0.4421402605421446,경미 수정,특정 활동 전제,0.46076208392170503,0.46508320835721495,0.43211244355099154
662,여행 전제 (양자택일로는 무난),유지,(유지) 전액 지원 세계 여행과 현금 4천만 원 중 뭐가 더 마음이 가나요?,,B. 패턴 기반 수정 권장,0.438835828194405,유지,특정 활동 전제,0.4694095804816246,0.4694095804816246,0.0
668,특정 활동 오탐 (관측 8회 중 4회),유지,(유지) 전기·인터넷 같은 기술을 포기하는 것과 영화·TV·책 같은 오락을 포기하는 것 중 뭐가 덜 아쉬운가요?,,B. 패턴 기반 수정 권장,0.4189825542195094,유지,특정 활동 전제,0.40049485183156536,0.40049485183156536,0.0
549,오탈자: '바꾸 수 있다면',오류 수정,"내가 자란 환경에서 바꿀 수 있다면, 무엇을 바꾸고 싶나요?",,C. 유지·모니터링,0.3465684610553774,오류 수정,,0.327929809054987,0.32411087599711547,-0.38189330578715097
3,'있다면' 전제 (노래를 골라둔 사람만 답할 수 있음),전제 제거,비 오는 날 듣고 싶어지는 노래는 무엇인가요?,비 오는 날 떠오르는 노래나 분위기는 어떤 건가요?,B. 패턴 기반 수정 권장,0.4474002604309379,재작성,,0.4128745241902541,0.4857576518655106,7.288312767525651
874,#871과 완전히 같은 문구 (중복 노출),중복 제거 → 부족한 형식으로 교체,조금씩 나아지는 삶과 크게 도약하는 삶 중 뭐가 더 나다운가요?,(비활성화) 새 질문 없이 중복만 제거,C. 유지·모니터링,0.489775517218401,재작성,,0.4891922255800514,0.4978806448270158,0.8688419246964396
875,#872와 완전히 같은 문구 (중복 노출),중복 제거 → 부족한 형식으로 교체,혼자 정하는 것과 함께 정하는 것 중 뭐가 더 마음 편한가요?,(비활성화) 새 질문 없이 중복만 제거,C. 유지·모니터링,0.4756253634029591,재작성,,0.4891922255800514,0.5000531547021289,1.0860929122077478
5,오탈자: '바뀌 때' + '있다면' 전제,오류 수정 + 전제 제거,계절이 바뀔 때 떠오르는 냄새는 무엇인가요?,"계절이 바뀔 때 기억나는 냄새가 있다면, 어떤 냄새인가요?",비활성,0.4131004155840852,오류 수정,,0.4131004155840852,0.4879286667348446,7.482825115075936
163,오탈자: '사귀 때',오류 수정,친구를 사귈 때 가장 중요하게 보는 점은 무엇인가요?,,C. 유지·모니터링,0.3677068986199598,오류 수정,,0.3781954663015714,0.3436331348384271,-3.45623314631443
289,오탈자: '옮고 그름',오류 수정,내가 가장 중요하게 생각하는 옳고 그름의 기준은 무엇인가요?,,C. 유지·모니터링,0.4498124533909258,오류 수정,,0.4754735893616088,0.4754735893616088,0.0
8,'요즘' 시점 (관측 11회 중 5회로 평균 수준),유지,(유지) 요즘 자주 보는 영상의 주제는 무엇인가요?,자주 보는 영상의 주제는 무엇인가요?,C. 유지·모니터링,0.4518022445998796,유지,,0.4509415161877743,0.4509415161877743,0.0
20,'있다면' 전제이지만 대부분 답 가능 (관측 7회 중 5회),유지,"(유지) 좋아하는 향이 있다면, 어떤 향인가요?",가장 좋아하는 향은 어떤 향인가요?,C. 유지·모니터링,0.4789443880885936,유지,경험 전제형(~있다면/~적 있),0.43195382560108,0.43195382560108,0.0
30,"'영화' 활동 전제 오탐, 최애형 (관측 8회 중 4회)",유지,(유지) 가장 좋아하는 영화 장르는 무엇인가요?,,C. 유지·모니터링,0.4815789378295725,유지,특정 활동 전제,0.47737536029394645,0.47737536029394645,0.0
35,'누구' 지목이지만 최애형이고 관측 양호 (8회 중 6회),유지,(유지) 가장 좋아하는 작가나 아티스트는 누구인가요?,,D. 우수(레퍼런스),0.5366205877359219,유지,,0.4879286667348446,0.4879286667348446,0.0
51,'날씨로 말하면' 은유지만 쉬운 비유 (관측 7회 중 3회),경미 수정: 질문 끝 명확화,지금 내 기분을 날씨로 표현하면 어떤 날씨인가요?,,C. 유지·모니터링,0.5528952716274195,경미 수정,,0.5777189921792324,0.5628128906363435,-1.490610154288885
55,'지금' + 특정 인물 지목,인물 → 이유,지금 가장 보고 싶은 사람은 어떤 사람인가요? 이름 대신 이유를 알려주세요.,요즘 자주 떠오르는 얼굴이 있나요? 그 사람의 어떤 점이 그리운가요?,C. 유지·모니터링,0.5524249048037814,재작성,,0.5268914068129201,0.4834729521124039,-4.341845470051625
57,최근 + 일화 회상 (관측 8회 중 5회 양호),경미 수정: 기간 제거,가장 크게 웃었던 일은 무엇인가요?,(유지) 최근에 가장 크게 웃었던 일은 무엇인가요?,C. 유지·모니터링,0.512732956647563,경미 수정,,0.48711428075030244,0.5842922132879976,9.71779325376952
58,'마음의 온도' 은유 + 수치화 부담,은유를 쉬운 말로,"지금 내 마음은 따뜻한 편인가요, 차가운 편인가요?",지금 내 마음 상태를 한 단어로 말하면?,C. 유지·모니터링,0.5545437115229941,재작성,,0.5734732994547816,0.611774412996676,3.830111354189436
62,'있다면' 전제 (나만의 문장이 있어야 함),출구 제공 · 중복 해소(#252),불안할 때 마음을 가라앉히는 나만의 방법은 무엇인가요?,불안한 마음이 들 때 나는 주로 어떻게 하나요?,C. 유지·모니터링,0.4625742945434928,재작성,,0.4604392133351397,0.5405620858374796,8.012287250233985
66,최근 + 회상 (관측 7회 중 5회 양호),경미 수정: 기간 제거,가장 뿌듯했던 순간은 언제인가요?,(유지) 최근에 가장 뿌듯했던 순간은 언제인가요?,C. 유지·모니터링,0.4863982972201234,경미 수정,,0.44089605549837296,0.538535099940814,9.763904444244108
73,두 질문 연결,하나로 축소,남들 시선이 가장 신경 쓰이는 상황은 언제인가요?,"남들 시선을 신경 쓰는 편인가요, 신경 안 쓰는 편인가요?",C. 유지·모니터링,0.5145704777605128,재작성,,0.544757187587956,0.5160492523475562,-2.870793524039983
81,경험 전제 + 회상,전제 제거 + 성향형,"감정을 솔직하게 말하는 편인가요, 참는 편인가요?",감정을 솔직하게 표현하고 나면 어떤 기분이 드나요?,C. 유지·모니터링,0.4546981436330563,재작성,,0.4339750029945717,0.5683445731599875,13.436957016541584
82,경험 전제(두려움 극복) + 회상,전제 제거,두려움을 이겨낼 때 나에게 가장 힘이 되는 것은 무엇인가요?,용기를 냈던 순간 중 기억나는 게 있나요? 작은 일도 좋아요.,C. 유지·모니터링,0.4977391604945014,재작성,,0.4690859215765057,0.534080924580875,6.499500300436928
85,회상형 (특정 순간을 떠올려야 함),경미 수정: 대상 일반화,나를 감동시키는 것은 주로 어떤 순간인가요?,누군가에게 감동받았던 기억 하나를 떠올려 볼까요?,C. 유지·모니터링,0.5339157640101599,경미 수정,,0.5206210554451075,0.5225570134247344,0.19359579796268678
86,무거운 슬픔 회상 + 높은 자기노출,강도 완화 + 성향형,슬플 때 나를 건져주는 것은 무엇인가요?,마음이 가라앉을 때 가장 먼저 찾는 것은 무엇인가요?,C. 유지·모니터링,0.5343237559847333,재작성,,0.5534811856003015,0.5577724225172938,0.42912369169922915
89,"회상형이지만 가벼운 추억 (관측 5회 중 3회, 우수)",유지,(유지) 나를 가장 미소 짓게 하는 추억은 무엇인가요?,,D. 우수(레퍼런스),0.5303255606938653,유지,,0.5203885011080452,0.5203885011080452,0.0
90,'지금' + '필요한 감정' 추상적,구체화,"지금 나에게 가장 필요한 것은 휴식, 위로, 자극 중 무엇인가요?",요즘 나에게 가장 필요한 것은 무엇인가요?,C. 유지·모니터링,0.4873529745596914,재작성,,0.529057125428401,0.5490639580479002,2.0006832619499204
95,개념 정의형 (깊은 성찰 요구),구체 사례로,내가 생각하는 용기 있는 행동은 어떤 건가요?,용기 있다고 느끼는 사람은 어떤 행동을 하나요?,C. 유지·모니터링,0.5210175432767798,재작성,,0.493692301708014,0.5203885011080452,2.669619940003126
96,'인생에 가장 큰 영향' 추상 + 깊은 성찰,범위 축소,나를 가장 자주 움직이게 하는 감정은 무엇인가요?,나에게 가장 익숙한 감정은 무엇인가요?,C. 유지·모니터링,0.5192881411493051,재작성,,0.5203885011080452,0.5160492523475562,-0.43392487604890784
97,무거운 주제지만 관측 5회 모두 답변,유지,"(유지) 마지막 순간에 느끼고 싶은 감정이 있다면, 어떤 감정인가요?",,C. 유지·모니터링,0.510239835345181,유지,경험 전제형(~있다면/~적 있),0.4403896006335328,0.4403896006335328,0.0
98,'마음의 모양' 은유 + 추상,쉬운 말로,나만 아는 나의 속마음은 어떤 모습인가요?,남들은 잘 모르는 나의 모습은 무엇인가요?,C. 유지·모니터링,0.5096378107763259,재작성,,0.5247246757590511,0.5247246757590511,0.0
99,개념 정의형 (관측 3회 중 0회),구체화,사랑한다고 느끼는 순간은 언제인가요?,"나에게 사랑은 설렘에 가까운가요, 편안함에 가까운가요?",C. 유지·모니터링,0.4607793618983254,재작성,,0.5002095347482131,0.5312217505997976,3.1012215851584535
100,인생 요약 요구 (부담 과다) + 은유,범위 축소 · 중복 해소(#348),내 인생을 계절에 비유하면 지금은 어떤 계절인가요?,내 인생을 영화 장르로 표현하면 어떤 장르일까요?,C. 유지·모니터링,0.5233902940380055,재작성,,0.5247246757590511,0.5138786790909895,-1.084599666806163
141,'습관이 데려갈 곳' 은유 + 미래 추론,쉬운 말로,지금의 습관을 10년 동안 이어가면 나는 어떤 사람이 되어 있을까요?,10년 뒤 나에게 가장 고마울 습관은 무엇일까요?,C. 유지·모니터링,0.3769651946152342,재작성,,0.3984705020879678,0.37579546057314506,-2.2675041514822745
149,'일상을 꾸려간다는 것' 추상,구체화,일상을 잘 보냈다고 느끼는 날은 어떤 날인가요?,나에게 좋은 하루의 조건은 무엇인가요?,C. 유지·모니터링,0.4482561355448159,재작성,,0.46104231071314944,0.458883721474318,-0.21585892388314432
151,특정 인물 지목 (가족),인물 → 이유,가족 중 대화가 가장 편한 사람은 어떤 점이 편한가요?,가족과 대화할 때 가장 편한 주제는 무엇인가요?,C. 유지·모니터링,0.413105770710099,재작성,,0.3914078589061716,0.41507811426827473,2.367025536210315
152,특정 인물 지목,인물 → 특징,고민이 있을 때 가장 먼저 찾게 되는 친구는 어떤 사람인가요?,"고민이 생기면 털어놓는 편인가요, 혼자 생각하는 편인가요?",C. 유지·모니터링,0.4022655337411344,재작성,,0.3852155995992468,0.37701703038219714,-0.8198569217049645
154,특정 인물 지목 (노출 0회),인물 → 특징,같이 밥 먹을 때 편한 사람은 어떤 사람인가요?,혼밥과 같이 먹는 밥 중 뭐가 더 편한가요?,E. 미노출(데이터 없음),0.3934798479762303,재작성,,0.3934798479762303,0.3934798479762303,0.0
156,특정 인물 지목 + 기억 의존,인물 → 경험,생일에 받으면 가장 기분 좋은 축하는 어떤 건가요?,"생일을 조용히 보내는 편인가요, 챙기는 편인가요?",C. 유지·모니터링,0.3557907332098327,재작성,,0.34756380757574207,0.3455958341625809,-0.19679734131611837
157,특정 인물 지목,인물 → 특징,길에서 우연히 만나면 반가울 사람은 어떤 사이인가요?,오랜만에 다시 만나고 싶은 인연은 어떤 사이인가요?,C. 유지·모니터링,0.3722438842832761,재작성,,0.3934798479762303,0.3872756681698095,-0.6204179806420795
160,특정 인물 지목 + 연락처 확인 필요,가벼운 선호형으로,연락처에 저장된 이름 중 가장 재밌는 이름은 무엇인가요?,"연락처 목록을 정리하는 편인가요, 그대로 두는 편인가요?",C. 유지·모니터링,0.3398432247920004,재작성,,0.3495370017587798,0.339723768316762,-0.9813233442017788
181,특정 인물 지목,인물 → 특징,나를 있는 그대로 봐주는 사람은 어떤 사람인가요?,있는 그대로의 나를 보여줄 수 있는 관계는 어떤 관계인가요?,C. 유지·모니터링,0.3685023312573049,재작성,,0.35349883576936875,0.34756380757574207,-0.5935028193626679
194,예/아니오 + 약점 노출 부담,열린 질문 + 강도 완화,약한 모습을 보여주기 쉬운 사람은 어떤 사람인가요?,"힘들 때 티를 내는 편인가요, 숨기는 편인가요?",E. 미노출(데이터 없음),0.384486586500372,재작성,,0.384486586500372,0.3455958341625809,-3.88907523377911
195,회상형이지만 가벼운 추억 (노출 0회),경미 수정,가장 오래된 친구와의 추억 하나를 들려주세요.,(유지) 가장 오래된 인연과의 추억 중 하나는 무엇인가요?,E. 미노출(데이터 없음),0.347563807575742,경미 수정,,0.34756380757574207,0.35151536271400075,0.3951555138258678
198,회상형 + 특별한 순간 전제,성향형 전환,진심이 통했다고 느끼는 순간은 주로 언제인가요?,"진심을 전할 때 나는 말로 하나요, 행동으로 하나요?",C. 유지·모니터링,0.3379247535831436,재작성,,0.34756380757574207,0.3495370017587798,0.19731941830377075
201,추상 + 은유('진짜 모습'),구체화,사람들 앞의 나와 혼자 있을 때의 나는 어떻게 다른가요?,사람들 속에서 나는 주로 어떤 역할을 하나요?,E. 미노출(데이터 없음),0.3574808961472409,재작성,,0.35748089614724093,0.339723768316762,-1.7757127830478947
202,예/아니오 + 질투 인정 부담,강도 완화 + 열린 질문,다른 사람의 좋은 소식을 들으면 어떤 마음이 먼저 드나요?,친구의 성공을 축하하는 나만의 방법은 무엇인가요?,C. 유지·모니터링,0.3886707042564444,재작성,,0.3823195323979078,0.3377772043291795,-4.4542328068728265
205,'믿음의 무게' 은유 + 추상,구체화,누군가를 믿게 되는 순간은 언제인가요?,"쉽게 믿는 편인가요, 천천히 믿는 편인가요?",C. 유지·모니터링,0.3595290243604224,재작성,,0.35151536271400075,0.3594793707944021,0.7964008080401375
209,추상 개념 (관측 1회 중 0회),구체화,상대가 진심이라고 느끼게 되는 행동은 무엇인가요?,진심은 말과 행동 중 어디에서 더 잘 보이나요?,C. 유지·모니터링,0.3398432247920004,재작성,,0.3495370017587798,0.34756380757574207,-0.19731941830377075
210,비활성 + 인연에 점수 매기기 (부담),재활성 시 대체안,요즘 나를 가장 편하게 해주는 관계는 어떤 관계인가요?,,비활성,0.3241615487081016,재작성,,0.32416154870810165,0.2686534986654918,-5.550805004260983
211,경험 전제 (사랑이 시작된 경험 필요),전제 제거,누군가를 좋아하기 시작하면 나는 어떻게 달라지나요?,좋아하는 마음이 생길 때 가장 먼저 티 나는 행동은?,C. 유지·모니터링,0.4681770328751576,재작성,,0.437837318247777,0.5091180065100025,7.12806882622255
213,개념형 (관측 5회 중 2회),구체화 · 중복 해소(#559),"사랑은 설렘에 가까운가요, 편안함에 가까운가요?",,C. 유지·모니터링,0.5496004201231355,재작성,,0.570936627541979,0.6113770545547305,4.044042701275141
220,고백 경험 전제 + 회상 (노출 0회),전제 제거,받고 싶은 고백은 어떤 모습인가요?,"고백은 하는 편이 좋나요, 받는 편이 좋나요?",E. 미노출(데이터 없음),0.6053591772352517,재작성,,0.6053591772352517,0.6113485689170653,0.5989391681813672
222,연인 존재 전제,전제 제거,이상형과 실제로 끌리는 사람은 얼마나 닮았나요?,이상형은 잘 바뀌는 편인가요?,C. 유지·모니터링,0.5736575044687258,재작성,,0.561496399695577,0.513460809157756,-4.803559053782092
229,경험 전제 + 회상,성향형 전환 · 중복 해소(#245),좋은 연애는 나를 어떻게 바꾼다고 생각하나요?,,C. 유지·모니터링,0.4560779629265798,재작성,,0.42504801423224814,0.515631489561811,9.05834753295629
235,이별 경험 전제 + 무거움 (노출 0회),전제 제거 + 강도 완화,헤어짐을 받아들이는 나만의 방식은 무엇인가요?,"관계가 끝날 때 나는 빨리 정리하는 편인가요, 오래 걸리는 편인가요?",E. 미노출(데이터 없음),0.550771137021601,재작성,,0.550771137021601,0.5529202973244766,0.21491603028755968
237,두려움 고백 + 추상,강도 완화,사랑할 때 가장 걱정되는 것은 무엇인가요?,연애에서 가장 조심하는 부분은 무엇인가요?,C. 유지·모니터링,0.5508004564879762,재작성,,0.5379873713042131,0.5509187234036753,1.2931352099462168
238,개념 정의형 (관측 2회 중 2회),유지,(유지) 사랑에서 '진심을 다한다'는 건 어떤 건가요?,,C. 유지·모니터링,0.5082997073812254,유지,,0.48024893206231883,0.48024893206231883,0.0
255,'누구' 지목이지만 존경 인물 (관측 3회 중 0회),인물 → 이유,존경하는 사람의 어떤 점을 닮고 싶나요?,가장 존경하는 인물과 그 이유는 무엇인가요?,C. 유지·모니터링,0.5111689305496974,재작성,,0.5549110790782901,0.5463102485196959,-0.8600830558594175
261,"회상형이지만 가벼움 (관측 4회 모두 답변, 우수)",유지,(유지) 돈을 기분 좋게 썼던 기억은 무엇인가요?,,D. 우수(레퍼런스),0.5547331768150676,유지,,0.5039295478499425,0.5039295478499425,0.0
265,어려움 회상 + 무거움 + 깊은 성찰 (노출 0회),중복 통합(#94),(통합) #94와 같은 의도라 비활성화 권장,어려운 일을 겪고 나서 성장했다고 느낀 점은 무엇인가요?,E. 미노출(데이터 없음),0.4971791448747343,중복 통합(비활성화),,0.4971791448747344,0.4971791448747344,0.0
268,개념 정의형 ('시간의 의미'),구체화,시간이 가장 빨리 가는 순간은 언제인가요?,시간이 아깝지 않은 일은 무엇인가요?,C. 유지·모니터링,0.4574569302601619,재작성,,0.47050555130171323,0.4971791448747344,2.667359357302118
269,회상형 (용기 낸 순간) (노출 0회),출구 제공 · 중복 해소(#69),용기가 필요할 때 나는 어떻게 마음을 먹나요?,,E. 미노출(데이터 없음),0.4993516378773674,재작성,,0.49935163787736736,0.492834560402219,-0.6517077475148347
270,'약속의 무게' 은유 + 추상 (노출 0회),구체화,"약속을 지키는 편인가요, 유연하게 바꾸는 편인가요?",절대 어기지 않는 나만의 약속은 무엇인가요?,E. 미노출(데이터 없음),0.4705055513017132,재작성,,0.47050555130171323,0.5389576689718916,6.845211767017833
271,개념 정의형 (관측 3회 중 1회),구체화,공정하지 않다고 느끼는 상황은 언제인가요?,공정함과 배려 중 무엇이 더 중요한가요?,C. 유지·모니터링,0.4477478814842204,재작성,,0.45753865291014795,0.4971791448747344,3.964049196458647
275,개념 정의형 (관측 3회 중 1회),구체화 · 중복 해소(#79),행복하려면 꼭 필요한 세 가지는 무엇인가요?,,C. 유지·모니터링,0.4882661250285091,재작성,,0.5015241553610491,0.4950067583795725,-0.6517396981476631
276,죽음 너머 추상 (관측 1회 중 1회),유지,(유지) 죽음 너머에는 무엇이 기다리고 있다고 생각하나요?,,C. 유지·모니터링,0.5329164209162195,유지,,0.519593206827563,0.519593206827563,0.0
282,'가장 큰 영향 준 사건' 회상 (노출 0회),부담 완화,내 인생의 전환점이라고 부를 만한 일은 무엇인가요?,나를 바꾼 작은 계기 하나를 들려주세요.,E. 미노출(데이터 없음),0.490662632924544,재작성,,0.490662632924544,0.48631991717914475,-0.43427157453992393
284,추상 (관측 2회 모두 답변),유지,(유지) 삶의 의미를 어디에서 찾나요?,,C. 유지·모니터링,0.5387006840175675,유지,,0.5123842395052577,0.5123842395052577,0.0
290,"문장이 김 (40자 초과, 양자택일)",짧게,"사람은 원래 착한가요, 노력해야 착해지나요?",,C. 유지·모니터링,0.5040455349601044,재작성,,0.5042763267532235,0.5475824554945805,4.3306128741356975
292,비활성 + 개념 정의형,재활성 시 대체안,더 나은 세상을 위해 지키는 작은 습관은 무엇인가요?,,비활성,0.3948528935664632,재작성,,0.39485289356646325,0.48414929262153283,8.929639905506958
299,인생 마지막 회고 (관측 2회 중 0회),부담 완화,먼 훗날의 내가 지금의 나에게 해줄 말은 무엇일까요?,지금의 나에게 하고 싶은 응원 한마디는?,C. 유지·모니터링,0.472792778764349,재작성,,0.49976490834939835,0.48414929262153283,-1.5615615727865517
303,'있다면' 전제이지만 관측 6회 중 5회 양호,유지,"(유지) 야심 차게 시작했다가 금방 포기한 취미가 있다면, 어떤 건가요?",,C. 유지·모니터링,0.4653600936294664,유지,경험 전제형(~있다면/~적 있),0.4023831044436609,0.4023831044436609,0.0
314,"여행 전제 오탐, 양자택일 (관측 3회 모두 답변)",유지,(유지) 여행 갈 때 계획파인가요 무계획파인가요?,,C. 유지·모니터링,0.4736302013959905,유지,특정 활동 전제,0.42858727226737137,0.42858727226737137,0.0
316,'누구' 최애형 (관측 5회 중 3회),유지,(유지) 가장 좋아하는 유튜버는 누구인가요?,,C. 유지·모니터링,0.5114220401757141,유지,,0.498788935790089,0.498788935790089,0.0
321,'있다면' 전제이지만 관측 8회 중 6회 양호,유지,"(유지) 한 번쯤은 시도해보고 싶은 패션 스타일이 있다면, 어떤 건가요?",,C. 유지·모니터링,0.4669690864592661,유지,경험 전제형(~있다면/~적 있),0.4023831044436609,0.4023831044436609,0.0
324,여행 오탐 + '지금' (관측 4회 모두 답변),유지,(유지) 지금 당장 떠나고 싶은 여행지는 어디인가요?,,C. 유지·모니터링,0.4832911935988756,유지,특정 활동 전제,0.4243362454272427,0.4243362454272427,0.0
326,메이크업 전제 (하지 않는 사람은 답 불가),대상 확장,평소 좋아하는 스타일링 분위기는 무엇인가요? 옷·헤어·메이크업 무엇이든 좋아요.,외출할 때 가장 신경 쓰는 부분은 무엇인가요?,C. 유지·모니터링,0.479045850727421,재작성,,0.4879286667348446,0.48196635457514053,-0.5962312159704053
345,최근 + 회상 (관측 6회 중 4회),경미 수정: 기간 제거,고생한 나를 토닥여주고 싶은 날은 주로 어떤 날인가요?,(유지) 최근 나에게 고생했다고 토닥여주고 싶은 날은 언제였나요?,C. 유지·모니터링,0.4550111463304,경미 수정,,0.41878724204306594,0.5095360434963172,9.074880145325126
346,'지금' + 은유지만 관측 5회 모두 답변 (우수),유지,(유지) 지금 내 머릿속에 흐르는 BGM은 무엇인가요?,,D. 우수(레퍼런스),0.5802533210004824,유지,,0.5203885011080452,0.5203885011080452,0.0
349,무거운 감정 회상 + 경험 전제,성향형 전환,울컥할 때 나는 주로 어떻게 넘기나요?,"감정이 북받칠 때 참는 편인가요, 표현하는 편인가요?",C. 유지·모니터링,0.5575136138660641,재작성,,0.5640757472816981,0.529057125428401,-3.501862185329707
363,예/아니오 + 은유 + 무거움,성향형 + 쉬운 말,감정이 무뎌졌다고 느낄 때 나는 어떻게 하나요?,"아무 감정도 들지 않는 날, 나는 무엇을 하나요?",C. 유지·모니터링,0.4996644106067667,재작성,,0.5138786790909895,0.518219220235039,0.434054114404947
368,'지금' + '정의한다면' (관측 2회 중 1회),경미 수정,지금 내 기분을 한 단어로 말하면 무엇인가요?,,C. 유지·모니터링,0.4862608581417126,경미 수정,,0.4854770603951446,0.5203885011080452,3.4911440712900643
371,'지금' + 은유지만 관측 7회 중 5회 (우수),유지,(유지) 지금 내 마음의 색깔을 고른다면 어떤 색인가요?,,D. 우수(레퍼런스),0.5253689821204611,유지,,0.48764801041015204,0.48764801041015204,0.0
372,'지금' + 은유지만 관측 3회 모두 답변 (우수),유지,(유지) 지금 내 마음이 가장 간절하게 외치는 소망은 무엇인가요?,,D. 우수(레퍼런스),0.546197304904145,유지,,0.5073641448562287,0.5073641448562287,0.0
379,가장 많이 운 날 회상 (무거움 + 자기노출),강도 완화 + 성향형 · 중복 해소(#54),울고 나면 기분이 나아지는 편인가요?,,C. 유지·모니터링,0.5806516648409921,재작성,,0.5686900633263241,0.5312217505997976,-3.746831272652651
381,회상형 (관측 6회 중 3회),유지,(유지) 가장 소중한 기억은 무엇인가요?,,C. 유지·모니터링,0.5360817171431912,유지,,0.5422569431247347,0.5422569431247347,0.0
382,가장 힘든 경험 회상 (관측 2회 중 0회),중복 통합(#94),(통합) #94와 같은 의도라 비활성화 권장,힘든 시기를 지나며 나에게 남은 것은 무엇인가요?,C. 유지·모니터링,0.5379980682992467,중복 통합(비활성화),,0.5686900633263241,0.5686900633263241,0.0
383,자기노출 상상 + 깊은 성찰,부담 완화,사람들이 잘 모르는 나의 의외의 모습은 무엇인가요?,가까운 사람에게만 보여주는 나의 모습은 무엇인가요?,C. 유지·모니터링,0.4575099003203369,재작성,,0.4681360348764319,0.5138786790909895,4.5742644214557595
385,받아들이지 못한 면 고백 (무거움),강도 완화,스스로 더 아껴주고 싶은 나의 모습은 무엇인가요?,내가 가장 좋아하는 나의 모습은 무엇인가요?,C. 유지·모니터링,0.5034631680062135,재작성,,0.518219220235039,0.5160492523475562,-0.21699678874828043
387,추상이지만 관측 3회 중 2회 (우수),유지,(유지) 싫어하는 것이 나에게 주는 의외의 이점이 있을까요?,,D. 우수(레퍼런스),0.5259225453929941,유지,,0.5138786790909895,0.5138786790909895,0.0
388,"들키기 싫은 것 고백 (자기노출 과다, 관측 2회 중 0회)",강도 완화,나만 알고 싶은 나의 작은 비밀 취향은 무엇인가요?,남들에게 잘 말하지 않는 나의 습관은 무엇인가요?,C. 유지·모니터링,0.4943548022526476,재작성,,0.5225570134247344,0.5138786790909895,-0.8678334333744875
399,참아야 했던 눈물 회상 (무거움 + 문장 김),성향형 + 짧게,"울고 싶을 때 참는 편인가요, 우는 편인가요?",울고 싶은데 참게 되는 이유는 무엇인가요?,C. 유지·모니터링,0.529649331621474,재작성,,0.544757187587956,0.5726032699520176,2.784608236406161
403,밤 불안 경험 전제 + 무거움,성향형 전환 · 중복 해소(#485),"잠 못 드는 밤, 나를 진정시키는 방법은 무엇인가요?",,C. 유지·모니터링,0.48591461307503,재작성,,0.47125070713492717,0.5640757472816981,9.28250401467709
404,두 질문 연결,하나로 축소,가장 두려운 실패는 어떤 실패인가요?,"실패가 두려운 편인가요, 일단 부딪히는 편인가요?",C. 유지·모니터링,0.5682983256355248,재작성,,0.5923012527733499,0.56205505067479,-3.0246202098559882
405,두 질문 연결 + '요즘' (관측 2회 중 0회),하나로 축소,걱정이 생기면 나는 주로 어떻게 하나요?,"걱정이 많은 편인가요, 적은 편인가요?",C. 유지·모니터링,0.4816579494304667,재작성,,0.5091358239057511,0.5577724225172938,4.863659861154268
408,상상 추상이지만 관측 4회 모두 답변 (우수),유지,(유지) 만약 감정이 사라진다면 어떨까요?,,D. 우수(레퍼런스),0.5557168973953163,유지,,0.5050255080419521,0.5050255080419521,0.0
409,예/아니오 닫힌 질문 (관측 7회 중 3회),열린 질문,나이가 들면서 가장 달라진 감정은 무엇인가요?,예전보다 덜 느끼게 된 감정은 무엇인가요?,C. 유지·모니터링,0.5195438166981974,재작성,,0.5377082579290956,0.5203885011080452,-1.7319756821050358
410,두 질문 연결이지만 관측 5회 중 3회 (우수),유지,(유지) 감정을 글로 쓰면 정리가 되나요? 쓰고 나면 뭐가 달라지나요?,,D. 우수(레퍼런스),0.5591845435702842,유지,,0.5533633898358068,0.5533633898358068,0.0
428,'지금 꺼낸다면' 모호한 표현,명확화,계속 미루고 있는 일 하나는 무엇인가요?,미루는 일을 시작하게 만드는 건 무엇인가요?,C. 유지·모니터링,0.4085530390091723,재작성,,0.4202067126749598,0.46752652989224336,4.731981721728356
434,'평소와 달랐던 순간' 모호 + 회상 (관측 3회 중 0회),성향형 전환,"아침형인가요, 저녁형인가요? 하루 중 가장 좋아하는 시간은?",하루 중 가장 좋아하는 시간대는 언제인가요?,C. 유지·모니터링,0.4691876529213574,재작성,,0.5093373466435437,0.49630336426641686,-1.303398237712683
436,회상형 (관측 1회 중 1회),유지,(유지) 계획보다 시간이 훨씬 더 오래 걸린 일은 무엇인가요?,,C. 유지·모니터링,0.4676037344784791,유지,,0.4524175242514824,0.4524175242514824,0.0
439,운동 전제 (안 하는 사람 답 불가),대상 확장,좋아하는 운동이나 몸을 움직이는 방법은 무엇인가요? 산책도 좋아요.,해보고 싶은 운동은 무엇인가요?,C. 유지·모니터링,0.4633586005408281,재작성,특정 활동 전제,0.4591779251211516,0.4185413216003607,-4.063660352079085
447,문장이 김 (양자택일),짧게,"여러 일을 동시에 하는 편인가요, 하나에 몰입하는 편인가요?",,E. 미노출(데이터 없음),0.4789355916195092,재작성,,0.4789355916195093,0.49630336426641686,1.736777264690753
459,"'지금' + 방 상태 (답이 단조로움, 노출 0회)",흥미 요소 추가,지금 내 방을 한 단어로 표현하면 무엇인가요?,내 방에서 가장 좋아하는 자리는 어디인가요?,E. 미노출(데이터 없음),0.4805257469222056,재작성,,0.48052574692220557,0.46104231071314944,-1.9483436209056126
460,문장이 김 (양자택일),짧게,"주변이 어수선하면 바로 치우는 편인가요, 그냥 두는 편인가요?",,C. 유지·모니터링,0.4828550536598327,재작성,,0.46810387604731185,0.4941310439040039,2.602716785669207
493,특정 인물 지목 (관측 2회 중 0회),가벼운 상상형으로,절친을 소개할 때 가장 먼저 말하고 싶은 장점은 무엇인가요?,친구를 소개해주는 걸 좋아하는 편인가요?,C. 유지·모니터링,0.3139145717705818,재작성,,0.33182293435293747,0.29770390669603125,-3.411902765690622
502,"회상형 (관계가 크게 바뀐 순간, 노출 0회)",성향형 전환,나이가 들며 관계를 대하는 방식이 어떻게 달라졌나요?,"예전과 지금, 친구를 사귀는 방식이 달라졌나요?",E. 미노출(데이터 없음),0.3438433288697738,재작성,,0.34384332886977387,0.3436331348384271,-0.02101940313467554
516,'지금' + 보고 싶은 존재 (관측 2회 모두 답변),유지,(유지) 지금 가장 보고 싶은 존재는 무엇인가요?,,C. 유지·모니터링,0.3921574175285109,유지,,0.35748089614724093,0.35748089614724093,0.0
521,'진짜 함께 있다' 추상 + 은유,구체화,누군가와 함께 있어서 편안하다고 느끼는 순간은 언제인가요?,함께 있을 때 말이 없어도 편한 사람은 어떤 사람인가요?,C. 유지·모니터링,0.3158093513864077,재작성,,0.3143097754628271,0.3377772043291795,2.346742886635239
523,속마음 추상 (관측 1회 중 0회),구체화,대화할 때 나는 조언과 공감 중 무엇을 더 원하나요?,대화가 즐거웠다고 느끼는 때는 언제인가요?,C. 유지·모니터링,0.3379247535831436,재작성,,0.34756380757574207,0.3681740653191713,2.061025774342923
527,'지금' + 특정 인물 지목,인물 → 이유,지금 곁에 있는 사람 중 가장 소중한 사람의 어떤 점이 좋은가요?,소중한 사람에게 가장 해주고 싶은 것은 무엇인가요?,C. 유지·모니터링,0.3284095640886507,재작성,,0.3377772043291795,0.3300462485830865,-0.7730955746093005
534,후회 회상 (노출 0회),성향형 전환,"말을 다정하게 하는 편인가요, 직설적으로 하는 편인가요?",더 다정하게 말하고 싶은 사람은 어떤 사이인가요?,E. 미노출(데이터 없음),0.3621282465396457,재작성,,0.36212824653964576,0.38849465623818014,2.6366409698534374
535,'지금 이 순간' + 특정 인물 지목,인물 → 이유,문득 연락하고 싶어지는 사람은 어떤 사이인가요?,"먼저 연락하는 편인가요, 기다리는 편인가요?",C. 유지·모니터링,0.369723379323321,재작성,,0.3802694656275509,0.3495370017587798,-3.07324638687711
537,'누구' 지목이지만 관측 3회 모두 답변,유지,(유지) 곁에 있어줘서 가장 고마운 사람은 누구인가요?,,C. 유지·모니터링,0.3666388349065917,유지,,0.3124403566736411,0.3124403566736411,0.0
539,특정 인물 지목,인물 → 영향,내 인생에 가장 큰 영향을 준 사람에게 배운 것은 무엇인가요?,닮고 싶은 어른은 어떤 사람인가요?,C. 유지·모니터링,0.3614054500993741,재작성,,0.35349883576936875,0.3339005677281448,-1.9598268041223943
544,개념 정의형 (노출 0회),구체화,좋은 친구라고 느끼는 순간은 언제인가요?,우정에서 가장 중요한 것은 무엇인가요?,E. 미노출(데이터 없음),0.3333335935387823,재작성,,0.33333359353878234,0.35748089614724093,2.41473026084586
547,"부모 관계 평가 (무거움, 가족 상황 다양)",강도 완화 + 선택 여지,엄마(또는 보호자)와 닮은 점은 무엇인가요?,엄마와 함께한 기억 중 좋았던 한 장면은?,C. 유지·모니터링,0.3632866596850991,재작성,,0.3554873655829014,0.35349883576936875,-0.19885298135326468
548,"부모 관계 평가 (무거움, 관측 2회 중 0회)",강도 완화 + 선택 여지,아빠(또는 보호자)와 닮은 점은 무엇인가요?,아빠와 함께한 기억 중 좋았던 한 장면은?,C. 유지·모니터링,0.3363018422895243,재작성,,0.3554873655829014,0.35349883576936875,-0.19885298135326468
550,"가족 친밀도 평가 (무거움, 가족 상황 다양)",강도 완화,가족과 함께할 때 가장 편한 순간은 언제인가요?,가족에게 고마운 점 하나를 적어볼까요?,C. 유지·모니터링,0.3670632178332507,재작성,,0.3594793707944021,0.3495370017587798,-0.9942369035622345
552,예/아니오 + 어린 시절 평가 (관측 1회 중 0회),열린 질문 + 가벼움,어린 시절 가장 좋아했던 놀이는 무엇인가요?,어린 시절의 나에게 해주고 싶은 말은?,C. 유지·모니터링,0.3553672931967578,재작성,,0.3655038827481483,0.35349883576936875,-1.2005046978779577
554,개념 정의형 (관측 2회 중 0회),구체화,좋아하는 마음이 사랑으로 바뀌었다고 느끼는 순간은 언제인가요?,좋아함과 사랑 중 지금 내 마음은 어디에 가깝나요?,C. 유지·모니터링,0.5001098092353735,재작성,,0.5286403350541149,0.49608396211586175,-3.2556372938253144
555,문장이 김 (양자택일),짧게,"싸우면 바로 푸는 편인가요, 시간을 두는 편인가요?",,C. 유지·모니터링,0.4819171440621265,재작성,,0.48088554384416465,0.5615259185507121,8.064037470654744
564,연애 경험 전제 + 두 질문,전제 제거 + 하나로 · 중복 해소(#222),이상형은 시간이 지나며 바뀌는 편인가요?,이상형 조건 중 절대 양보 못 하는 것은?,C. 유지·모니터링,0.491640290014126,재작성,,0.5051870570384718,0.5221396663642305,1.6952609325758705
568,"만난 사람 전제 (연애 경험 필요, 관측 2회 모두 답변)",유지,(유지) 지금까지 만난 사람들의 공통점은 무엇인가요?,,C. 유지·모니터링,0.5438256529301415,유지,,0.5178015803233218,0.5178015803233218,0.0
569,개념 정의형 (관측 3회 중 1회),구체화,내 인생에서 사랑은 몇 순위쯤인가요? 이유도 알려주세요.,사랑이 내 삶에 주는 가장 큰 선물은 무엇인가요?,C. 유지·모니터링,0.5112496230135603,재작성,,0.5264744152568596,0.5026014262716123,-2.3872988985247257
570,'있다면' 전제 (관측 1회 중 1회),경미 수정,이상형 조건 중 가장 특이한 것은 무엇인가요?,,C. 유지·모니터링,0.5115729322346538,경미 수정,,0.49764091089642315,0.5624012646444518,6.476035374802869
571,데이트 경험 전제 + 창피 회상 (관측 4회 중 0회),전제 제거 + 가벼움,가장 해보고 싶은 데이트는 무엇인가요?,"데이트할 때 계획파인가요, 즉흥파인가요?",C. 유지·모니터링,0.5001472848038666,재작성,,0.5572126122929913,0.561496399695577,0.4283787402585615
572,회상형이지만 가벼움 (관측 1회 중 1회),유지,(유지) 살면서 가장 설레었던 추억은 무엇인가요?,,C. 유지·모니터링,0.5851260266891735,유지,,0.5732920530413005,0.5732920530413005,0.0
573,특정 인물 지목 + 연애 경험 전제 + 자기노출,인물 → 특징 · 중복 해소(#48),가장 좋아했던 사람을 한 단어로 표현하면 무엇인가요?,가장 좋아했던 사람의 어떤 점에 끌렸나요?,C. 유지·모니터링,0.5291426328357496,재작성,,0.5308051769874385,0.5069460479895304,-2.3859128997908097
577,'비싸게 얻은 깨달음' 은유 + 성찰 (관측 3회 중 2회),유지,(유지) 내 인생에서 가장 비싸게 얻은 깨달음은 무엇인가요?,,C. 유지·모니터링,0.5005361665930784,유지,,0.48631991717914475,0.48631991717914475,0.0
587,회상형 (관측 2회 중 1회),현재형으로,지금 가장 간절히 원하는 것은 무엇인가요?,간절히 원하던 걸 이뤘을 때 기분은 어땠나요?,C. 유지·모니터링,0.5014418972528484,재작성,,0.5015241553610491,0.4971791448747344,-0.4345010486314693
594,개념 정의형 (관측 2회 중 0회),구체화,나에게 성공한 하루는 어떤 하루인가요?,성공했다고 느끼려면 무엇이 필요한가요?,C. 유지·모니터링,0.4908907459983556,재작성,,0.5188953378784876,0.5015241553610491,-1.7371182517438521
595,추상 + 균형 진단 (관측 2회 중 0회),선택지형,지금 나는 꿈과 현실 중 어느 쪽에 더 가까운가요?,꿈을 위해 지금 하고 있는 작은 일은 무엇인가요?,C. 유지·모니터링,0.4703465680000689,재작성,,0.4971791448747344,0.5130853015059381,1.5906156631203705
598,논리 퍼즐형 (관측 3회 중 1회),쉬운 말로,좋은 의도로 한 실수와 나쁜 의도로 한 선행 중 뭐가 더 나쁜가요?,,C. 유지·모니터링,0.5028026877913415,재작성,,0.5173046522706287,0.4935359471594832,-2.3768705111145536
607,'나를 안아주고 싶어지는' 은유 (관측 2회 중 0회),쉬운 말로,스스로를 위로해주고 싶은 순간은 언제인가요?,나를 챙겨주는 나만의 방법은 무엇인가요?,C. 유지·모니터링,0.4287681434080082,재작성,,0.4532287325823322,0.4950067583795725,4.177802579724027
620,'누구' 지목 + 작품 전제 (관측 2회 모두 답변),유지,"(유지) 나와 가장 닮은 영화, 책, 드라마 속 인물은 누구인가요?",,C. 유지·모니터링,0.5395288053074112,유지,특정 활동 전제,0.5132596038913266,0.5132596038913266,0.0
630,'어제보다' 시점 + 회상 (관측 2회 중 1회),시점 확장,예전보다 나아졌다고 느끼는 점은 무엇인가요?,,C. 유지·모니터링,0.5014418972528484,재작성,,0.5015241553610491,0.4950067583795725,-0.6517396981476631
631,'지난 7일' 기간 회상 (노출 0회),기간 완화,요즘 머릿속에 가장 자주 떠오르는 단어는 무엇인가요?,요즘의 나를 한 단어로 표현하면?,E. 미노출(데이터 없음),0.4776413328347076,재작성,,0.47764133283470767,0.39913905974329583,-7.850227309141183
635,'지금 당장' + 단 한 가지 (관측 2회 중 0회),부담 완화,요즘 감사한 것 하나를 떠올려 볼까요?,당연하지만 고마운 것은 무엇인가요?,C. 유지·모니터링,0.4498124533909258,재작성,,0.4754735893616088,0.4159229388606645,-5.955065050094427
637,추상 + 은유 ('가장 나다운 성장 방식'),쉬운 말로,"나는 혼자 배우며 크는 편인가요, 사람들 속에서 크는 편인가요?",내가 가장 많이 성장한 방법은 무엇인가요?,C. 유지·모니터링,0.4749436413290968,재작성,,0.48849105788757646,0.5238111093927734,3.532005150519696
638,'가보지 않은 길의 미련' 깊은 성찰 (노출 0회),부담 완화,선택을 후회하지 않기 위한 나만의 방법은 무엇인가요?,다른 길을 갔다면 어땠을지 상상해본 적 있나요?,E. 미노출(데이터 없음),0.4711409551329496,재작성,,0.47114095513294957,0.5152534652488211,4.411251011587153
640,특정 인물 지목 + 긴 문장,인물 → 영향,나의 생각을 가장 크게 바꾼 사람에게 배운 것은 무엇인가요?,누군가의 말 한마디로 생각이 바뀐 적이 있나요?,C. 유지·모니터링,0.445713649849271,재작성,,0.47114095513294957,0.4754735893616088,0.43326342286592046
644,포기 회상 (관측 2회 중 1회),성향형 전환,포기할 때 나는 어떤 마음이 드나요?,"포기가 빠른 편인가요, 끝까지 버티는 편인가요?",C. 유지·모니터링,0.5429769590463029,재작성,,0.5454287310712433,0.50369661529566,-4.173211577558334
657,특정 인물 지목 + 부러움 인정,인물 → 이유,가장 부러운 삶은 어떤 삶인가요?,누군가를 부러워할 때 나는 무엇을 원하는 걸까요?,C. 유지·모니터링,0.4812786406448683,재작성,,0.4950067583795725,0.5080410344530337,1.3034276073461248
660,인생 마지막 추상 (노출 0회),부담 완화,먼 훗날 사람들이 나를 어떻게 기억해주면 좋겠나요?,내가 세상에 남기고 싶은 작은 흔적은 무엇인가요?,E. 미노출(데이터 없음),0.5015241553610491,재작성,,0.5015241553610491,0.4908954998010428,-1.0628655560006306
689,"친구 상실 가정 (무거움, 관측 3회 중 1회)",강도 완화,친한 친구 한 명과 여러 명의 친구 중 뭐가 더 소중한가요?,,C. 유지·모니터링,0.3415998336054897,재작성,,0.34230722104847744,0.3601257336601988,1.7818512611721349
705,문장 김이지만 관측 4회 중 3회,유지,"(유지) 10억을 준다면, 절친을 배신하는 것과 의리를 지키는 것 중 뭐가 더 끌리나요?",,C. 유지·모니터링,0.398599517644663,유지,,0.3585057608359913,0.3585057608359913,0.0
728,문장 김 + 존댓말 어조 불일치('생각하시나요'),짧게 + 어조 통일,나쁜 연애를 계속하는 것과 평생 혼자 지내는 것 중 뭐가 더 나은가요?,,C. 유지·모니터링,0.4755191523014178,재작성,,0.5162106500530341,0.5119907577316644,-0.4219892321369767
827,문장 매우 김(60자+) + 어조 불일치('생각하시나요'),짧게 + 어조 통일,"불의에 맞서려면 법을 어겨도 되나요, 부당해도 법은 지켜야 하나요?",정의와 규칙 중 뭐가 더 중요한가요?,C. 유지·모니터링,0.4319826408621821,재작성,,0.42810235100349875,0.5194742326697598,9.137188166626103
865,"'지금' (관측 1회 중 0회), 양자택일로 무난",유지,(유지) 도전과 안정 중 지금 뭐가 더 끌리나요?,,C. 유지·모니터링,0.4855030227630233,유지,,0.49935163787736736,0.49935163787736736,0.0
686,#853과 같은 의도(죽는 시점·방식) 중복,중복 통합(#853) · 신규 S013(Aron 36문항)과 주제 겹침,(통합) #853와 같은 의도라 비활성화 권장,100살까지 사는 것과 건강하게 80살까지 사는 것 중 뭐가 더 나은가요?,C. 유지·모니터링,0.536594317383909,중복 통합(비활성화),,0.510157707766825,0.510157707766825,0.0
498,#218과 같은 의도(연락 스타일) 중복,중복 해소 → 다른 각도,메시지와 전화 중 어떤 연락이 더 편한가요?,,E. 미노출(데이터 없음),0.3655038827481483,재작성,,0.3655038827481483,0.3783382129924664,1.283433024431807
105,#13과 같은 의도(늘 챙기는 물건) 중복,중복 해소 → 다른 각도,외출 전 거울 앞에서 마지막으로 확인하는 것은 무엇인가요?,,C. 유지·모니터링,0.4801909639838064,재작성,,0.46536379518106924,0.44596734872698574,-1.9396446454083505
