우선순위,id,q,cat,exp,ans,rep,사후 답변율,P(평균 미만),수정 후 예측,예상 노출(월),기대 추가 답변(월)
1,333,"오늘 기억에 남는 소리나 향기가 있다면, 어떤 건가요?",취향,12,1,8,0.2153259251599416,0.9997381316937622,0.4509186678641612,12.0,2.556123489277703
2,332,오늘 먹은 것 중 기분까지 완벽하게 충전해준 메뉴는 무엇인가요?,취향,10,3,7,0.40670065469380484,0.8489399803710216,0.6189719099004454,10.0,1.9192425571068525
3,337,오늘 온전한 휴식시간을 보냈나요?,취향,12,4,7,0.26161876507530724,0.987618428138375,0.434954609792026,12.0,1.8806514119599054
4,365,오늘 나를 가장 진 빠지게 만든 감정은 무엇인가요?,감정,10,3,6,0.4654531969155106,0.631987291491354,0.6620090607768833,10.0,1.7771524383007744
5,369,오늘 내가 필사적으로 피하고 싶었던 감정은 무엇인가요?,감정,9,3,6,0.23673471215299585,0.9956476019792145,0.4212902719098707,9.0,1.5017869267420771
6,338,오늘 새롭게 알게 된 것 중 더 궁금해진 건 무엇이었나요?,취향,10,1,8,0.18451225974213797,0.9999559048683432,0.3470680301616481,10.0,1.4697418743235247
7,344,오늘 갑자기 멍해진 순간이 있었나요?,감정,5,2,2,0.31701210195364987,0.9774437580120015,0.6217496732435491,5.0,1.3776366352561653
8,347,"오늘 속으로 나를 가만히 안아준 적이 있다면, 어떤 순간이었나요?",감정,5,0,5,0.21016706555140935,0.9983464251997848,0.49389767817194064,5.0,1.2826698225466728
9,335,오늘 쓴 돈이나 시간 중 가심비 최고였던 건 무엇이었나요?,취향,8,1,6,0.1618557097864439,0.9999297105464743,0.31960094485035223,8.0,1.1409980801055946
10,623,돌아보니 칭찬해주고 싶은 오늘의 선택은 무엇인가요?,가치관,5,1,3,0.40117657243601873,0.857132460546507,0.6507062420500631,5.0,1.1280565536720508
11,356,"오늘 아주 잠깐이라도 행복이 스친 순간이 있다면, 어떤 순간이었나요?",감정,6,2,4,0.33574801790608994,0.964927715557759,0.5302874134299056,6.0,1.0553523694756082
12,353,오늘 내 자신에게 칭찬 한 마디를 남긴다면 무엇일까요?,감정,5,1,2,0.32446395557671165,0.9386050935103558,0.5540487874621448,5.0,1.0378913041989712
13,80,"최근에 누군가를 용서했던 경험이 있다면, 어떤 일이었나요?",감정,5,2,3,0.34500270150301204,0.9221161824390649,0.5660063365759418,5.0,0.999098020347529
14,67,최근에 질투를 느꼈던 순간이 있다면 어떤 상황이었나요?,감정,5,1,4,0.32833165216374577,0.9437228325399468,0.5411178021148464,5.0,0.9619489792706912
15,374,오늘 느낀 감정 중 다시 느끼고 싶지 않은 건 무엇인가요?,감정,5,2,3,0.4814009318076918,0.5661298009460001,0.6893469304257561,5.0,0.9400679563027965
16,362,"오늘 감정의 온도가 급격히 변한 시점이 있다면, 어떤 때였나요?",감정,4,1,3,0.22502742185999067,0.9976495731085628,0.4738346260072719,4.0,0.8998323852174521
17,56,오늘 나를 기운 나게 한 말은 무엇인가요?,감정,5,1,4,0.3248510012064798,0.9734781965174304,0.5219337147915735,5.0,0.8909579651149575
18,358,"오늘 내 마음이 회색빛처럼 흐릿했던 때가 있다면, 어떤 순간이었나요?",감정,0,0,0,0.22532535224408098,0.996566637884627,0.4742603788051562,3.9153846153846152,0.8812499709788504
19,315,"나만의 공부 스타일이 있다면, 어떤 건가요?",취향,8,2,6,0.3479731953201007,0.977312869277761,0.4614868945855536,8.0,0.8210638684274222
20,355,오늘 감정을 억누르기 힘든 순간이 있었나요?,감정,3,1,2,0.3071873204192374,0.9787412076345121,0.6067893964916269,3.0,0.8126522651914478
21,63,"내일 일어날 일 중 설레는 게 있다면, 어떤 건가요?",감정,7,1,5,0.36062154027409976,0.9333256270108414,0.4858480313309539,7.0,0.792561420884129
22,60,지금 당장 하고 싶은 말이 있다면 무엇인가요?,감정,7,1,5,0.38849876639552333,0.8175613462480388,0.5022284218041105,7.0,0.7197976764067338
23,110,"하루를 시작할 때 듣는 음악 장르가 있다면, 어떤 장르인가요?",루틴,5,1,4,0.35005452149172617,0.9654193950596285,0.4984609863230606,5.0,0.6709057304457116
24,361,오늘 감정이 내 예상과 전혀 다르게 흘러갔나요?,감정,3,1,2,0.42446797626583566,0.7887747854840004,0.6564626653015664,3.0,0.6292713723109166
25,401,슬픈 영화나 노래를 일부러 찾아보며 감정을 쏟아내고 싶었던 적이 있나요?,감정,3,2,1,0.4259613328782676,0.78852798886478,0.6546483044536096,3.0,0.6202993914687385
26,57,최근에 가장 크게 웃었던 일은 무엇인가요?,감정,8,5,1,0.6368370860413403,0.06080440960906768,0.7218456734909138,8.0,0.6148815527337854
27,81,"감정을 솔직하게 표현해서 후련했던 순간이 있다면, 어떤 때였나요?",감정,5,3,0,0.3952657320687114,0.8720027812446833,0.528848095529882,5.0,0.6038899534089477
28,350,몸과 마음이 기분 좋게 늘어진 순간이 있었나요?,감정,6,1,5,0.3843892678173452,0.9147008203936476,0.49355072408323314,6.0,0.5921875166488293
29,360,오늘 하루 중 가장 단골손님처럼 찾아온 감정은 무엇인가요?,감정,5,1,3,0.41364385041016266,0.8012552238730578,0.5441216712273839,5.0,0.5898551507296581
30,88,"최근에 나의 한계를 느꼈던 적이 있다면, 어떤 순간이었나요?",감정,0,0,0,0.34053780701166014,0.9249957487719456,0.5022010563609521,3.9153846153846152,0.5723008761181979
31,301,최근에 꼭 필요하지 않지만 산 물건은 무엇인가요?,취향,7,3,4,0.475798645201903,0.5937275025233624,0.5647177682521445,7.0,0.5627712308610021
32,115,"미루고 싶을 때 나를 움직이게 하는 나만의 방법이 있다면, 어떤 건가요?",루틴,5,2,3,0.3671664013358354,0.9447752629672375,0.49040088463625087,5.0,0.5571099690888154
33,66,최근에 가장 뿌듯했던 순간은 언제인가요?,감정,7,5,1,0.636837085806526,0.06080440993183613,0.7218456732870571,7.0,0.5380213588379934
34,386,지금 겪고 있는 힘든 일이 있다면 무엇인가요?,감정,6,1,5,0.23969555572348286,0.9843784664186054,0.3336308590858571,6.0,0.5095875039292777
35,373,"오늘이 지나도 꼭 간직하고 싶은 감정이 있다면, 어떤 건가요?",감정,2,1,1,0.38734797140621324,0.8800473305399947,0.668064659737354,2.0,0.5076178724347332
36,325,좋아하는 시의 제목이나 글귀가 있다면 어떤 건가요?,취향,6,1,4,0.3829670079091573,0.9181522946778269,0.47468819877303664,6.0,0.49757621508322963
37,396,"참다 참다 폭발한 적이 있다면, 어떤 상황이었나요?",감정,5,1,3,0.4013776411534627,0.8306594351714376,0.5113561291439512,5.0,0.49718317798642614
38,25,"나만 알고 있는 맛집이 있다면, 어떤 곳인가요?",취향,7,2,4,0.3936168856411311,0.8973485861137993,0.4701246974581737,7.0,0.48421974879836666
39,417,"최근에 시작한 일 중 루틴에 넣고 싶은 일이 있다면, 어떤 건가요?",루틴,3,2,1,0.31917505987363076,0.9704118209252818,0.49758704483573707,3.0,0.4839315722289143
40,632,문득 나 자신이 어른스러워졌다고 느낀 최근의 순간은 언제인가요?,가치관,5,1,3,0.3134157664449466,0.9809056648315939,0.42001675270240973,5.0,0.481914400646757
41,377,"오늘 완전히 방전됐다가 다시 충전된 순간이 있다면, 어떤 때였나요?",감정,2,1,1,0.2707791121642441,0.9884919341281807,0.5330728416523891,2.0,0.47430377476768437
42,345,최근 나에게 고생했다고 토닥여주고 싶은 날은 언제였나요?,감정,6,4,2,0.589885905261241,0.168422173131634,0.6746728035045614,6.0,0.4599585277863232
43,306,최근 산 것 중 가장 만족스러운 건 무엇인가요?,취향,6,1,2,0.47397277632879814,0.5995342008222622,0.5586362831678796,6.0,0.4592891445465641
44,1,요즘 자주 찾는 색깔은 무엇인가요?,취향,6,2,1,0.5708064157899294,0.20724680436394283,0.6546317719711893,6.0,0.45474227998821665
45,5,"계절이 바뀌 때 기억나는 냄새가 있다면, 어떤 냄새인가요?",취향,0,0,0,0.45287732512661516,0.6974806157393225,0.5284234627340259,6.592233009708738,0.45028086534182205
46,357,"축 처져 있다가 기분이 다시 살아난 계기가 있다면, 어떤 건가요?",감정,6,1,5,0.5897223640438951,0.13722835738856431,0.6684932731299925,6.0,0.42732252419065236
47,69,"최근에 용기를 냈던 경험이 있다면, 어떤 순간이었나요?",감정,3,2,1,0.35585372693868383,0.9261230517359591,0.5127867666316067,3.0,0.4256712498848608
48,93,"내가 세상에 태어나길 잘했다고 느낀 순간이 있다면, 어떤 때였나요?",감정,6,0,5,0.2889725379457877,0.9816615168148326,0.3671556220624822,6.0,0.42413364580113183
49,79,행복의 기준이 있다면 무엇인가요?,감정,4,2,1,0.4551604455646021,0.6690986481932713,0.5723362575261822,4.0,0.4237762758057681
50,610,"가장 최근에 생각이 바뀐 주제가 있다면, 어떤 건가요?",가치관,3,2,1,0.5131527355265839,0.43297990085383076,0.6617532509776894,3.0,0.4030697886778984
51,370,"오늘 아침, 눈을 떴을 때 가장 먼저 든 기분은 무엇인가요?",감정,3,2,1,0.49392366873764715,0.5159315933912744,0.6400267423222019,3.0,0.3962956307126309
52,52,오늘 나를 웃게 만든 장면은 무엇인가요?,감정,4,2,1,0.532715505146217,0.35222005207198437,0.6387671692529423,4.0,0.3835448503048397
53,49,누군가 나에 대한 책을 쓴다면 제목은 뭘까요?,취향,7,2,5,0.35329635883327476,0.9201245023429938,0.4138970827977767,7.0,0.3835434139099731
54,50,"예전엔 좋아했는데 지금은 아닌 취향이 있다면, 어떤 건가요?",취향,6,0,5,0.41168668591101404,0.8493764848025644,0.4823630356805673,6.0,0.38341053232096495
55,78,"과거의 나에게 해주고 싶은 위로가 있다면, 어떤 말인가요?",감정,6,2,3,0.5374190574166343,0.32728518904467985,0.6073952926061342,6.0,0.3796124965607824
56,432,오늘은 하루를 계획적으로 보냈나요 아니면 즉흥적으로 보냈나요?,루틴,0,0,0,0.3827553314510869,0.8933715028250824,0.6326679544384232,1.6715328467153285,0.3776954777939959
57,31,"좋아하는 목소리나 말투가 있다면, 어떤 느낌인가요?",취향,6,3,3,0.5832348410492401,0.1460476777503239,0.6527563046111435,6.0,0.37714541623773584
58,364,최근 나를 가장 강하게 흔들어 놓은 감정은 무엇인가요?,감정,4,1,3,0.5064773683360823,0.4640975307029735,0.6071299698177144,4.0,0.36401868177396335
59,129,"기념일에 반복적으로 하는 일이 있다면, 어떤 건가요?",루틴,5,1,4,0.35005452180283897,0.9654193947027248,0.43039515999162686,5.0,0.3631984267651847
60,348,오늘 하루를 관통한 감정에 이름을 붙인다면 무엇일까요?,감정,3,1,2,0.3019129503194074,0.9669655220512893,0.4354793309029607,3.0,0.3622906194696114
61,61,최근 나를 가장 답답하게 만든 일은 무엇인가요?,감정,4,1,3,0.5561815377268149,0.27393697726306376,0.6536296336206564,4.0,0.3524293151541874
62,53,오늘 하루 중 가장 차분했던 때는 언제인가요?,감정,2,1,1,0.4883887694904186,0.5386801943455652,0.6822680740338996,2.0,0.35059048561228656
63,458,물건의 자리가 정해져 있는 편인가요? 나만의 정리 규칙이 있다면 어떤 건가요?,루틴,3,2,0,0.5720805466469343,0.1857117627851423,0.7002474621931554,3.0,0.34764490155292416
64,530,"오늘 내가 먼저 용기 내어 다가간 적이 있다면, 어떤 순간이었나요?",관계,0,0,0,0.1901079223175074,0.9997007796256795,0.460403023810972,1.4133333333333333,0.3453993008045599
65,492,"오늘 일과 삶의 균형을 위해 노력한 게 있다면, 어떤 건가요?",루틴,0,0,0,0.1943828645447554,0.9997619152288644,0.4174181687766052,1.6715328467153285,0.33707551379286027
66,320,"힘들 때마다 찾게 되는 곳이 있다면, 어디인가요?",취향,5,1,2,0.5800540639174607,0.17265219122948583,0.6537322466739364,5.0,0.3330792568661003
67,127,"운동하기 싫을 때 나를 움직이게 하는 주문이 있다면, 어떤 건가요?",루틴,3,0,3,0.30299273274083494,0.9815750452354555,0.4237630651083666,3.0,0.3275821231047983
68,450,"집중이 안 될 때 나를 다시 잡아주는 나만의 방법이 있다면, 어떤 건가요?",루틴,3,0,3,0.3449304404290155,0.9687893895318669,0.46403781343104494,3.0,0.3230714477683224
69,124,"약속 시간에 늦지 않기 위해 하는 준비가 있다면, 어떤 건가요?",루틴,3,1,2,0.3625322564931146,0.9491520205375679,0.481064253525871,3.0,0.3215107757232679
70,94,가장 힘들었던 순간에서 배운게 있다면 무엇인가요?,감정,4,1,3,0.4804725794649856,0.5641609426459874,0.5686591987915782,4.0,0.3189343985632275
71,646,"지금보다 나은 나를 위해 요즘 시도하고 있는 것이 있다면, 어떤 건가요?",가치관,2,1,1,0.41463247504555056,0.8288775751504727,0.5903501183111872,2.0,0.3177488903635409
72,524,"말을 건네고 싶었지만 꾹 참은 사람이 있다면, 어떤 말을 하고 싶었나요?",관계,3,1,2,0.21790646748237888,0.9939670702429769,0.33320906733111544,3.0,0.31275123382956455
73,427,오늘 몸이 가장 바쁘게 움직였던 시간은 언제인가요?,루틴,0,0,0,0.39424572295788723,0.8559150005756784,0.593930038888374,1.6715328467153285,0.3017849287154822
74,473,"물건을 살 때 가격을 꼼꼼히 따져보는 편인가요, 아니면 가격보다 더 중요하게 여기는 나만의 기준이 있나요?",루틴,2,2,0,0.46393261968855376,0.6540733543222884,0.6307119839864991,2.0,0.30158586785219177
75,605,"괜찮지 않은데 '괜찮아'라고 넘긴 적이 있다면, 어떤 순간이었나요?",가치관,4,1,2,0.5183296059354,0.4054535363171636,0.6015461946319416,4.0,0.3009598606804928
76,419,"잠 들기 전 꼭 하는 일이 있다면, 어떤 건가요?",루틴,4,1,2,0.5423783980376196,0.294988246725355,0.6244504891642667,4.0,0.29682068801576533
77,471,"나만의 작은 성취를 기록하는 방식이 있다면, 어떤 건가요?",루틴,5,1,4,0.3500545217414499,0.9654193947778085,0.4155496512472317,5.0,0.29608587302212547
78,423,오늘 나를 정신없이 달리게 만든 주범은 무엇인가요?,루틴,3,1,2,0.3462774374737738,0.9231940791952307,0.45534566544994404,3.0,0.29584088230362
79,11,최근 새로 시도해서 재밌던 일은 무엇인가요?,취향,4,1,3,0.2561312227680057,0.997062575244719,0.33776501570106027,4.0,0.2952355453735794
80,128,"여행 가방을 싸는 나만의 규칙이 있다면, 어떤 건가요?",루틴,2,0,1,0.3575964971280773,0.9534694568219867,0.5203117295351541,2.0,0.2942367287753472
81,54,"최근에 눈물이 났던 적이 있다면, 어떤 순간이었나요?",감정,2,1,1,0.3459482271799621,0.918711107048497,0.5082006127071567,2.0,0.29339976624979985
82,566,"처음엔 별로였는데 나중에 좋아진 적이 있다면, 어떤 경험이었나요?",사랑,0,0,0,0.4202005075527648,0.7973856741423129,0.5936089872627839,1.8588235294117648,0.29143866514176475
83,219,"사랑하는 사람의 습관 중 귀여운 점이 있다면, 어떤 건가요?",사랑,5,1,4,0.44213107646524547,0.7399379538941112,0.5053350545819408,5.0,0.28572819353691087
84,641,오늘의 작은 선택이 미래의 나를 어떻게 바꿀까요?,가치관,2,1,1,0.36436765087708944,0.8898407525114653,0.521624241857092,2.0,0.28436590861118605
85,331,SNS에 일상을 올리는 편인가요? 올린다면 어떤 순간을 주로 올리나요?,취향,5,1,3,0.32414243395310494,0.9868173516583673,0.3864238906681387,5.0,0.28155772228731274
86,375,이번 주 통틀어 가장 환하게 웃었던 기쁜 순간은 언제인가요?,감정,3,1,2,0.4790355667450492,0.5782914755929125,0.5825388756347588,3.0,0.28074638042130773
87,351,"내 안에서 낯선 감정이 고개를 들었던 적이 있다면, 어떤 느낌이었나요?",감정,4,1,3,0.26945978572881846,0.9890344425640882,0.3466797112953034,4.0,0.2792724191686695
88,467,운동할 때 혼자하는 것과 같이 하는 것 중 무엇이 더 좋은가요?,루틴,3,1,1,0.321530973111191,0.9815374730141826,0.42359388640564055,3.0,0.2768393956680477
89,509,"부모님한테 인정받고 싶은 마음이 있다면, 어떤 부분에서 인정받고 싶나요?",관계,3,1,2,0.4362848514769307,0.7251247430380924,0.5357233756239828,3.0,0.26972090098558393
90,148,과거의 나보다 좋아진 습관이 있다면 무엇인가요?,루틴,3,1,2,0.49165421432965334,0.5276161013207787,0.5910538992112006,3.0,0.26961555185881997
91,528,오늘 누군가와 진심이 닿는 대화를 나눴나요?,관계,3,0,2,0.10506971382919694,0.999989829075983,0.2032321855881228,3.0,0.26625968710713555
92,84,"남에게 말하지 못한 비밀스러운 걱정이 있다면, 어떤 건가요?",감정,5,1,4,0.22336426306877893,0.9924405944173671,0.28217925950249395,5.0,0.26588678726610354
93,627,시간을 되돌린다면 오늘을 어떻게 다르게 살까요?,가치관,0,0,0,0.46160834581132953,0.639755828407923,0.6327022818149677,1.6888888888888889,0.2612608725255733
94,633,"오늘 나의 원칙을 잘 지켜냈다면, 어떤 방식으로 지켰나요?",가치관,0,0,0,0.24461434118022915,0.9984374154202561,0.4146922668478207,1.6888888888888889,0.25970942217560355
95,442,"공부나 작업을 시작하기 전에 꼭 하는 게 있다면, 어떤 건가요?",루틴,2,2,0,0.387586653603641,0.9055181638425227,0.5257359696453756,2.0,0.24981436730507162
96,464,"운동할 때 꼭 듣는 음악이 있다면, 어떤 건가요?",루틴,4,3,1,0.42762772752895983,0.7854096511858132,0.49654836755524423,4.0,0.2492573481467762
97,119,"내가 지키는 습관 중 남들에게 추천하고 싶은 게 있다면, 어떤 건가요?",루틴,4,1,3,0.3114819518532138,0.9887546855228875,0.380034915750502,4.0,0.24792761619919837
98,376,"오늘 감정을 말로 설명하기 참 어려웠던 순간이 있다면, 어떤 때였나요?",감정,1,1,0,0.27385502085674246,0.9914987966085386,0.5477187488424997,1.0,0.247612857938081
99,515,최근에 가장 기분 좋게 이야기를 나눈 사람은 누구인가요?,관계,2,0,2,0.41511849679690366,0.759115583881198,0.5518986342514625,2.0,0.24733849198202876
100,456,"공부나 작업할 때 옆에 꼭 있어야 편한 것이 있다면, 어떤 건가요?",루틴,2,2,0,0.3875866535815876,0.9055181638936528,0.5235687317902427,2.0,0.24589536746067983
101,3,"비 올 때 듣고 싶은 노래가 있다면, 어떤 노래인가요?",취향,4,3,1,0.6043650685165217,0.09610383066278372,0.6723419548258299,4.0,0.2458441826754829
102,468,운동하면서 나 자신에 대해 알게 된 점이 있나요?,루틴,0,0,0,0.31608516281157917,0.9850269406612511,0.47817923916102195,1.6715328467153285,0.24497441898915823
103,17,여행지에서 꼭 들르는 곳은 어디인가요?,취향,5,1,2,0.3612538995003735,0.9606327035494072,0.41387149667910844,5.0,0.23787001132071878
104,359,요즘 나를 든든하게 지탱해주는 감정은 무엇인가요?,감정,3,2,1,0.573331409890909,0.19235568038552275,0.6608660902413379,3.0,0.23743245441462743
105,526,"오늘 관계 때문에 마음이 조금 무거웠다면, 어떤 일이었나요?",관계,2,1,0,0.16829699835370546,0.9999132150685927,0.2995249643920667,2.0,0.23729854224324265
106,138,"새로운 취미를 시작할 때 거치는 과정이 있다면, 어떤 건가요?",루틴,3,0,3,0.30025546429069955,0.9922924464753702,0.38451167180425255,3.0,0.22853979782097927
107,183,다투면 먼저 사과하는 편인가요? 사과할 때 나만의 방식이 있나요?,관계,2,0,2,0.41963086097161156,0.8143541073868352,0.5453009940561531,2.0,0.22724835478863142
108,354,오늘 하루 감정 그래프를 그리면 어떤 모양일까요?,감정,3,0,3,0.2057908540401039,0.9949749847172518,0.28846962686687505,3.0,0.22426110293271323
109,32,"오래된 물건 중 버리지 못하는 게 있다면, 어떤 물건인가요?",취향,3,1,1,0.5893558318916489,0.13506179471932617,0.6719997744938516,3.0,0.22416662808372786
110,59,오늘 하루 중 가장 아쉬웠던 순간은 언제인가요?,감정,2,2,0,0.5096201353181607,0.45106175404184634,0.6334332678679796,2.0,0.22389035471335944
111,642,오늘 겪은 시련이나 실수에서 찾은 뜻밖의 배움은 무엇이었나요?,가치관,1,1,0,0.2571743290447785,0.9962694703453784,0.5032455516049269,1.0,0.22248436885955458
112,136,"매일 일기를 쓰거나 기록을 남기는 습관이 있다면, 어떤 방식인가요?",루틴,0,0,0,0.36435809781261497,0.9433312503987836,0.5093303352812433,1.6715328467153285,0.21909801050886815
113,625,"예전이라면 크게 흔들렸을 상황에서, 의외로 덤덤해진 나를 발견한 순간이 있었나요?",가치관,3,2,1,0.3123797663637295,0.9824268571346454,0.3927250220991683,3.0,0.2179315808713374
114,288,더 나은 세상을 위해 소소하게라도 하고 있는 행동이 있나요?,가치관,2,0,1,0.375593710507982,0.941308603204466,0.4929073871104781,2.0,0.2121374374943041
115,645,"성장했다고 느낀 순간이 있다면, 어떤 때였나요?",가치관,3,2,1,0.5357746790443509,0.3208507972632305,0.6120253863753242,3.0,0.20682536932752627
116,518,"오늘 누군가에게 ""고마워""라고 말하고 싶었나요?",관계,0,0,0,0.2034755885285752,0.9972161964851641,0.364926717082545,1.4133333333333333,0.20631194057357571
117,125,"가계부를 쓰거나 돈을 관리하는 방법이 있다면, 어떤 건가요?",루틴,2,0,1,0.3251225322866481,0.9796956290489873,0.43772305271094425,2.0,0.20361467268878516
118,465,"운동 전에 꼭 하는 루틴이 있다면, 어떤 건가요?",루틴,2,0,2,0.3511267319671454,0.961843610086962,0.46277444626997816,2.0,0.20189172055831014
119,490,"겉으론 '응'이라고 하지만 속으론 '싫어' 하는 게 있다면, 어떤 건가요?",루틴,3,2,0,0.5371302041970174,0.32273177623527394,0.6112560031995238,3.0,0.20106168574732447
120,608,채워지지 않는 결핍이 있다면 무엇인가요?,가치관,2,0,2,0.45575336622811846,0.6463269544018467,0.5665305849945166,2.0,0.2003176100385692
121,457,물건을 잘 버리는 편인가요? 버릴 때 기준이 있다면 어떤 건가요?,루틴,0,0,0,0.5548921362806976,0.24942941516890088,0.6834989864998193,1.6715328467153285,0.1943648350389786
122,438,"운동을 시작하게 된 계기가 있다면, 어떤 건가요?",루틴,0,0,0,0.32196691600998384,0.9782332388892518,0.44976393909518536,1.6715328467153285,0.1931409350909874
123,214,"첫눈에 반한 적이 있다면, 어떤 느낌이었나요?",사랑,2,0,2,0.37055646521858154,0.9149023773137437,0.47667697253518937,2.0,0.1918969138101477
124,533,"이번 주, 존재만으로도 감사했던 사람이 있었나요?",관계,0,0,0,0.31285830871094555,0.9482119064820427,0.4621108488187497,1.4133333333333333,0.19072385223298818
125,123,"건강을 위해 매일 챙겨 먹는 게 있다면, 어떤 건가요?",루틴,4,3,1,0.39153391364627926,0.8997967520290929,0.4442404324094049,4.0,0.1906176015187139
126,452,공부하다 잠깐 쉴 때 주로 뭘 하나요?,루틴,4,3,1,0.39153391273578775,0.8997967539168918,0.44334025044987113,4.0,0.18736202030166937
127,384,"나도 이해 안 되는 내 모습이 있다면, 어떤 모습인가요?",감정,3,1,1,0.5935493199738128,0.12956000802161433,0.6623463036150695,3.0,0.1866076007460571
128,425,오늘 아무 생각 없이 기계적으로 반복한 행동은 무엇인가요?,루틴,1,0,1,0.33789669438721714,0.951994427858738,0.5409224529489909,1.0,0.18356497474956626
129,466,"운동 후에 꼭 하는 것이 있다면, 어떤 건가요?",루틴,0,0,0,0.36435809781261497,0.9433312503987836,0.48579735314454237,1.6715328467153285,0.18353237630523206
130,190,"관계를 정리할 때 나만의 기준이 있다면, 어떤 건가요?",관계,3,1,2,0.268868714562127,0.996386069206766,0.33644221201726865,3.0,0.18328896946815945
131,431,오늘 하루 종일 가장 많이 반복한 행동은 무엇이었나요?,루틴,1,1,0,0.3559687023233515,0.9284456984352137,0.5585165127686301,1.0,0.18313283976059969
132,118,"하루 일정을 정리하는 나만의 도구가 있다면, 어떤 건가요?",루틴,0,0,0,0.36435809781261497,0.9433312503987836,0.48326739828776727,1.6715328467153285,0.17970882991127768
133,443,"집중이 잘 되는 시간대가 있다면, 언제인가요?",루틴,3,1,2,0.5423783980626555,0.2949882466290825,0.6080114319190211,3.0,0.17802558091044493
134,507,"가족이라서 참고 있는 게 있다면, 어떤 건가요?",관계,4,1,2,0.2701243576991406,0.9908997436595826,0.31870872227357183,4.0,0.17570948079705126
135,291,"과거로 돌아갈 수 있다면 바꾸고 싶은 선택이 있다면, 어떤 건가요?",가치관,3,1,2,0.5670117238181112,0.22780800486738517,0.6315120642201543,3.0,0.17495321935177455
136,529,상대의 감정을 예민하게 읽어낸 순간이 있었나요?,관계,2,0,2,0.2231767252620466,0.9995629104384711,0.31894205800799663,2.0,0.17317172965562788
137,472,"운동으로 성취감을 느낀 적이 있다면, 어떤 순간이었나요?",루틴,2,1,1,0.3279382707543006,0.9753121496572743,0.4216528944083077,2.0,0.16946344785584166
138,609,회피하고 있는게 있다면 무엇인가요?,가치관,0,0,0,0.5397525554535925,0.3199088689838794,0.6506476546888014,1.6888888888888889,0.16933709669514319
139,628,오늘 누구의 눈치도 보지 않고 오직 내 마음대로 정한 건 무엇인가요?,가치관,1,0,1,0.2817979147567093,0.9937093139884519,0.46881730041223957,1.0,0.16909287298681025
140,229,"사랑이 나를 더 나은 사람으로 만든 적이 있다면, 어떻게 달라졌나요?",사랑,2,2,0,0.39358352446066813,0.8590527676347567,0.4852660495778259,2.0,0.16578881938260892
141,827,"평소 '법을 어기더라도 불의에 맞서야 한다'고 생각하시나요, 아니면 '부당해도 법은 지켜야 한다'고 생각하시나요?",가치관,2,1,1,0.5151016478879193,0.40987344034309475,0.6053862059374903,2.0,0.16326088606734712
142,626,오늘 나를 움직이게 한 가장 큰 동력은 무엇인가요?,가치관,0,0,0,0.36541781004154505,0.899169236760753,0.47179064521659236,1.6888888888888889,0.16243158805032634
143,567,"이번 주, 마음이 몽글몽글한 순간은 언제였나요?",사랑,4,1,3,0.40005726163005007,0.8088036615718104,0.4441997185425569,4.0,0.15964494448250358
144,336,오늘 내 복잡한 마음을 잠시 쉬게 해준 건 무엇이었나요?,취향,1,0,1,0.22717109921961856,0.9989014127721974,0.40220015522453456,1.0,0.1582518616040881
145,150,오늘 하루를 기록한다면 어떤 제목을 붙이고 싶나요?,루틴,2,0,2,0.20344500359645493,0.9973281539294098,0.29086801887741814,2.0,0.15808637983931645
146,433,오늘 루틴 중에서 나를 칭찬해주고 싶은 순간은 무엇인가요?,루틴,1,1,0,0.2413268055829822,0.9978607440120596,0.4149737995314738,1.0,0.15700227540238115
147,649,어떻게 죽게 될지에 대한 나만의 예감이 있나요?,가치관,4,3,1,0.6274989679708936,0.09097996024116695,0.6708108127214226,4.0,0.1566409650540757
148,135,"화난 마음을 가라앉히는 나만의 루틴이 있다면, 어떤 건가요?",루틴,0,0,0,0.40074644830399986,0.8659554866777492,0.5043026501792511,1.6715328467153285,0.15650553652820678
149,648,"절대 장난스럽게 얘기할 수 없는 진지한 주제가 있다면, 무엇인가요?",가치관,2,1,1,0.4770305998245813,0.5857450271271223,0.5613439386114921,2.0,0.15246317526514058
150,531,오늘 내가 누군가를 소리 내어 웃게 만들었나요?,관계,1,0,1,0.22488231964338523,0.9943284905539024,0.392823334707055,1.0,0.15184323608966663
151,21,"남들은 모르지만 혼자 발견한 풍경이 있다면, 어떤 풍경인가요?",취향,2,0,2,0.26694256703709984,0.9980116051183561,0.3498975626130848,2.0,0.15000689347133078
152,245,"사랑하는 사람 때문에 내가 바뀐 점이 있다면, 어떤 건가요?",사랑,0,0,0,0.3704672374188907,0.9053256931733434,0.4586987846438867,1.8588235294117648,0.1482861990927178
153,430,오늘 조금 과하다 싶었던 나의 행동은 무엇이었나요?,루틴,1,0,1,0.20252430069677121,0.9996064519744264,0.36536219426967365,1.0,0.14722926801865632
154,525,오늘 누군가에게 미안한 마음이 가볍게 스쳤나요?,관계,1,0,1,0.20070670414276848,0.9975553039772499,0.3629633532628645,1.0,0.14670373803635967
155,483,"꿈을 기록해본 적이 있다면, 어떤 경험이었나요?",루틴,2,0,2,0.310878862812061,0.985472060833567,0.3919455964265462,2.0,0.1465923635935586
156,478,"돈 때문에 고민했던 경험이 있다면, 어떤 상황이었나요?",루틴,0,0,0,0.27970027357914,0.9848347538503246,0.3733921153619217,1.6715328467153285,0.1415974292316573
157,802,망해가는 회사의 사장과 잘나가는 대기업의 평사원 중 뭐가 더 편한가요?,가치관,2,0,1,0.5623421929160374,0.20780868846435135,0.6403530407328124,2.0,0.14106642833028957
158,155,최근 누군가에게 받은 기분 좋은 문자는 무엇인가요?,관계,2,0,2,0.2710145336849728,0.9928345819539671,0.3489679749277084,2.0,0.14096262045498692
159,453,"쉬고 있는데도 불안했던 적이 있다면, 그 불안은 어디에서 오는 걸까요?",루틴,3,0,3,0.22699354099787122,0.9988958422294909,0.278798027269901,3.0,0.1405164933031784
160,83,"내 감정을 다스리는 나만의 루틴이 있다면, 어떤 건가요?",감정,2,1,1,0.49491834905129034,0.5125028670201267,0.5725255621453805,2.0,0.14033653870246535
161,588,"과거의 나에게 '괜찮아, 그럴 수 있어'라고 말해주고 싶은 순간이 있나요?",가치관,2,0,2,0.5089099764346277,0.44826216911150996,0.5861649754442055,2.0,0.13969963262721707
162,102,"매일 밤 자기 전 꼭 지키는 습관이 있다면, 어떤 건가요?",루틴,0,0,0,0.36435809781261497,0.9433312503987836,0.45648852159524683,1.6715328467153285,0.13923764239674977
163,491,오늘 충분히 휴식했나요?,루틴,1,1,0,0.25819534060764043,0.9847559149128223,0.41152303446510685,1.0,0.1386306567734917
164,440,운동이 나에게 주는 가장 큰 선물은 무엇인가요?,루틴,0,0,0,0.31608516281157917,0.9850269406612511,0.40774825669070874,1.6715328467153285,0.13853136198129565
165,159,"요즘 새로 알게 된 사람 중 호감이 가는 사람이 있다면, 어떤 점이 끌리나요?",관계,1,0,1,0.22959366452386737,0.9924477469437041,0.38177176569890614,1.0,0.13759125688050763
166,292,내가 생각하는 '사회적 책임'이란 무엇인가요?,가치관,0,0,0,0.41675707238688053,0.81136423458728,0.506858052476519,1.6888888888888889,0.13758442422604453
167,228,"사랑하는 사람과 나누고 싶은 깊은 대화 주제가 있다면, 어떤 건가요?",사랑,2,1,1,0.4548617636811312,0.6752935614542186,0.5306500856659384,2.0,0.13704745161407852
168,555,싸운 뒤 바로 풀려고 하는 편인가요 아니면 시간을 두고 대화하는 편인가요?,사랑,2,1,1,0.5966339112852596,0.12289574317032842,0.671573740151487,2.0,0.1355131279007661
169,126,"업무나 공부를 시작하기 전 마음을 가다듬는 행동이 있다면, 어떤 건가요?",루틴,1,1,0,0.3761135452794384,0.9260710812913175,0.5201131179866783,1.0,0.130196671177121
170,612,"절대 바뀌지 않을 것 같은 생각이 있다면, 어떤 건가요?",가치관,2,1,1,0.47533833744642284,0.5969698450423337,0.546786020229778,2.0,0.12919830645086416
171,211,"사랑이 시작될 때 나만 아는 신호가 있다면, 어떤 건가요?",사랑,2,2,0,0.40147149740282706,0.8560618351266528,0.4718005361593906,2.0,0.1271754708856985
172,589,과거로 돌아가고 싶은 순간이 있나요?,가치관,2,2,0,0.4395299526827012,0.6958790091461653,0.5090772482884303,2.0,0.1257618506361289
173,545,소중한 사람에게 아직 전하지 못한 고마운 말이 있나요?,관계,0,0,0,0.251022909943486,0.9867419606197215,0.34934186405490064,1.4133333333333333,0.12563785957748602
174,165,"주변 사람들로부터 자주 듣는 부탁이 있다면, 어떤 건가요?",관계,2,1,1,0.49293244641724193,0.5214823262194981,0.562043027134974,2.0,0.12497214239461492
175,383,내 모습을 숨김없이 다 보여준다면 어떤 일이 벌어질 것 같나요?,감정,3,1,1,0.5078022042470194,0.4605432709414836,0.5533879955854192,3.0,0.12364866451307371
176,613,예전엔 중요했는데 지금은 중요하지 않은 것이 있다면 무엇인가요?,가치관,1,0,1,0.5172897745636944,0.4063864731336462,0.6479267091562909,1.0,0.11811489226651169
177,697,연애는 SNS에 공개하는 것과 비공개로 두는 것 중 뭐가 더 편한가요?,관계,0,0,0,0.4746256710602426,0.6020068120335048,0.5665041922452805,1.4133333333333333,0.1174078879007592
178,512,"상황이 사람을 바꾼다고 느꼈던 적이 있다면, 어떤 경험이었나요?",관계,2,0,1,0.22759127437875853,0.9990651251964383,0.29247329389332966,2.0,0.117325667031253
179,82,"두려움을 극복하고 무언가 해낸 적이 있다면, 어떤 일이었나요?",감정,2,2,0,0.3840617808375915,0.8958030046060288,0.447199200852202,2.0,0.1141709209002497
180,38,"전시회에서 작품을 보는 나만의 방식이 있다면, 어떤 건가요?",취향,4,0,4,0.2942825712912363,0.9962422239075533,0.3257883815717693,4.0,0.11394343869624778
181,581,내가 틀렸다는 걸 인정하기 어려운 주제가 있다면 무엇인가요?,가치관,1,0,1,0.5290903389759071,0.3625229133617005,0.6547227787723191,1.0,0.11359009714985448
182,58,지금 내 마음의 온도는 몇 도쯤 될까요?,감정,3,1,2,0.5069813942814747,0.46319729171805707,0.5465319640534826,3.0,0.1072784959843495
183,435,오늘 정리한 나의 생활이나 마음은 무엇이었나요?,루틴,2,0,2,0.1610131053005545,0.9998702041251756,0.22030638434415004,2.0,0.10721958974624321
184,132,"중요한 일을 앞두고 지키는 징크스 같은 행동이 있다면, 어떤 건가요?",루틴,2,0,2,0.35112673191567206,0.9618436101484196,0.41037130342115813,2.0,0.10713151227206931
185,271,내가 생각하는 '공정하다'는 건 어떤 건가요?,가치관,3,1,2,0.4119710216685945,0.829542169252927,0.45094548132886747,3.0,0.10571583262287147
186,470,"운동 목표가 있다면, 어떤 목표인가요?",루틴,1,0,1,0.35759649726881054,0.9534694566792319,0.4741432781371968,1.0,0.10537533285826453
187,514,"요즘 가장 신경쓰이는 사람이 있다면, 어떤 이유인가요?",관계,1,1,0,0.18419010918353007,0.9978952264500333,0.29814153764361856,1.0,0.10302875475571086
188,231,나만의 독특한 연애관이 있다면 무엇인가요?,사랑,1,0,1,0.31493994161791156,0.9708306060949263,0.4283678118675243,1.0,0.1025553815720975
189,522,사람들과 더 가까워지는 걸 방해하는 게 있다면요?,관계,1,0,0,0.44084825389994053,0.7312332803073396,0.5538232598576829,1.0,0.10214592602866762
190,541,"그때 하지 못한 말이 있다면, 지금은 할 수 있을까요?",관계,2,1,0,0.20740971368776706,0.9987945769450969,0.263448724490394,2.0,0.10133492100555282
191,270,나에게 '약속'은 어떤 무게인가요?,가치관,0,0,0,0.36878436528574515,0.8951334724404489,0.43458378909732376,1.6888888888888889,0.1004758863945211
192,437,"손이 안 가서 끝까지 붙잡고 있었던 일이 있다면, 어떤 건가요?",루틴,0,0,0,0.2384119067486399,0.9969047925507303,0.30312360877644623,1.6715328467153285,0.09779945056034049
193,426,오늘 나의 에너지를 가장 많이 잡아먹은 일은 무엇인가요?,루틴,1,0,0,0.39424572295788723,0.8559150005756784,0.5023669861033374,1.0,0.09775743275032231
194,153,"만났을 때 기운을 얻게 되는 사람이 있다면, 누구인가요?",관계,0,0,0,0.3841043252959662,0.8450874733333555,0.4601662964107708,1.4133333333333333,0.09719655108698057
195,578,나에게 좀 더 다정해지고 싶은 순간이 있나요?,가치관,1,0,1,0.35357759216753876,0.9131774170641047,0.4605348460194465,1.0,0.09670499813271016
196,798,"지금 아니면 못 갈 것 같다면, 여행과 커리어 중 뭐가 더 끌리나요?",가치관,4,0,4,0.5309834488124908,0.33435834723658353,0.5569036358425591,4.0,0.09374255781895396
197,506,"나만 노력하는 것 같은 관계가 있다면, 어떤 관계인가요?",관계,1,0,0,0.2674469617938644,0.9910664001397358,0.37105498722872454,1.0,0.0936768058769043
198,517,"나 자신과 했던 약속 중 아직 유효한 게 있다면, 어떤 건가요?",관계,0,0,0,0.2370687418350812,0.9992468500664571,0.3091305822254803,1.4133333333333333,0.09208494400382411
199,481,지금 구독하고 있는 서비스는 무엇이 있나요?,루틴,1,0,1,0.3361957522488409,0.9601940243091843,0.43720497524736124,1.0,0.09132710844449364
200,444,어디서 공부하는 게 가장 잘 되나요?,루틴,0,0,0,0.3988860815116126,0.8793809914573825,0.45740699385428063,1.6715328467153285,0.08844324741981753
201,584,삶에서 놓치고 있는 게 있다면 무엇인가요?,가치관,1,1,0,0.5278316645145898,0.35904375453740145,0.6255450723187693,1.0,0.08834720955277574
202,367,"이번 주에 아직 꺼내지 못한 감정이 있다면, 무엇인가요?",감정,1,0,0,0.13612684057401858,0.9997880304005314,0.23227380958891616,1.0,0.08693091982265372
203,643,"이번 주, 나에 대해 새롭게 발견한 의외의 면은 무엇인가요?",가치관,2,1,1,0.3824550564686508,0.8927465586441158,0.4302898322828381,2.0,0.08649926469119205
204,540,나에게 상처를 줬지만 덕분에 강해진 경험이 있나요?,관계,1,1,0,0.2432228849254151,0.995126154711027,0.3379261312003316,1.0,0.08562558334620181
205,193,누군가에게 배운 삶의 자세가 있다면 무엇인가요?,관계,1,0,1,0.26050799457176316,0.9982106324566843,0.35476262291702954,1.0,0.0852199671351762
206,622,요즘 내 인생에서 과감히 덜어내기로 한 것은 무엇인가요?,가치관,1,0,1,0.3126503364966384,0.9800126187761855,0.4058139931080855,1.0,0.08423356915203509
207,405,걱정이 많은 편인가요? 요즘 가장 큰 걱정은 뭔가요?,감정,2,0,2,0.5981809008976765,0.13214018897134927,0.6441609907894055,2.0,0.08314545011183802
208,158,"나를 웃게 만드는 재주가 있는 친구가 있다면, 어떤 사람인가요?",관계,0,0,0,0.24935834876306442,0.9921656917197593,0.3141351959919593,1.4133333333333333,0.08277574257750678
209,99,나에게 사랑이란 어떤 감정인가요?,감정,3,0,3,0.41487967284973987,0.8026964145124471,0.445315264658695,3.0,0.08255467702437935
210,532,"가장 가까운 사람에게 꼭 전하고 싶은 말이 있다면, 어떤 말인가요?",관계,0,0,0,0.251022909943486,0.9867419606197215,0.31417464397591266,1.4133333333333333,0.08069907541377738
211,451,"번아웃이 온 적이 있다면, 어떤 상황에서였나요?",루틴,0,0,0,0.27970027357914,0.9848347538503246,0.3330795840989832,1.6715328467153285,0.0806726925199287
212,106,"식사 후에 습관적으로 하는 행동이 있다면, 어떤 건가요?",루틴,1,1,0,0.563669373217288,0.21576933483541288,0.6523507743576276,1.0,0.0801809547537265
213,290,"사람은 원래 착하다고 생각하나요, 아니면 노력해야 착해질 수 있다고 생각하나요?",가치관,2,1,1,0.5151016476507381,0.4098734415076179,0.5582904419188675,2.0,0.07809797126684474
214,485,"밤에 갑자기 마음이 무거워진 적이 있다면, 어떤 생각이 찾아왔나요?",루틴,1,0,1,0.2750977160369981,0.9870332181430235,0.3613477280387954,1.0,0.0779826234238274
215,178,나를 성장하게 한 인연이 있다면 누구인가요?,관계,1,0,1,0.20947090181397643,0.9975442214379773,0.2943672053180346,1.0,0.0767586729853901
216,448,공부하다 막히면 어떻게 하나요?,루틴,0,0,0,0.36435809781261497,0.9433312503987836,0.41502124964988474,1.6715328467153285,0.07656773439850216
217,647,"모든 물건이 있는 집에 불이 났을 때, 소중한 가족과 애완동물을 대피시킨 후 하나의 물건만 가져나올 수 있다면 뭘 고를 것인가요?",가치관,3,1,2,0.6104998480589736,0.0870132137385673,0.6384760928702928,3.0,0.07588384905575841
218,607,어떤 순간에 나를 더 안아주고 싶어지나요?,가치관,2,0,2,0.5014094748963318,0.4834623240463794,0.543216375869415,2.0,0.07559910403335945
219,513,"외로움이 무서워서 관계를 유지한 적이 있다면, 어떤 관계였나요?",관계,1,0,1,0.22879395906074423,0.9971815562430691,0.31213668260651944,1.0,0.07535400951887299
220,616,"자존심 때문에 놓친 게 있다면, 어떤 건가요?",가치관,1,1,0,0.35285008116419747,0.9527796219407664,0.4361098840677071,1.0,0.07527903713255353
221,352,"나를 가장 잘 설명해주는 노래 한 소절이 있다면, 어떤 노래인가요?",감정,1,1,0,0.6064202496793777,0.10768275772436764,0.6893153072202025,1.0,0.07494925398697848
222,538,"다시 잡고 싶은 인연이 있다면, 어떤 사이였나요?",관계,0,0,0,0.2322118812429714,0.9966853033336074,0.29068418407612,1.4133333333333333,0.07471941741974314
223,489,"생각할 틈도 없이 자동으로 나오는 나만의 반응이 있다면, 어떤 건가요?",루틴,1,0,1,0.4421968989508092,0.7116488045934979,0.5243855371442089,1.0,0.07431054759528066
224,74,"최근에 느낀 감정 중 이름 붙이기 힘든 게 있었다면, 어떤 느낌이었나요?",감정,1,0,1,0.24869518484078493,0.9905363419076681,0.3303564098568067,1.0,0.07383368895786542
225,263,"매일 지키고 싶은 나만의 마음가짐이 있다면, 어떤 건가요?",가치관,1,1,0,0.3944631074522795,0.9058502993681156,0.4753401499824245,1.0,0.07312467331749177
226,185,"사람들 사이에서 소외감을 느꼈던 적이 있다면, 어떤 상황이었나요?",관계,0,0,0,0.2322118812429714,0.9966853033336074,0.2888956659182259,1.4133333333333333,0.07243394159054903
227,755,존중하는 상사의 힘든 일과 무관심한 상사의 편한 일 중 뭐가 더 나은가요?,가치관,0,0,0,0.5735069199628742,0.1714490034185357,0.6205883154448381,1.6888888888888889,0.07189340984637765
228,113,"스트레스가 쌓였을 때 나도 모르게 하는 행동이 있다면, 어떤 건가요?",루틴,1,1,0,0.5653757389767237,0.22181770127774153,0.6420307086887471,1.0,0.06930730208470065
229,469,운동하기 싫은 날은 어떻게 하나요?,루틴,2,1,1,0.36917617823634136,0.9385930143297032,0.407420120059677,2.0,0.06915623184817177
230,476,"소비 습관 중 바꾸고 싶은 게 있다면, 어떤 건가요?",루틴,1,0,1,0.5080433520330928,0.4517922260109052,0.5832127856902901,1.0,0.06796416025715386
231,300,"내 인생에서 꼭 한 번은 경험하고 싶은 순간이 있다면, 어떤 건가요?",가치관,1,1,0,0.5872602717193107,0.15805180689617682,0.6623604984595767,1.0,0.06790158708393194
232,629,"예전에는 당연했는데 지금은 다르게 보이는 것이 있다면, 어떤 건가요?",가치관,1,0,1,0.5631116251229582,0.1998880939095593,0.6379067518782396,1.0,0.06762573208190403
233,140,"중요한 약속 전날 꼭 하는 준비가 있다면, 어떤 건가요?",루틴,1,0,1,0.35759649690441897,0.9534694570510184,0.43209193440199917,1.0,0.0673547691685656
234,638,가보지 않은 길에 대한 미련을 지우는 나만의 방식은 무엇인가요?,가치관,0,0,0,0.5227603407777315,0.38731417715907146,0.5665286006102507,1.6888888888888889,0.06683424333944141
235,151,가족 중 가장 편하게 대화하는 사람은 누구인가요?,관계,3,2,0,0.44141245721113814,0.6923308547067804,0.4657922655619872,3.0,0.06612873562486214
236,618,"예전보다 조심스러워진 부분이 있다면, 어떤 건가요?",가치관,1,0,1,0.5631116251008256,0.19988809410155073,0.6358971040322986,1.0,0.06580871657290562
237,462,"지금 당장 버리고 싶은 것이 있다면, 어떤 건가요?",루틴,0,0,0,0.32495518001527063,0.9268604225531636,0.36812642918789185,1.6715328467153285,0.06524514603667327
238,247,"사랑하는 사람에게 끝내 하지 못한 말이 있다면, 어떤 말인가요?",사랑,1,0,1,0.36511463182358866,0.8917540775093264,0.4358251524424538,1.0,0.06393265083150176
239,133,"계절이 바뀔 때 집 안에서 바꾸는 게 있다면, 어떤 건가요?",루틴,1,0,1,0.3575964971626413,0.9534694567869747,0.427832173168049,1.0,0.06350332186311494
240,745,퇴사 못 하는 회사에서 월 600을 버는 것과 백수로 지내며 월 200을 받는 것 중 뭐가 더 나은가요?,가치관,1,0,1,0.5623421928751893,0.20780868880931153,0.6302865514420266,1.0,0.06143163583305667
241,653,"능력과 상관없이 하고 싶은 직업이 있다면, 어떤 건가요?",가치관,1,1,0,0.6332557285734552,0.05204746424510921,0.69874305644067,1.0,0.05921012078230565
242,368,지금 내 기분을 딱 한 단어로 정의한다면 뭘까요?,감정,2,1,1,0.6152167789884049,0.08408116650819053,0.6477130959115179,2.0,0.05876284504687764
243,619,"확신이 무너졌던 경험이 있다면, 어떤 일이었나요?",가치관,1,0,1,0.3693641306286203,0.914940796481483,0.4339124602678566,1.0,0.058361129071944406
244,536,"이번 주, 소중한 사람과 함께한 기억을 한 줄로 적어볼까요?",관계,3,0,3,0.18205417182071826,0.9999034508678455,0.2033021377138043,3.0,0.05763380494584726
245,521,누군가와 '진짜 함께 있다'는 건 어떤 느낌일까요?,관계,3,1,2,0.25637257448678974,0.9912025712643865,0.27726337693039305,3.0,0.05666502098389769
246,591,"잊고 싶은 기억이 있다면, 어떤 종류의 기억인가요?",가치관,1,0,1,0.5665309821491532,0.23554054240804106,0.6270006755897066,1.0,0.05467344551825338
247,689,친구 한 명을 잃는 것과 나머지 모든 친구를 잃는 것 중 뭐가 더 아픈가요?,관계,3,1,2,0.4497240344864573,0.693679461070869,0.469145514955067,3.0,0.05267957519885038
248,403,"밤에 갑자기 불안해진 적이 있다면, 어떤 생각이 찾아왔나요?",감정,1,1,0,0.37417644113640486,0.8865290789022028,0.43188434920841345,1.0,0.05217638768169123
249,90,지금 내가 가장 필요한 감정은 뭘까요?,감정,3,0,3,0.34839753556115377,0.9039366105903455,0.36689497678305016,3.0,0.050173175387435424
250,95,내가 생각하는 진짜 용기란 무엇인가요?,감정,2,2,0,0.45969158289350204,0.6560276028946137,0.48631518271604823,2.0,0.04814325496221461
251,192,사람들에게 듣고 싶은 진심 어린 말은 무엇인가요?,관계,3,0,3,0.44900852675005987,0.7013837154804315,0.46626215933328446,3.0,0.0467994207027813
252,543,"주변 사람을 덕질해 본 적이 있다면, 누구였나요?",관계,1,0,1,0.21964756072586478,0.997022250707764,0.27091374416099245,1.0,0.046352126619009774
253,751,배울 게 많은 상사와 편한 상사 중 누가 더 좋은가요?,가치관,0,0,0,0.5735069199628742,0.1714490034185357,0.6034160737450762,1.6888888888888889,0.04567135338726147
254,570,"이상형 중 특이한 조건이 있다면, 어떤 건가요?",사랑,1,1,0,0.725769523132698,0.003601741023423942,0.7744503514868329,1.0,0.04401458756227622
255,508,"오래 알았는데 멀어진 사람이 있다면, 어떤 사이였나요?",관계,1,0,1,0.22759127432860785,0.999065125197112,0.27309163824296656,1.0,0.041138982620739846
256,428,계속 미루고 있는 일 하나를 지금 꺼낸다면 무엇인가요?,루틴,1,0,1,0.3152945165184076,0.9427851163277788,0.35809690325700394,1.0,0.03869961672129885
257,590,"과거에 받은 상처 중 아직 아물지 않은 게 있다면, 어떤 건가요?",가치관,1,0,0,0.3426030490748797,0.9421121873307989,0.38427534651639084,1.0,0.03767785074069754
258,188,"누군가에게 의도치 않게 상처를 준 적이 있다면, 어떤 일이었나요?",관계,1,1,0,0.24322288481234378,0.9951261547076853,0.2847568394313749,1.0,0.037552768598927845
259,807,야근 잦은 회사와 강도 높아도 칼퇴하는 회사 중 뭐가 더 끌리나요?,가치관,1,0,1,0.5623421928638187,0.20780868875466485,0.6035969419915972,1.0,0.037300326005855894
260,534,"""조금 더 다정하게 말할걸"" 하고 후회되는 순간은 언제인가요?",관계,0,0,0,0.39508924108121046,0.8587242835411449,0.42226682513925146,1.4133333333333333,0.03472914780674071
261,748,바쁘지만 성장하는 회사와 여유롭지만 성장 없는 회사 중 뭐가 더 나은가요?,가치관,1,1,0,0.5818398025278961,0.1439241024656378,0.6197851336336274,1.0,0.034308128168712905
262,175,"나를 힘들게 하는 사람과 거리를 두는 방법이 있다면, 어떤 건가요?",관계,1,0,1,0.26184140707361186,0.9971027325817323,0.2979505168021725,1.0,0.032647915528096726
263,637,나를 키우는 가장 나다운 성장 방식은 무엇인가요?,가치관,1,0,1,0.3618779024469781,0.9084152570812695,0.3951147996640188,1.0,0.03005101540622316
264,544,나에게 우정이란 어떤 의미인가요?,관계,0,0,0,0.2931263219581616,0.9850149685743023,0.3157404164628802,1.4133333333333333,0.028897647005441247
265,595,꿈과 현실의 균형을 어떻게 맞추고 있나요?,가치관,2,0,2,0.4963471288720838,0.5060283505808717,0.5122537848674238,2.0,0.028763886186847484
266,564,이상형과 실제 사귄 사람이 같은 편인가요? 다르다면 어떤 점이 다른가요?,사랑,3,1,2,0.42470181667886064,0.7933820156888371,0.43494492187386513,3.0,0.027783794920377754
267,447,"여러 일을 동시에 챙기는 편인가요, 아니면 하나에 깊이 몰입하는 편인가요?",루틴,0,0,0,0.49595971775203773,0.5074222462227473,0.5133366461543653,1.6715328467153285,0.02626192785724843
268,399,"울고 싶어도 꾹 참아야만 했던 순간, 주저하게 만든 건 무엇이었나요?",감정,1,0,0,0.3624390461026567,0.907095169190948,0.38892756125429945,1.0,0.023949491184811184
269,268,나에게 '시간'은 어떤 의미인가요?,가치관,1,0,1,0.4086651676302307,0.8362634629317112,0.43471119557084026,1.0,0.023549418039926967
270,661,여러 나라를 도는 여행과 한 곳에 머무는 여행 중 뭐가 더 마음이 가나요?,취향,6,2,4,0.5137182229034396,0.4187684190234067,0.5180588530898023,6.0,0.023547386583888025
271,460,"주변이 어수선할 때 그대로 두는 편인가요, 아니면 정리를 해야만 마음이 편해지나요?",루틴,1,1,0,0.506000094823238,0.4598668808502539,0.5320267452308037,1.0,0.023531897916425865
272,580,"바꾸고 싶은 나의 모습이 있다면, 어떤 건가요?",가치관,0,0,0,0.576013103426598,0.17262645483884242,0.5905500040145438,1.6888888888888889,0.022197883923504455
273,86,한참 슬펐을 때 나를 건져준 건 무엇인가요?,감정,5,2,1,0.5594574707615841,0.2719739651157439,0.5637365440126432,5.0,0.01934453979747595
274,523,사람들과 이야기할 때 나는 사실 무엇을 원하나요?,관계,1,0,1,0.37706036086284245,0.9079781717132478,0.3983517957997122,1.0,0.019250570687459584
275,624,이번 주가 나에게 조용히 건네준 교훈은 무엇인가요?,가치관,1,1,0,0.32887470777444566,0.9463572436832235,0.3489892188827033,1.0,0.018186459441616794
276,363,감정이 멈추거나 굳어버린 것 같은 기분이 들었나요?,감정,5,2,2,0.36000155753359486,0.901445763581545,0.36401562468778487,5.0,0.01814651847681081
277,874,완벽한 하루가 반복되는 삶과 굴곡 있는 진짜 삶 중 뭐가 더 나은가요?,가치관,2,1,1,0.5665002780983392,0.17908266699994463,0.5750161056717522,2.0,0.015399106838057496
278,571,데이트 중 가장 창피했던 일은 무엇인가요?,사랑,4,0,2,0.4058222045096995,0.831168624399538,0.41001986205327207,4.0,0.015181185017146883
279,205,내가 생각하는 믿음의 무게는 어느 정도인가요?,관계,2,1,1,0.2603702398924289,0.9898407471622434,0.2671198480889389,2.0,0.012205265646475493
280,657,이 세상에서 가장 부러운 사람은 누구인가요?,가치관,1,0,1,0.5032655694618469,0.47792715570543964,0.5162949786294022,1.0,0.011780491213465112
281,237,사랑에 대해 내가 가진 가장 큰 두려움은 무엇인가요?,사랑,1,1,0,0.5233083542448684,0.39814047174760997,0.5362964358681586,1.0,0.011743125070009975
282,220,가장 기억에 남는 고백의 순간은 언제인가요?,사랑,0,0,0,0.4200319885633575,0.7949331771294481,0.4261678641576763,1.8588235294117648,0.01031224883393573
283,875,선택지가 너무 많은 것과 하나의 길만 걷는 것 중 뭐가 더 답답한가요?,가치관,1,0,1,0.5579650529195771,0.2125932510412939,0.5686530741205813,1.0,0.009663534104162519
284,636,이번 주에 얻은 가장 값진 인생의 힌트는 무엇인가요?,가치관,0,0,0,0.31707451079659554,0.9579374407243239,0.3233791111794499,1.6888888888888889,0.009627140712424586
285,429,요즘 내 삶에 기분 좋게 스며든 나만의 루틴은 무엇인가요?,루틴,1,1,0,0.4910874140186304,0.5240174806388708,0.49977656017358346,1.0,0.007856258761589326
286,640,나의 생각과 삶의 태도에 가장 큰 변화를 준 사람은 누구인가요?,가치관,2,0,2,0.4813851569080974,0.5609432772693284,0.48572547456011606,2.0,0.00784856370779653
287,445,공부할 때 음악을 듣는 편인가요? 어떤 분위기의 음악인가요?,루틴,1,1,0,0.3761135452357724,0.9260710813443889,0.3822504633901933,1.0,0.005548671429855376
288,195,가장 오래된 인연과의 추억 중 하나는 무엇인가요?,관계,0,0,0,0.40980100825625154,0.8290074588426294,0.4140111448549746,1.4133333333333333,0.0053799651915844605
289,334,이번 주 가장 꽂혔던 키워드는 뭐였나요?,취향,7,3,2,0.4110330577255117,0.8290108743312855,0.4117335692448762,7.0,0.004433553958492462
290,235,이별을 통해 배운 가장 큰 깨달음은 무엇인가요?,사랑,0,0,0,0.37211551216897304,0.8775363934210554,0.3741481593031334,1.8588235294117648,0.0034161649330790977
291,198,진심이 통했다고 느꼈던 특별한 순간은 언제인가요?,관계,1,0,1,0.3875279912558645,0.8775618618680048,0.38959258952140524,1.0,0.0018666987438772174
292,85,누군가에게 깊은 감동을 받았던 순간은 언제인가요?,감정,1,1,0,0.5599660956066872,0.24602521348298517,0.5618768751768918,1.0,0.0017276241499665122
293,62,"불안한 마음이 들 때 나를 잡아주는 문장이 있다면, 어떤 문장인가요?",감정,2,1,1,0.4466238284067421,0.7107544303996622,0.4304059151006651,2.0,0.0
294,598,"좋은 의도의 나쁜 결과와 나쁜 의도의 좋은 결과, 뭐가 더 나쁜가요?",가치관,3,1,1,0.4633866768141209,0.6620139046266229,0.43983793264721094,3.0,0.0
295,280,요즘 나의 일상 균형은 잘 맞고 있나요? 어느 쪽으로 기울어져 있나요?,가치관,1,0,1,0.4993901951571628,0.49155931696315913,0.4641119062766472,1.0,0.0
296,209,사람 사이의 진심은 언제 확인된다고 생각하나요?,관계,1,0,1,0.2881947003147553,0.9874587789516555,0.2864153144491944,1.0,0.0
297,156,내 생일에 가장 먼저 축하해준 사람은 누구인가요?,관계,2,1,1,0.4223869181353811,0.7521600275812969,0.42026818519438613,2.0,0.0
298,100,내 인생을 감정 한 줄로 요약하면 뭘까요?,감정,2,1,1,0.39482856758084833,0.8271287100096893,0.3196654895140433,2.0,0.0
299,96,내 인생에 가장 큰 영향을 준 감정은 뭘까요?,감정,2,1,1,0.4420174791970614,0.714368007737155,0.43773528891001084,2.0,0.0
300,459,지금 내 방 상태가 어떤가요?,루틴,0,0,0,0.5265375746972465,0.3759339944420233,0.507009373090077,1.6715328467153285,0.0
301,404,실패가 두려운 편인가요? 어떤 실패가 가장 무서운가요?,감정,5,2,3,0.5756389764757057,0.16517976987828725,0.5451060049652435,5.0,0.0
302,385,나의 어떤 면을 아직 받아들이지 못하고 있나요?,감정,5,2,3,0.5287940961508079,0.37498039208104006,0.5266282502212349,5.0,0.0
303,502,사람들과의 관계가 가장 크게 바뀌었던 순간은 언제인가요?,관계,0,0,0,0.39508924108121046,0.8587242835411449,0.3948665722263607,1.4133333333333333,0.0
304,604,최근에 가장 기억에 남는 뉴스는 뭔가요?,가치관,0,0,0,0.5573308465091442,0.25872085201811856,0.554024072602161,1.6888888888888889,0.0
305,327,유독 마음이 끌리는 외국어가 있다면 무엇인가요?,취향,8,5,3,0.5975088592589671,0.10619131105308593,0.5975088592589671,8.0,0.0
306,409,나이가 들면서 감정이 변했나요?,감정,7,3,3,0.5816399502752753,0.12991142220745688,0.5646334567919135,7.0,0.0
307,213,내가 생각하는 사랑은 어떤 느낌인가요?,사랑,5,2,3,0.47688267977628135,0.5831908734051992,0.47688267977628135,5.0,0.0
308,18,책을 고를 때 가장 먼저 보는 것은 무엇인가요?,취향,9,4,3,0.3872325110851622,0.9261846221302146,0.3729011344405513,9.0,0.0
309,326,평소 좋아하는 메이크업 분위기는 무엇인가요?,취향,9,4,4,0.41411193495159154,0.8468666145879319,0.4083323590274545,9.0,0.0
310,36,"나만의 특별한 요리 레시피가 있다면, 어떤 건가요?",취향,8,2,4,0.3936168857060502,0.8973485858981955,0.34155529752817365,8.0,0.0
311,668,전기·인터넷 같은 기술을 포기하는 것과 영화·TV·책 같은 오락을 포기하는 것 중 뭐가 덜 아쉬운가요?,취향,8,4,4,0.526852972120154,0.34572073395043357,0.526852972120154,8.0,0.0
312,630,어제보다 나아졌다고 느낀 점은 뭔가요?,가치관,2,1,1,0.4164435442422433,0.8121498549692734,0.4101221191004139,2.0,0.0
313,631,지난 7일을 되돌아보면 머릿속을 스치는 단어는 무엇인가요?,가치관,0,0,0,0.4992277016351682,0.492562654778192,0.4200304256236068,1.6888888888888889,0.0
314,644,"무언가를 포기했던 순간, 내 마음은 어땠나요?",가치관,2,1,1,0.5284127859127177,0.36191914914826384,0.48658896860044953,2.0,0.0
315,149,일상을 꾸려간다는 게 나에게 어떤 의미인가요?,루틴,1,0,1,0.34109125281264846,0.9501261211776664,0.3391408779244903,1.0,0.0
316,554,사랑과 좋아함의 차이는 무엇인가요?,사랑,2,0,1,0.43945453295574644,0.7183921024174805,0.40764064573946124,2.0,0.0
317,547,어머니와의 관계에 대해 어떻게 생각하나요?,관계,2,1,1,0.4447327784818677,0.6959446514820672,0.4425878431589182,2.0,0.0
318,539,인생에 가장 영향력 있던 사람은 누구인가요?,관계,2,1,1,0.3686491919857767,0.8857636589801612,0.3486639674199268,2.0,0.0
319,493,절친을 이성에게 소개한다면 누구인가요?,관계,2,0,1,0.4112570928643385,0.782686114622593,0.3735364392324825,2.0,0.0
320,202,"다른 사람의 성공을 축하해줄 때, 진심으로 기뻐할 수 있나요?",관계,2,1,1,0.40424668195026586,0.8419089945575517,0.35863297240420045,2.0,0.0
321,705,"10억을 준다면, 절친을 배신하는 것과 의리를 지키는 것 중 뭐가 더 끌리나요?",관계,4,3,1,0.492911722961441,0.5213805344534425,0.492911722961441,4.0,0.0
322,275,내가 생각하는 행복은 어떤 상태인가요?,가치관,3,1,1,0.41984114561237995,0.8047154496520237,0.41561377170369845,3.0,0.0
323,387,싫어하는 것이 나에게 주는 의외의 이점이 있을까요?,감정,3,2,1,0.45092763464356345,0.6906596615054026,0.45092763464356345,3.0,0.0
324,238,사랑에서 '진심을 다한다'는 건 어떤 건가요?,사랑,2,2,0,0.46965580338240454,0.609389679673081,0.46965580338240454,2.0,0.0
325,284,삶의 의미를 어디에서 찾나요?,가치관,2,2,0,0.43899592984310354,0.740396408793264,0.43899592984310354,2.0,0.0
326,439,좋아하는 운동은 어떤 운동인가요?,루틴,4,2,1,0.631190631924194,0.059182460186489,0.591994410654887,4.0,0.0
327,349,"울컥하거나 감정이 터질 뻔한 순간, 어떻게 넘겼나요?",감정,4,2,1,0.37856291735145237,0.879614052433794,0.34592210690333325,4.0,0.0
328,410,감정을 글로 쓰면 정리가 되나요? 쓰고 나면 뭐가 달라지나요?,감정,5,3,1,0.6067817532738007,0.08363546474939776,0.6067817532738007,5.0,0.0
329,89,나를 가장 미소 짓게 하는 추억은 무엇인가요?,감정,5,3,1,0.5757998239813954,0.16951495001459815,0.5757998239813954,5.0,0.0
330,372,지금 내 마음이 가장 간절하게 외치는 소망은 무엇인가요?,감정,3,3,0,0.4523254169724225,0.6536121019220587,0.4523254169724225,3.0,0.0
331,552,어린 시절이 행복했다고 느끼나요?,관계,1,0,1,0.3833231648987752,0.89448959989429,0.37107513067514974,1.0,0.0
332,346,지금 내 머릿속에 흐르는 BGM은 무엇인가요?,감정,5,5,0,0.6097602198607284,0.1249814323039235,0.6097602198607284,5.0,0.0
333,261,돈을 기분 좋게 썼던 기억은 무엇인가요?,가치관,4,4,0,0.611508655140329,0.07453101836226535,0.611508655140329,4.0,0.0
334,408,만약 감정이 사라진다면 어떨까요?,감정,4,4,0,0.5770601150831698,0.19417273768691612,0.5770601150831698,4.0,0.0
335,324,지금 당장 떠나고 싶은 여행지는 어디인가요?,취향,4,4,0,0.5970370556113997,0.13128926730155943,0.5970370556113997,4.0,0.0
336,35,가장 좋아하는 작가나 아티스트는 누구인가요?,취향,8,6,1,0.6208980878546202,0.053125527363333154,0.6208980878546202,8.0,0.0
337,321,"한 번쯤은 시도해보고 싶은 패션 스타일이 있다면, 어떤 건가요?",취향,8,6,1,0.6246900356498201,0.05604710314208629,0.6246900356498201,8.0,0.0
338,51,지금 기분을 날씨로 말하면 어떤가요?,감정,7,3,1,0.5842840250364549,0.19212880319658593,0.569436951836834,7.0,0.0
339,92,오늘 밤 잠들기 전 나에게 해주고 싶은 말은 무엇인가요?,감정,3,3,0,0.3606749106166491,0.8784954822472761,0.3606749106166491,3.0,0.0
340,303,"야심 차게 시작했다가 금방 포기한 취미가 있다면, 어떤 건가요?",취향,6,5,1,0.5421268283246188,0.292596670807513,0.5421268283246188,6.0,0.0
341,309,"언젠가 살아보고 싶은 곳이 있다면, 어디인가요?",취향,6,5,1,0.6181849875068837,0.06731453193271478,0.6181849875068837,6.0,0.0
342,587,가장 간절히 원했던 것은 무엇이었나요?,가치관,2,1,1,0.5240682608149906,0.37584965591549757,0.5197315787746414,2.0,0.0
343,535,"지금 이 순간, 문득 생각나서 연락하고 싶은 사람은 누구인가요?",관계,1,0,1,0.3843975563195538,0.8381066603127383,0.3535217830800655,1.0,0.0
344,706,인성은 아쉽지만 능력 좋은 동료와 인성 좋지만 인성은 아쉬운 동료 중 누구와 함께하고 싶나요?,관계,1,0,1,0.4297167223361016,0.7785431321652501,0.4275884398274069,1.0,0.0
345,865,도전과 안정 중 지금 뭐가 더 끌리나요?,가치관,1,0,1,0.534613040368505,0.33487894557312337,0.534613040368505,1.0,0.0
346,97,"마지막 순간에 느끼고 싶은 감정이 있다면, 어떤 감정인가요?",감정,5,5,0,0.6239962459551415,0.11087179306553935,0.6239962459551415,5.0,0.0
347,573,가장 좋아했던 사람은 누구인가요?,사랑,2,1,1,0.3661759139264074,0.8661307695161198,0.3482209562370916,2.0,0.0
348,635,지금 당장 감사하다고 말하고 싶은 단 한 가지는 무엇인가요?,가치관,2,0,2,0.6135546479133498,0.09109876580282628,0.5550090276018661,2.0,0.0
349,594,성공은 어떤 의미인가요?,가치관,2,0,2,0.40091690485539505,0.8582781754795711,0.3843401036018069,2.0,0.0
350,388,내 삶에서 가장 들키기 싫은 건 무엇인가요?,감정,2,0,2,0.571970636899721,0.2167325867512585,0.5634401152935782,2.0,0.0
351,548,아버지와의 관계에 대해 어떻게 생각하나요?,관계,2,0,2,0.42551371861023707,0.7585883577010313,0.42339079796464485,2.0,0.0
352,382,가장 힘들었던 경험은 무엇이었나요?,감정,2,0,2,0.5271453936068944,0.38339109698395646,0.47412286021235805,2.0,0.0
353,299,"인생의 마지막 날, 되돌아본다면 나에게 어떤 말을 할까요?",가치관,2,0,2,0.5027385221877116,0.47813190706122966,0.4871204705594996,2.0,0.0
354,157,길에서 우연히 만나면 반가울 사람은 누구인가요?,관계,2,0,2,0.43349782413331606,0.72514274257713,0.4271069951604435,2.0,0.0
355,289,내가 가장 중요하게 생각하는 옮고 그름의 기준은 무엇인가요?,가치관,2,0,2,0.40091690446835876,0.8582781765413935,0.40091690446835876,2.0,0.0
356,160,연락처 목록에서 가장 의외의 인물은 누구인가요?,관계,1,0,0,0.41503622509138666,0.7769885295061963,0.4045277218670469,1.0,0.0
357,542,남이 말해줘서 알게 된 나의 특징은 무엇인가요?,관계,3,0,2,0.4222242574662384,0.8088957695682331,0.4222242574662384,3.0,0.0
358,141,지금의 습관이 10년 뒤 나를 어디로 데려갈까요?,루틴,2,0,2,0.35088409003157683,0.9128192950628176,0.32943394500432516,2.0,0.0
359,569,내 인생에서 사랑은 어떤 의미인가요?,사랑,3,1,2,0.44167566929321744,0.7125461306047133,0.4182515257970442,3.0,0.0
360,568,지금까지 만난 사람들의 공통점은 무엇인가요?,사랑,2,2,0,0.4014714975003694,0.8560618348087773,0.4014714975003694,2.0,0.0
361,583,"편안함이 성장을 막고 있다고 느낀 적이 있다면, 어떤 순간이었나요?",가치관,2,2,0,0.24811401831534904,0.9959344678041853,0.24198348866856653,2.0,0.0
362,620,"나와 가장 닮은 영화, 책, 드라마 속 인물은 누구인가요?",가치관,2,2,0,0.5554632831699932,0.28912368771500874,0.5554632831699932,2.0,0.0
363,152,고민이 있을 때 가장 먼저 생각나는 친구는 누구인가요?,관계,1,1,0,0.4305127205168241,0.7254124859723897,0.4220118589651643,1.0,0.0
364,314,여행 갈 때 계획파인가요 무계획파인가요?,취향,3,3,0,0.527801344056904,0.35511566204630063,0.527801344056904,3.0,0.0
365,55,지금 가장 보고 싶은 사람은 누구인가요?,감정,2,2,0,0.5670354520265791,0.27298462173638427,0.5239726487308649,2.0,0.0
366,577,내 인생에서 가장 비싸게 얻은 깨달음은 무엇인가요?,가치관,3,2,0,0.4918289266155464,0.5257652760686092,0.4918289266155464,3.0,0.0
367,537,곁에 있어줘서 가장 고마운 사람은 누구인가요?,관계,3,3,0,0.4479047434812021,0.6776621570138428,0.4479047434812021,3.0,0.0
368,516,지금 가장 보고 싶은 존재는 무엇인가요?,관계,2,2,0,0.41627950688950704,0.7533965122924141,0.41627950688950704,2.0,0.0
369,550,나의 가족은 얼마나 가깝고 따뜻한가요?,관계,2,1,0,0.4491379062670734,0.6849016982836826,0.4384130865975146,2.0,0.0
370,316,가장 좋아하는 유튜버는 누구인가요?,취향,5,3,2,0.4908130195777828,0.5255282570615122,0.4908130195777828,5.0,0.0
371,381,가장 소중한 기억은 무엇인가요?,감정,6,3,2,0.5653989807221834,0.20250560532976947,0.5653989807221834,6.0,0.0
372,549,"내가 자란 환경에서 바꾸 수 있다면, 뭘 바꾸고 싶나요?",관계,1,1,0,0.45216306490735236,0.6766258952115328,0.44786147678050214,1.0,0.0
373,527,지금 내 곁에서 가장 소중하게 느껴지는 사람은 누구인가요?,관계,1,0,0,0.3919103917674753,0.8200785227986697,0.3836582555241727,1.0,0.0
374,436,계획보다 시간이 훨씬 더 오래 걸린 일은 무엇인가요?,루틴,1,1,0,0.5178524710900362,0.4099928402717194,0.5178524710900362,1.0,0.0
375,163,친구를 사귀 때 가장 중요하게 보는 점은 무엇인가요?,관계,1,0,0,0.48811232043744807,0.5451951924632576,0.45078726766277044,1.0,0.0
376,222,이상형과 실제 연인은 얼마나 닮았나요?,사랑,1,1,0,0.39011491547844085,0.882158828202738,0.34519900410321935,1.0,0.0
377,379,가장 많이 울었던 날은 언제였나요?,감정,1,1,0,0.612850091997838,0.12552761054925837,0.6022684856890325,1.0,0.0
378,252,"지칠 때 힘이 되는 나만의 문장이 있다면, 어떤 문장인가요?",가치관,1,1,0,0.47012863968118074,0.6236309502900472,0.4494527651282924,1.0,0.0
379,276,죽음 너머에는 무엇이 기다리고 있다고 생각하나요?,가치관,1,1,0,0.46540335818902895,0.6340344267253425,0.46540335818902895,1.0,0.0
380,170,나를 가장 잘 이해한다고 느끼는 사람은 누구인가요?,관계,3,0,3,0.39749180412354446,0.8126928641343127,0.3954124617928218,3.0,0.0
381,167,나랑 유머 코드가 가장 잘 맞는 사람은 누구인가요?,관계,3,0,3,0.42529504417167435,0.7512664658898249,0.42529504417167435,3.0,0.0
382,328,꾸준히 수집하는 물건이 있다면 무엇인가요?,취향,4,1,3,0.3898701364690756,0.9029589832480445,0.32976972407935984,4.0,0.0
383,73,남들 시선을 많이 신경 쓰는 편인가요? 어떤 상황에서 특히 그런가요?,감정,4,1,3,0.5677668408817349,0.19256147974777138,0.5392827528596646,4.0,0.0
384,255,가장 존경하는 인물은 누구인가요?,가치관,3,0,2,0.5637189112623985,0.253802438906402,0.5551518389803359,3.0,0.0
385,519,나의 말이나 행동이 타인에게 기분 좋은 울림을 줬나요?,관계,3,0,2,0.23891045850879855,0.9935265107836386,0.23891045850879855,3.0,0.0
386,181,나를 있는 그대로 봐주는 사람은 누구인가요?,관계,4,2,2,0.4267268470889898,0.7343764159196903,0.42036176889353893,4.0,0.0
387,98,나만 아는 내 마음의 모양은 어떤 걸까요?,감정,3,1,2,0.38751995088770563,0.8451388295663806,0.38751995088770563,3.0,0.0
388,572,살면서 가장 설레었던 추억은 무엇인가요?,사랑,1,1,0,0.6190675884633307,0.09224540613886067,0.6190675884633307,1.0,0.0
389,40,수집하고 싶은 물건이 있다면 무엇인가요?,취향,8,5,2,0.6077175503770231,0.08532537464294027,0.6077175503770231,8.0,0.0
390,30,가장 좋아하는 영화 장르는 무엇인가요?,취향,8,4,2,0.6280945526076673,0.04225447381781878,0.6280945526076673,8.0,0.0
391,371,지금 내 마음의 색깔을 고른다면 어떤 색인가요?,감정,7,5,2,0.5889001683023142,0.1738235902011493,0.5889001683023142,7.0,0.0
392,20,"좋아하는 향이 있다면, 어떤 향인가요?",취향,7,5,2,0.6077175510916493,0.08532537320942457,0.6077175510916493,7.0,0.0
393,728,"나쁜 연애를 지속하는 삶과 평생 혼자 지내는 삶 중, 어떤 쪽이 더 낫다고 생각하시나요?",사랑,3,0,3,0.5526375878677625,0.2685767190760132,0.5484574999578338,3.0,0.0
394,191,나를 가장 힘들게 했던 인연은 누구였나요?,관계,3,0,3,0.20489779244886872,0.9961400479901811,0.18536455249877223,3.0,0.0
395,434,"아침이나 저녁, 평소와 달랐던 순간은 언제였나요?",루틴,3,0,3,0.3612540733368376,0.8958985684303891,0.3493117654236379,3.0,0.0
396,194,나의 약한 모습을 보여주는 게 두려운가요?,관계,0,0,0,0.4381284269561714,0.7220593005808755,0.3973142088439004,1.4133333333333333,0.0
397,154,같이 밥 먹을 때 가장 편한 사람은 누구인가요?,관계,0,0,0,0.4509595366315171,0.6664906060776234,0.4509595366315171,1.4133333333333333,0.0
398,658,믿는 미신이 있다면 무엇인가요?,가치관,1,1,0,0.4458780537531027,0.7470939920094861,0.3483183211249993,1.0,0.0
399,760,인간관계 없는 숲속의 고요함과 소란한 도시의 삶 중 뭐가 더 편안한가요?,가치관,7,4,2,0.5796859407869478,0.12885554719812609,0.5796859407869478,7.0,0.0
400,210,지금 내 주변 인연들에 대해 점수를 매긴다면?,관계,0,0,0,0.23016652669837306,0.9908816005552684,0.18631659649307952,1.4133333333333333,0.0
401,265,나를 가장 성장시켰던 어려움은 무엇인가요?,가치관,0,0,0,0.4774942724760919,0.5759529424402912,0.4601833612161125,1.6888888888888889,0.0
402,269,가장 큰 용기를 냈던 순간은 언제인가요?,가치관,0,0,0,0.5295103521746722,0.3589713800482548,0.5015348377541535,1.6888888888888889,0.0
403,201,사람들 속에서 내 진짜 모습은 어떤가요?,관계,0,0,0,0.33794154772177754,0.9412059271933115,0.32067059801448056,1.4133333333333333,0.0
404,282,인생에서 가장 큰 영향을 준 사건은 무엇인가요?,가치관,0,0,0,0.5295103521746722,0.3589713800482548,0.5251783299319258,1.6888888888888889,0.0
405,43,딱 한 권만 남길 수 있다면 어떤 책인가요?,취향,5,0,5,0.2932814039933792,0.9907734331107116,0.2687131662993758,5.0,0.0
406,660,인생의 마지막에 무엇을 남기고 싶나요?,가치관,0,0,0,0.559614174393018,0.25333398762146797,0.549110571324541,1.6888888888888889,0.0
407,662,전액 지원 세계 여행과 현금 4천만 원 중 뭐가 더 마음이 가나요?,취향,7,2,5,0.5006005761623703,0.48357337595112104,0.5006005761623703,7.0,0.0
408,8,요즘 자주 보는 영상의 주제는 무엇인가요?,취향,11,5,6,0.574992219376432,0.18207591985695043,0.574992219376432,11.0,0.0
409,769,세상 문제에 책임감을 느끼는 삶과 신경 쓰지 않고 즐기는 삶 중 뭐가 더 나다운가요?,가치관,0,0,0,0.5156819252044296,0.40846574286877535,0.5156819252044296,1.6888888888888889,0.0
410,787,학교에서 배운 것과 직접 부딪힌 경험 중 뭐가 더 크게 남나요?,가치관,0,0,0,0.5735069199628742,0.1714490034185357,0.5713800070270231,1.6888888888888889,0.0
411,809,자유로운 프리랜서와 안정적인 직장인 중 누가 더 나에게 가깝나요?,가치관,0,0,0,0.5690734405739141,0.1743001750684956,0.5626690877905159,1.6888888888888889,0.0
