DB id,question_text,점검 사항,수정본에서
684,매력을 느끼는 목소리나 말투가 있나요?,"가이드 3종 없음 (레벨 1 첫 질문 묶음, 2026-07-19 추가, 통계 사이트 목록에는 없음)",해소(update_level1_block.csv에 문구·가이드)
683,누군가에게 선물할 때 가장 고려하는 것은 무엇인가요?,"가이드 3종 없음 (레벨 1 첫 질문 묶음, 2026-07-19 추가, 통계 사이트 목록에는 없음)",해소(update_level1_block.csv에 문구·가이드)
682,감정을 솔직하게 표현해서 후련했던 적이 있나요?,"가이드 3종 없음 (레벨 1 첫 질문 묶음, 2026-07-19 추가, 통계 사이트 목록에는 없음)",해소(update_level1_block.csv에 문구·가이드)
681,오늘 하루 중 가장 차분했던 때는 언제인가요?,"가이드 3종 없음 (레벨 1 첫 질문 묶음, 2026-07-19 추가, 통계 사이트 목록에는 없음)",해소(update_level1_block.csv에 문구·가이드)
680,비 올 때 듣고 싶은 노래가 있나요?,"가이드 3종 없음 (레벨 1 첫 질문 묶음, 2026-07-19 추가, 통계 사이트 목록에는 없음)",해소(update_level1_block.csv에 문구·가이드)
679,지금 가장 보고 싶은 사람은 누구인가요?,"가이드 3종 없음 (레벨 1 첫 질문 묶음, 2026-07-19 추가, 통계 사이트 목록에는 없음)",해소(update_level1_block.csv에 문구·가이드)
678,내가 좋아하는 사람들의 공통점은 무엇인가요?,"가이드 3종 없음 (레벨 1 첫 질문 묶음, 2026-07-19 추가, 통계 사이트 목록에는 없음)",해소(update_level1_block.csv에 문구·가이드)
677,누군가 나에 대해 쓴다면 어떤 제목의 책일까요?,"가이드 3종 없음 (레벨 1 첫 질문 묶음, 2026-07-19 추가, 통계 사이트 목록에는 없음)",해소(update_level1_block.csv에 문구·가이드)
676,최근에 누군가를 용서한 적이 있나요?,"가이드 3종 없음 (레벨 1 첫 질문 묶음, 2026-07-19 추가, 통계 사이트 목록에는 없음)",해소(update_level1_block.csv에 문구·가이드)
675,세상에 오직 나만 알고 있는 내 마음은 어떤 모양인가요?,"가이드 3종 없음 (레벨 1 첫 질문 묶음, 2026-07-19 추가, 통계 사이트 목록에는 없음)",해소(update_level1_block.csv에 문구·가이드)
674,QA 소셜 집계용 보조 질문,"가이드 3종 없음 (레벨 1 첫 질문 묶음, 2026-07-19 추가, 통계 사이트 목록에는 없음)",
673,오늘 나를 기운 나게 한 말은 무엇인가요?,"가이드 3종 없음 (레벨 1 첫 질문 묶음, 2026-07-19 추가, 통계 사이트 목록에는 없음)",해소(update_level1_block.csv에 문구·가이드)
672,고통스러운 순간이 나에게 준 가르침이 있다면 무엇인가요?,"가이드 3종 없음 (레벨 1 첫 질문 묶음, 2026-07-19 추가, 통계 사이트 목록에는 없음)",해소(update_level1_block.csv에 문구·가이드)
671,최근에 느낀 감정 중 이름 붙이기 힘든 게 있었나요?,"가이드 3종 없음 (레벨 1 첫 질문 묶음, 2026-07-19 추가, 통계 사이트 목록에는 없음)",해소(update_level1_block.csv에 문구·가이드)
670,내 감정을 다스리는 나만의 루틴이 있나요?,"가이드 3종 없음 (레벨 1 첫 질문 묶음, 2026-07-19 추가, 통계 사이트 목록에는 없음)",해소(update_level1_block.csv에 문구·가이드)
669,누군가에게 깊은 감동을 받았던 순간은 언제인가요?,"가이드 3종 없음 (레벨 1 첫 질문 묶음, 2026-07-19 추가, 통계 사이트 목록에는 없음)",해소(update_level1_block.csv에 문구·가이드)
668,주말 아침에 가장 하고 싶은 활동은 무엇인가요?,"가이드 3종 없음 (레벨 1 첫 질문 묶음, 2026-07-19 추가, 통계 사이트 목록에는 없음)",해소(update_level1_block.csv에 문구·가이드)
667,최근에 나의 한계를 느꼈던 적이 있나요?,"가이드 3종 없음 (레벨 1 첫 질문 묶음, 2026-07-19 추가, 통계 사이트 목록에는 없음)",해소(update_level1_block.csv에 문구·가이드)
666,질투라는 감정을 느낀 적이 있나요?,"가이드 3종 없음 (레벨 1 첫 질문 묶음, 2026-07-19 추가, 통계 사이트 목록에는 없음)",해소(update_level1_block.csv에 문구·가이드)
665,두려움을 극복하고 무언가 해낸 적이 있나요?,"가이드 3종 없음 (레벨 1 첫 질문 묶음, 2026-07-19 추가, 통계 사이트 목록에는 없음)",해소(update_level1_block.csv에 문구·가이드)
664,내가 가장 아름답다고 느끼는 사람의 모습은 무엇인가요?,"가이드 3종 없음 (레벨 1 첫 질문 묶음, 2026-07-19 추가, 통계 사이트 목록에는 없음)",해소(update_level1_block.csv에 문구·가이드)
663,최근에 가장 크게 웃었던 일은 무엇인가요?,"가이드 3종 없음 (레벨 1 첫 질문 묶음, 2026-07-19 추가, 통계 사이트 목록에는 없음)",해소(update_level1_block.csv에 문구·가이드)
662,사랑이라는 감정을 어떻게 정의하고 싶나요?,"가이드 3종 없음 (레벨 1 첫 질문 묶음, 2026-07-19 추가, 통계 사이트 목록에는 없음)",해소(update_level1_block.csv에 문구·가이드)
661,최근에 가장 뿌듯했던 순간은 언제인가요?,"가이드 3종 없음 (레벨 1 첫 질문 묶음, 2026-07-19 추가, 통계 사이트 목록에는 없음)",해소(update_level1_block.csv에 문구·가이드)
674,QA 소셜 집계용 보조 질문,테스트용으로 보이는 행이 활성 상태,
"48,678",내가 좋아하는 사람들의 공통점은 무엇인가요?,같은 문구가 2개 활성,해소(한쪽 문구 변경·비활성화)
"85,669",누군가에게 깊은 감동을 받았던 순간은 언제인가요?,같은 문구가 2개 활성,해소(한쪽 문구 변경·비활성화)
"896,899",선택지가 너무 많은 것과 하나의 길만 걷는 것 중 뭐가 더 답답한가요?,같은 문구가 2개 활성,해소(한쪽 문구 변경·비활성화)
"56,673",오늘 나를 기운 나게 한 말은 무엇인가요?,같은 문구가 2개 활성,해소(한쪽 문구 변경·비활성화)
"53,681",오늘 하루 중 가장 차분했던 때는 언제인가요?,같은 문구가 2개 활성,해소(한쪽 문구 변경·비활성화)
"895,898",완벽한 하루가 반복되는 삶과 굴곡 있는 진짜 삶 중 뭐가 더 나은가요?,같은 문구가 2개 활성,해소(한쪽 문구 변경·비활성화)
"55,679",지금 가장 보고 싶은 사람은 누구인가요?,같은 문구가 2개 활성,해소(한쪽 문구 변경·비활성화)
"66,661",최근에 가장 뿌듯했던 순간은 언제인가요?,같은 문구가 2개 활성,해소(한쪽 문구 변경·비활성화)
"57,663",최근에 가장 크게 웃었던 일은 무엇인가요?,같은 문구가 2개 활성,해소(한쪽 문구 변경·비활성화)
