interest_id,question_text,question_level,empathy_guide,hint_guide,leading_question_guide,신규 ID,세트,관심사,형식,예상 답변율(결론 기준),분석 축,해석 가이드,출처,출처 URL
6,덜 벌어도 저녁이 있는 삶과 더 벌고 바쁜 삶 중 무엇을 고를까요?,1,둘 다 누군가에게는 좋은 삶이에요.,퇴근 후의 여유와 통장의 여유를 비교해봐요.,그 선택이 요즘의 나에게 더 끌리는 이유는 뭐예요?,Y029,자아분석,가치관,양자택일형,0.602,가치·동기,저녁→여유·관계 가치 / 더 벌기→성취 가치,나답 자아분석 설계,
6,인정받을 때와 자유로울 때 중 언제 더 힘이 나나요?,1,힘이 나는 순간을 알면 나를 움직이는 법도 보여요.,칭찬을 들을 때와 마음대로 할 수 있을 때를 떠올려봐요.,그 조건을 일상에 더 늘릴 방법이 있을까요?,Y030,자아분석,가치관,양자택일형,0.602,가치·동기,인정→외적 동기·성취 / 자유→내적 동기·자율,나답 자아분석 설계,
6,"하기 싫은 일을 해내게 하는 건 보상인가요, 책임감인가요?",1,하기 싫은 일도 결국 해내게 만드는 힘이 있죠.,"끝나고 받을 보상과 해야 한다는 마음, 뭐가 더 커요?",그 힘이 떨어질 때는 어떻게 다시 채우나요?,Y031,자아분석,가치관,양자택일형,0.602,가치·동기,보상→외적 동기 / 책임감→내사·의무 동기,나답 자아분석 설계,
6,이기는 것과 즐기는 것 중 뭐가 더 중요한가요?,1,승부 앞에서 진짜 내 모습이 드러나기도 해요.,"게임, 내기, 경쟁 상황을 떠올려봐요.",지고 나면 어떤 마음이 드는 편이에요?,Y032,자아분석,가치관,양자택일형,0.602,가치·동기,이기기→경쟁·수행 목표 / 즐기기→과정·숙달 목표,나답 자아분석 설계,
6,"중요한 선택은 장단점을 따지나요, 끌리는 대로 하나요?",1,결정하는 방식에는 나만의 습관이 있어요.,최근에 고민했던 선택을 하나 떠올려봐요.,그렇게 결정했을 때 결과는 대체로 어땠어요?,Y035,자아분석,가치관,양자택일형,0.602,결정 방식,따짐→분석형 / 끌림→직관형,나답 자아분석 설계,
6,안정적인 길과 설레는 도전 중 지금 더 끌리는 쪽은 어디인가요?,2,같은 사람도 시기에 따라 끌리는 쪽이 달라져요.,지금 내 상황에서 더 필요한 게 뭔지 떠올려봐요.,1년 전의 나라면 어떻게 답했을까요?,Y033,자아분석,가치관,양자택일형,0.581,가치·동기,안정→안전 가치 / 도전→자극·변화 가치. 시기별 변화 추적,나답 자아분석 설계,
6,한 일에 대한 후회와 안 한 일에 대한 후회 중 뭐가 더 큰가요?,2,후회에도 종류가 있어요.,해봐서 아쉬운 일과 못 해봐서 아쉬운 일을 떠올려봐요.,그 후회가 지금의 나에게 남긴 건 뭐예요?,Y036,자아분석,가치관,양자택일형,0.553,결정 방식,한 일→신중·위험 회피 / 안 한 일→기회 지향,나답 자아분석 설계,
2,작은 실수를 하면 얼마나 오래 마음에 남나요?,2,작은 실수를 떠나보내는 속도는 사람마다 달라요.,"하루, 일주일, 몇 년 후에 문득 떠오르는지 생각해봐요.",실수를 털어내는 나만의 방법이 있나요?,Y022,자아분석,감정,성향·습관형,0.672,감정 민감도,짧다→빠른 회복 / 길다→반추 경향. 기간 답으로 비교,나답 자아분석 설계,
2,다 내려놓고 싶을 때 나를 다시 붙잡는 것은 무엇인가요?,2,버티게 하는 이유는 생각보다 작은 것일 수도 있어요.,"사람, 목표, 약속, 좋아하는 것 중 뭐가 떠오르나요?",그것이 나에게 힘이 되는 이유는 뭐예요?,Y026,자아분석,감정,성향·습관형,0.625,스트레스 대처,답의 종류(사람·목표·루틴·책임)로 회복 자원 유형 파악,나답 자아분석 설계,
2,실수한 나에게 나는 주로 어떤 말을 하나요?,2,나에게 하는 말은 나를 대하는 태도를 보여줘요.,"""괜찮아""와 ""또 그랬네"" 중 뭐가 먼저 나오나요?",친구가 같은 실수를 했다면 뭐라고 말해줄 것 같아요?,Y037,자아분석,감정,성향·습관형,0.625,자기 인식,다정한 말→자기 자비 / 비난→자기 비판. 어조로 해석,나답 자아분석 설계,
2,"새로운 모임에 가기 전날, 설레나요 걱정되나요?",2,새로운 자리 앞에서는 여러 감정이 함께 와요.,"처음 가는 모임, 첫 출근, 첫 수업 전날을 떠올려봐요.",그 마음을 다스리는 나만의 방법이 있나요?,Y040,자아분석,감정,양자택일형,0.623,에너지 방향,설렘→사회적 접근 동기 / 걱정→평가 불안,나답 자아분석 설계,
2,"걱정이 생기면 최악까지 상상하나요, 금방 잊나요?",2,걱정이 흘러가는 방향은 사람마다 달라요.,걱정이 커질 때와 금방 잊힐 때의 차이를 떠올려봐요.,걱정이 커질 때 나를 진정시키는 건 뭐예요?,Y020,자아분석,감정,양자택일형,0.62,감정 민감도,최악까지→예기 불안 / 금방 잊음→정서 회복력,나답 자아분석 설계,
2,"속상한 일은 누군가에게 털어놓나요, 혼자 정리하나요?",2,속상함을 다루는 방식에는 정답이 없어요.,"털어놓고 싶은 사람이 있는지, 혼자가 편한지 떠올려봐요.",그렇게 하고 나면 마음이 어떻게 달라져요?,Y025,자아분석,감정,양자택일형,0.62,스트레스 대처,털어놓음→사회적 지지 활용 / 혼자→내적 처리,나답 자아분석 설계,
2,"좋은 일이 생기면 마음껏 기뻐하나요, 괜히 불안해지나요?",2,좋은 일 앞에서도 마음이 복잡할 수 있어요.,"기쁨이 먼저인지, '이래도 되나' 싶은 마음이 먼저인지 떠올려봐요.",기쁨을 온전히 누리게 해주는 건 뭐예요?,Y042,자아분석,감정,양자택일형,0.62,감정 민감도,기뻐함→긍정 정서 수용 / 불안→좋은 일 뒤 불운 예상,나답 자아분석 설계,
2,"비 오는 날엔 기분이 가라앉나요, 오히려 좋아지나요?",1,날씨는 생각보다 마음에 큰 영향을 줘요.,"빗소리, 흐린 하늘, 축축한 공기를 떠올려봐요.",날씨 말고도 내 기분을 바꾸는 환경이 있나요?,Y023,자아분석,감정,양자택일형,0.619,감정 민감도,가라앉음→외부 자극 영향 큼 / 좋아짐→차분함 선호,나답 자아분석 설계,
2,혼자 있는 시간이 며칠 이어지면 어떤 기분이 드나요?,2,혼자만의 시간이 주는 느낌은 사람마다 달라요.,"편안함, 자유로움, 심심함, 외로움 중 뭐에 가까워요?",그럴 때 나는 무엇으로 균형을 맞추나요?,Y004,자아분석,감정,성향·습관형,0.588,에너지 방향,편안·충전→내향 / 외로움·답답→외향. 감정 어휘로 강도 파악,나답 자아분석 설계,
2,칭찬 열 번과 지적 한 번 중 뭐가 더 오래 남나요?,2,좋은 말보다 아픈 말이 오래 남기도 해요.,최근에 들었던 칭찬과 지적을 하나씩 떠올려봐요.,오래 남는 말은 나에게 어떤 영향을 주나요?,Y021,자아분석,감정,양자택일형,0.583,감정 민감도,지적→비판 민감 / 칭찬→긍정 자원 활용,나답 자아분석 설계,
2,친구의 실수와 내 실수 중 어느 쪽에 더 너그러운가요?,2,남에게는 너그러운데 나에게는 엄격할 때가 있죠.,같은 실수를 친구가 했을 때와 내가 했을 때를 비교해봐요.,그 차이는 어디서 온다고 생각해요?,Y038,자아분석,감정,양자택일형,0.583,자기 인식,친구에게→자기 엄격 / 나에게→자기 관대,나답 자아분석 설계,
2,"지적을 받으면 이유부터 따지나요, 기분부터 상하나요?",2,같은 지적도 받아들이는 방식은 다 달라요.,이유가 궁금한 마음과 서운한 마음 중 뭐가 먼저 와요?,지적을 잘 받아들이게 되는 조건은 뭐예요?,Y044,자아분석,감정,양자택일형,0.583,결정 방식,이유→분석·과제 중심 / 기분→관계·감정 중심,나답 자아분석 설계,
4,누군가 나를 싫어한다는 걸 알면 얼마나 신경 쓰이나요?,2,모두에게 좋은 사람일 수는 없지만 신경은 쓰이죠.,"궁금함, 서운함, 억울함, 무덤덤함 중 뭐에 가까워요?",그럴 때 나를 지켜주는 생각은 뭐예요?,Y041,자아분석,관계,성향·습관형,0.528,감정 민감도,많이→거절 민감·인정 욕구 / 조금→자기 기준 안정,나답 자아분석 설계,
4,친구가 늦으면 몇 분까지 괜찮나요?,2,기다림의 기준은 사람마다 조금씩 달라요.,"5분, 10분, 30분 중 어디부터 마음이 달라지나요?",그 시간을 넘기면 어떤 마음이 드나요?,Y017,자아분석,관계,성향·습관형,0.527,관계 온도,길수록 관용·느긋함 / 짧을수록 시간 약속 중시. 숫자로 비교 가능,나답 자아분석 설계,
4,"""나 우울해서 빵 샀어""라는 말에 나는 뭐라고 답하나요?",2,같은 말에도 반응은 정말 다양하죠.,"""무슨 빵?""과 ""무슨 일 있어?"" 중 뭐가 먼저 나올까요?",그 답에 나의 어떤 면이 담겨 있다고 생각해요?,Y018,자아분석,관계,성향·습관형,0.527,관계 온도,무슨 빵?→사실·해결 지향 / 왜 우울해?→감정 지향,나답 자아분석 설계,
4,"기대고 싶을 때 먼저 말하나요, 알아주길 기다리나요?",2,기대고 싶은 마음을 전하는 방식은 사람마다 달라요.,"직접 말하기와 눈치채주길 기다리기, 뭐가 더 익숙해요?",기다리게 된다면 그 이유는 뭘까요?,Y027,자아분석,관계,양자택일형,0.471,친밀감 방식,먼저 말함→안정적 요청 / 기다림→표현 억제·확인 욕구,나답 자아분석 설계,
4,"약속이 갑자기 취소되면 아쉬운가요, 내심 반가운가요?",1,약속이 취소될 때의 기분에는 나도 몰랐던 내가 담겨 있어요.,아쉬움과 안도감 중 먼저 드는 감정을 떠올려봐요.,그 기분이 드는 이유는 뭐라고 생각해요?,Y001,자아분석,관계,양자택일형,0.47,에너지 방향,아쉽다→사람에게서 충전(외향) / 반갑다→혼자서 충전(내향),나답 자아분석 설계,
4,"엘리베이터에서 아는 사람을 만나면 말을 거나요, 휴대폰을 보나요?",1,누구나 한 번쯤 겪는 어색한 순간이죠.,"말을 걸 때와 휴대폰을 볼 때, 각각 내 마음을 떠올려봐요.",그런 순간 나를 움직이는 마음은 뭐예요?,Y003,자아분석,관계,양자택일형,0.47,에너지 방향,말을 건다→사교적 접근 / 휴대폰→사회적 에너지 절약,나답 자아분석 설계,
4,"식당에서 음식이 잘못 나오면 말하나요, 그냥 먹나요?",1,말할지 말지 잠깐 고민되는 순간이죠.,메뉴가 다르게 나왔던 상황을 떠올려봐요.,"말하지 못했다면, 말하고 나면 어떤 마음이 들어요?",Y015,자아분석,관계,양자택일형,0.47,관계 온도,말한다→자기주장 / 그냥 먹는다→갈등 회피·배려,나답 자아분석 설계,
4,"메뉴 정할 때 나는 '아무거나'인가요, 의견을 내는 편인가요?",1,메뉴 정하기에도 관계 속 내 역할이 드러나요.,'아무거나'라고 해놓고 속으로 원하는 게 있던 적도 떠올려봐요.,그 역할이 편한 이유는 뭐예요?,Y016,자아분석,관계,양자택일형,0.47,관계 온도,아무거나→맞춰주기 / 의견→주도·자기표현,나답 자아분석 설계,
4,"상대의 짧은 답장, 그냥 넘기나요 괜히 신경 쓰이나요?",1,짧은 답장 하나에도 마음이 흔들릴 수 있어요.,"'ㅇㅇ', '응.' 같은 답을 받았을 때를 떠올려봐요.",신경이 쓰인다면 주로 어떤 생각이 드나요?,Y019,자아분석,관계,양자택일형,0.47,감정 민감도,넘긴다→정서 안정 / 신경 쓰인다→관계 단서에 민감,나답 자아분석 설계,
4,"남의 부탁을 들어주고 나면 뿌듯한가요, 지치나요?",2,도움을 주고 난 뒤의 마음에 내 한계가 보여요.,기꺼이 도운 부탁과 억지로 도운 부탁을 나눠봐요.,거절해도 괜찮았을 부탁이 있었나요?,Y043,자아분석,관계,양자택일형,0.433,관계 온도,뿌듯→이타적 보상 / 지침→경계 부족·과잉 배려 신호,나답 자아분석 설계,
3,"아무 약속 없는 주말, 설레나요 심심한가요?",1,빈 주말을 대하는 마음은 사람마다 정말 달라요.,아무 계획 없는 토요일 아침을 상상해봐요.,그런 주말을 보내고 나면 어떤 기분이 들어요?,Y002,자아분석,루틴,양자택일형,0.528,에너지 방향,설렌다→내향·자기충전 / 심심하다→외향·자극 추구,나답 자아분석 설계,
3,"마감이 있는 일은 미리 끝내나요, 직전에 몰아서 하나요?",1,마감을 대하는 방식에는 나만의 리듬이 있어요.,"과제, 업무, 약속 준비처럼 마감이 있던 일을 떠올려봐요.",그 방식이 나에게 잘 맞는다고 느껴요?,Y005,자아분석,루틴,양자택일형,0.528,계획·실행,미리→계획형·자기통제 / 몰아서→압박 동기형,나답 자아분석 설계,
3,"안 읽은 알림이 쌓여 있으면 바로 지우나요, 그냥 두나요?",1,쌓인 알림을 보는 마음도 사람마다 달라요.,빨간 숫자가 보이면 어떤 기분이 드나요?,정리하고 싶은 마음은 다른 곳에서도 드러나나요?,Y006,자아분석,루틴,양자택일형,0.528,계획·실행,바로 지운다→질서·완결 욕구 / 둔다→유연·무관심,나답 자아분석 설계,
3,"내 책상은 깔끔한 편인가요, 어질러져도 다 찾는 편인가요?",1,책상은 나만의 질서를 보여주는 공간이에요.,지금 내 책상 위를 떠올려봐요.,내가 편하다고 느끼는 공간의 상태는 어떤 모습이에요?,Y007,자아분석,루틴,양자택일형,0.528,계획·실행,깔끔→외적 질서 / 어질러져도 찾음→내적 체계·유연,나답 자아분석 설계,
3,"할 일은 목록으로 적나요, 머릿속에 두나요?",1,할 일을 다루는 방식은 머릿속 정리 습관이기도 해요.,"메모앱, 다이어리, 포스트잇, 머릿속 중 어디에 두나요?",그 방식이 나에게 어떤 안정감을 주나요?,Y008,자아분석,루틴,양자택일형,0.528,계획·실행,적는다→외부화·체계형 / 머릿속→즉흥·기억 의존,나답 자아분석 설계,
3,"할 일이 쌓이면 바로 시작하나요, 딴짓부터 하게 되나요?",1,일이 쌓이면 누구나 딴짓이 하고 싶어지죠.,"청소, 휴대폰, 간식처럼 자꾸 손이 가는 게 있나요?",나를 결국 시작하게 만드는 건 뭐예요?,Y010,자아분석,루틴,양자택일형,0.528,계획·실행,"바로→자기조절 높음 / 딴짓→회피성 미루기, 스트레스 대처와 함께 해석",나답 자아분석 설계,
3,아는 길과 처음 가보는 길 중 어느 쪽으로 가고 싶나요?,1,길을 고르는 방식에도 내 성향이 묻어나요.,익숙한 편안함과 낯선 설렘 중 뭐가 더 좋아요?,새로운 길을 가다 헤매면 어떤 기분이 들어요?,Y012,자아분석,루틴,양자택일형,0.528,새로움 추구,아는 길→안정 / 처음 길→탐색 욕구,나답 자아분석 설계,
3,"머리가 복잡할 때 몸을 움직이나요, 가만히 쉬나요?",1,복잡한 머리를 식히는 방법은 저마다 달라요.,"걷기, 청소, 운동 또는 눕기, 멍때리기를 떠올려봐요.",그 방법을 하고 나면 어떤 변화가 있어요?,Y024,자아분석,루틴,양자택일형,0.528,스트레스 대처,움직임→행동으로 해소 / 쉼→회복·차단형,나답 자아분석 설계,
3,"아무것도 안 한 날, 뿌듯한가요 죄책감이 드나요?",2,쉬는 날을 대하는 마음은 사람마다 달라요.,하루 종일 누워 있던 날 저녁을 떠올려봐요.,나에게 '잘 쉬었다'는 건 어떤 날이에요?,Y039,자아분석,루틴,양자택일형,0.491,자기 인식,뿌듯→휴식 수용 / 죄책감→성취 조건부 자기가치,나답 자아분석 설계,
5,"좋아하는 사람이 생기면 티가 나나요, 꽁꽁 숨기나요?",2,좋아하는 마음은 숨기려 해도 드러나기도 하죠.,주변 사람들이 눈치챘던 순간을 떠올려봐요.,"티가 나는 게 좋나요, 들킬까 봐 신경 쓰이나요?",Y028,자아분석,사랑,양자택일형,0.594,친밀감 방식,티 난다→개방·표현 / 숨긴다→신중·거절 민감,나답 자아분석 설계,
1,"사고 싶은 물건이 생기면 바로 사나요, 장바구니에 묵혀두나요?",1,사고 싶은 마음을 다루는 방식은 저마다 달라요.,최근에 장바구니에 담았던 물건을 떠올려봐요.,"바로 사고 나서와 묵혀두고 나서, 언제 더 만족하나요?",Y009,자아분석,취향,양자택일형,0.528,계획·실행,바로 산다→충동·즉시 보상 / 묵힌다→숙고·지연 보상,나답 자아분석 설계,
1,"단골집에 가면 먹던 메뉴를 시키나요, 새 메뉴에 도전하나요?",1,"익숙한 맛과 새로운 맛, 둘 다 즐거움이 있어요.",실패 없는 선택과 새로운 발견 중 뭐가 더 끌려요?,다른 일에서도 비슷한 선택을 하는 편이에요?,Y011,자아분석,취향,양자택일형,0.528,새로움 추구,먹던 것→안정·예측 선호 / 새 메뉴→경험 개방,나답 자아분석 설계,
1,유행하는 것과 나만 아는 것 중 뭐가 더 끌리나요?,1,좋아하는 것을 고르는 기준은 사람마다 달라요.,모두가 좋아하는 것과 나만 알고 싶은 것을 떠올려봐요.,나만 알던 게 유명해지면 어떤 기분이 들어요?,Y013,자아분석,취향,양자택일형,0.528,새로움 추구,유행→소속·동조 / 나만 아는 것→독특성 추구,나답 자아분석 설계,
1,"노래는 듣던 것만 듣나요, 새로운 걸 찾아 듣나요?",1,노래 취향에는 익숙함과 새로움 사이의 내가 담겨요.,"반복 재생 목록과 새 노래 추천, 뭘 더 자주 켜요?",새로운 걸 찾게 되는 때는 주로 언제예요?,Y014,자아분석,취향,양자택일형,0.528,새로움 추구,듣던 것→익숙함에서 안정 / 새로운 것→탐색,나답 자아분석 설계,
1,"메뉴 고를 때 오래 고민하나요, 금방 고르나요?",1,메뉴 고르는 모습에 결정 스타일이 담겨 있어요.,배달앱이나 식당 메뉴판 앞의 나를 떠올려봐요.,다른 선택을 할 때도 비슷한 편이에요?,Y034,자아분석,취향,양자택일형,0.528,결정 방식,오래→최대화(최선 탐색) / 금방→만족화(충분하면 결정),나답 자아분석 설계,
6,하루 동안 다른 직업으로 살아본다면 무엇을 해보고 싶나요?,1,다른 직업을 상상하면 숨은 관심사가 보여요.,평소 궁금했던 직업이나 멋져 보였던 일을 떠올려봐요.,그 직업에서 가장 해보고 싶은 순간은 뭐예요?,X029,재미 보강,가치관,상상형,0.656,,,나답 자체 제작,
6,평생 무료로 받을 수 있다면 무엇을 고를까요?,1,평생 무료라는 말은 생각만 해도 즐겁죠.,"매일 쓰는 것, 좋아하는 음식, 경험을 떠올려봐요.",그걸 고른 이유는 뭐예요?,X030,재미 보강,가치관,상상형,0.656,,,나답 자체 제작,
6,하루 동안 투명인간이 된다면 무엇을 하고 싶나요?,1,투명인간 상상은 숨은 호기심을 보여줘요.,"가보고 싶던 곳, 보고 싶던 장면을 떠올려봐요.",그걸 하고 싶은 이유는 뭐예요?,X050,재미 보강,가치관,상상형,0.656,,,나답 자체 제작,
6,좀비 사태가 일어나면 나는 어떤 역할을 맡을 것 같나요?,1,위기 상황의 나를 상상하면 의외의 모습이 보여요.,"리더, 정보통, 요리사, 겁쟁이 중 뭘까요?",그 역할을 떠올린 이유는 뭐예요?,X052,재미 보강,가치관,상상형,0.656,,,나답 자체 제작,
6,전생에 나는 무엇이었을 것 같나요?,1,전생 상상에는 지금의 나다움이 담겨 있어요.,"동물, 직업, 시대, 물건처럼 자유롭게 떠올려봐요.",그렇게 생각한 이유는 뭐예요?,X053,재미 보강,가치관,상상형,0.656,,,나답 자체 제작,
6,절대 양보할 수 없는 나만의 고집은 무엇인가요?,2,고집에는 나만의 기준이 담겨 있어요.,"음식, 습관, 물건, 생활 방식 중에 떠올려봐요.",그 고집이 생긴 이유는 뭘까요?,X028,재미 보강,가치관,선호(최애)형,0.608,,,나답 자체 제작,
6,내가 나라를 세운다면 첫 번째 법은 무엇인가요?,2,내가 만든 규칙에는 내 가치관이 담겨 있어요.,"꼭 지켜졌으면 하는 것, 없어졌으면 하는 것을 떠올려봐요.",그 법을 가장 먼저 만든 이유는 뭐예요?,X051,재미 보강,가치관,상상형,0.608,,,나답 자체 제작,
6,남들은 이상하게 봐도 나는 진지한 신념은 무엇인가요?,2,남들이 웃어도 나에게는 진지한 게 있죠.,"음식, 물건, 습관, 믿음 중에 떠올려봐요.",그 신념을 지키게 된 이유는 뭐예요?,X055,재미 보강,가치관,선호(최애)형,0.608,,,나답 자체 제작,
6,10억을 받는 대신 1년 동안 휴대폰 없이 살 수 있나요?,1,"큰돈과 연결 없는 일상, 상상만 해도 고민되죠.",휴대폰 없이 불편할 일과 편해질 일을 떠올려봐요.,휴대폰이 없다면 가장 먼저 채우고 싶은 시간은 뭐예요?,X027,재미 보강,가치관,양자택일형,0.602,,,나답 자체 제작,
6,타임머신을 한 번 탄다면 과거와 미래 중 어디로 갈까요?,1,"과거와 미래, 둘 다 궁금한 곳이죠.",다시 보고 싶은 순간과 미리 보고 싶은 순간을 떠올려봐요.,그곳에서 가장 먼저 하고 싶은 건 뭐예요?,X054,재미 보강,가치관,양자택일형,0.602,,,나답 자체 제작,
2,나를 단번에 웃게 만드는 것은 무엇인가요?,1,웃음 버튼은 사람마다 정말 달라요.,"영상, 친구의 말투, 동물, 추억 중 뭐가 떠오르나요?",그걸 보면 왜 웃음이 나는 것 같아요?,X002,재미 보강,감정,선호(최애)형,0.704,,,나답 자체 제작,
2,듣기만 해도 괜히 기분이 좋아지는 단어는 무엇인가요?,1,어떤 단어는 듣기만 해도 기분이 좋아져요.,"휴가, 퇴근, 맛집, 칭찬 같은 단어를 떠올려봐요.",그 단어가 좋은 이유는 뭘까요?,X034,재미 보강,감정,선호(최애)형,0.704,,,나답 자체 제작,
2,짜증이 날 때 가장 빨리 풀리는 방법은 무엇인가요?,2,짜증은 누구에게나 찾아오는 감정이에요.,"달달한 것 먹기, 음악 듣기, 잠깐 걷기처럼 떠올려봐요.",그 방법이 잘 통하는 이유는 뭘까요?,X001,재미 보강,감정,성향·습관형,0.671,,,나답 자체 제작,
2,긴장하면 몸 어디에 가장 먼저 티가 나나요?,2,긴장은 몸이 먼저 알려주기도 해요.,"손, 배, 목소리, 얼굴 중 어디가 먼저 반응하나요?",그 신호를 느끼면 나는 어떻게 긴장을 풀어요?,X003,재미 보강,감정,성향·습관형,0.671,,,나답 자체 제작,
2,평소 내 기분을 이모지 하나로 고른다면 무엇인가요?,1,기분을 이모지로 고르면 의외로 정확해요.,평소 메시지에 자주 쓰는 이모지를 떠올려봐요.,그 이모지를 고른 이유는 뭐예요?,X004,재미 보강,감정,상상형,0.671,,,나답 자체 제작,
2,혼자 있다가 빵 터지게 되는 건 주로 어떤 순간인가요?,2,혼자 있을 때 터지는 웃음은 진짜 내 웃음이죠.,"영상, 옛날 사진, 갑자기 떠오른 기억을 떠올려봐요.",그런 순간이 나에게 어떤 에너지를 주나요?,X005,재미 보강,감정,성향·습관형,0.671,,,나답 자체 제작,
2,기분이 가라앉는 날 나를 끌어올리는 한 가지는 무엇인가요?,2,가라앉는 날에도 나를 끌어올리는 게 있어요.,"음식, 사람, 노래, 산책 중에 떠올려봐요.",그게 나에게 통하는 이유는 뭘까요?,X035,재미 보강,감정,성향·습관형,0.671,,,나답 자체 제작,
2,나를 위로하는 플레이리스트에 제목을 붙인다면 무엇인가요?,2,위로가 되는 노래에는 내 마음이 담겨 있어요.,그 플레이리스트에 담긴 노래 분위기를 떠올려봐요.,그 제목을 짓게 된 이유는 뭐예요?,X033,재미 보강,감정,상상형,0.624,,,나답 자체 제작,
2,"감동받으면 나는 티가 나는 편인가요, 속으로 삼키는 편인가요?",1,감동을 표현하는 방식은 사람마다 달라요.,"눈물, 말, 표정, 조용한 감사 중 뭐에 가까워요?",감동을 표현하고 나면 어떤 기분이에요?,X036,재미 보강,감정,양자택일형,0.619,,,나답 자체 제작,
4,처음 보는 사람에게서 가장 먼저 눈이 가는 부분은 무엇인가요?,2,첫인상에서 보는 곳에 내 기준이 담겨 있어요.,"눈빛, 표정, 말투, 옷차림 중 뭐가 먼저 보여요?",그 부분을 먼저 보게 된 이유는 뭘까요?,X013,재미 보강,관계,성향·습관형,0.527,,,나답 자체 제작,
4,무인도에 딱 한 명과 간다면 어떤 사람과 가고 싶나요?,1,무인도라는 상상에 내가 원하는 사람이 보여요.,"든든한 사람, 웃긴 사람, 손재주 있는 사람을 떠올려봐요.",그런 사람을 고른 이유는 뭐예요?,X017,재미 보강,관계,상상형,0.527,,,나답 자체 제작,
4,칭찬을 들으면 나는 어떻게 반응하는 편인가요?,2,칭찬 앞에서의 반응은 사람마다 달라요.,"쑥스러워하기, 고맙다고 하기, 손사래 치기 중 뭐에 가까워요?",칭찬을 편하게 받으려면 뭐가 필요할까요?,X019,재미 보강,관계,성향·습관형,0.527,,,나답 자체 제작,
4,단체 사진을 찍을 때 나는 주로 어디에 서 있나요?,2,단체 사진 속 자리에도 내 성향이 보여요.,"가운데, 끝자리, 뒷줄 중 어디에 있나요?",그 자리가 편한 이유는 뭐예요?,X042,재미 보강,관계,성향·습관형,0.527,,,나답 자체 제작,
4,친구 휴대폰에 나는 어떤 이름으로 저장되어 있을 것 같나요?,1,친구가 붙여준 이름에는 내가 보여요.,"별명, 이모지, 이름 뒤에 붙은 말을 떠올려봐요.",그렇게 저장됐다면 어떤 기분일 것 같아요?,X058,재미 보강,관계,상상형,0.527,,,나답 자체 제작,
4,처음 만난 사람과 말을 놓기까지 보통 얼마나 걸리나요?,2,친해지는 속도는 사람마다 달라요.,"처음 만난 자리, 두 번째 만남을 떠올려봐요.",말을 놓고 나면 관계가 어떻게 달라져요?,X059,재미 보강,관계,성향·습관형,0.527,,,나답 자체 제작,
4,친구들에게 가장 자주 듣는 말은 무엇인가요?,2,자주 듣는 말에는 남들이 보는 내가 담겨 있어요.,"칭찬, 놀림, 부탁, 걱정 중에 떠올려봐요.",그 말을 들으면 어떤 기분이 들어요?,X060,재미 보강,관계,성향·습관형,0.527,,,나답 자체 제작,
4,자주 연락하는 사이와 가끔 연락해도 편한 사이 중 뭐가 더 좋나요?,1,관계마다 편한 거리는 조금씩 달라요.,매일 연락하는 친구와 오랜만에 만나도 편한 친구를 떠올려봐요.,나에게 편한 관계의 조건은 뭐예요?,X015,재미 보강,관계,양자택일형,0.47,,,나답 자체 제작,
4,선물을 고를 때 실용성과 의미 중 뭘 더 챙기나요?,1,선물 고르는 방식에 마음 쓰는 법이 담겨요.,꼭 필요한 물건과 추억이 담긴 물건 중 뭘 고르나요?,받을 때도 같은 기준인가요?,X016,재미 보강,관계,양자택일형,0.47,,,나답 자체 제작,
4,"대화할 때 나는 주로 듣는 쪽인가요, 말하는 쪽인가요?",1,대화 속 역할에도 내 성향이 담겨 있어요.,친구들과 모였을 때의 나를 떠올려봐요.,그 역할이 편한 이유는 뭐예요?,X018,재미 보강,관계,양자택일형,0.47,,,나답 자체 제작,
4,"모임에서 나는 총무, 길잡이, 분위기 메이커 중 어떤 역할인가요?",1,모임 속 역할은 자연스럽게 정해지기도 해요.,"계산, 길 찾기, 분위기 살리기 중 내가 주로 맡는 건 뭐예요?",그 역할을 맡게 된 이유는 뭘까요?,X043,재미 보강,관계,양자택일형,0.47,,,나답 자체 제작,
4,친구들이 나를 한 단어로 소개한다면 뭐라고 할까요?,2,친구들이 보는 나는 내가 아는 나와 다를 수도 있어요.,친구들이 나를 부를 때 자주 쓰는 말을 떠올려봐요.,"그 단어가 마음에 드나요, 의외인가요?",X014,재미 보강,관계,상상형,0.438,,,나답 자체 제작,
3,나만 알고 있는 생활 꿀팁은 무엇인가요?,1,작지만 확실한 꿀팁은 나누고 싶어지죠.,"정리, 요리, 절약, 시간 관리 중 떠오르는 게 있나요?",그 꿀팁은 어떻게 알게 됐어요?,X010,재미 보강,루틴,선호(최애)형,0.621,,,나답 자체 제작,
3,장을 볼 때 매번 장바구니에 담는 것은 무엇인가요?,2,장바구니에는 나의 생활이 담겨 있어요.,"과일, 간식, 음료, 늘 떨어지는 생필품을 떠올려봐요.",그걸 매번 사게 되는 이유는 뭐예요?,X009,재미 보강,루틴,성향·습관형,0.589,,,나답 자체 제작,
3,내 알고리즘에 자주 뜨는 영상은 어떤 종류인가요?,2,알고리즘은 나보다 내 관심사를 잘 알기도 해요.,추천 목록에 자주 뜨는 영상을 떠올려봐요.,그 영상들을 보면 나는 어떤 사람처럼 보일까요?,X039,재미 보강,루틴,성향·습관형,0.589,,,나답 자체 제작,
3,배달앱에서 가장 자주 시키는 메뉴는 무엇인가요?,2,자주 시키는 메뉴에는 나의 위로가 담겨 있어요.,주문 내역에서 가장 자주 보이는 메뉴를 떠올려봐요.,그 메뉴가 생각나는 날은 주로 어떤 날이에요?,X040,재미 보강,루틴,성향·습관형,0.589,,,나답 자체 제작,
3,갑자기 30분이 비면 주로 무엇을 하며 보내나요?,2,예상치 못한 30분은 작은 선물 같아요.,"휴대폰, 산책, 낮잠, 밀린 일 중 뭘 하게 되나요?",그 30분을 가장 알차게 쓴다면 뭘 하고 싶어요?,X007,재미 보강,루틴,성향·습관형,0.584,,,나답 자체 제작,
3,주말 아침 나를 침대에서 일으키는 것은 무엇인가요?,2,주말 아침의 나를 움직이는 건 뭘까요?,"배고픔, 햇살, 약속, 좋아하는 일 중에 떠올려봐요.",그게 없다면 언제까지 누워 있을 것 같아요?,X008,재미 보강,루틴,성향·습관형,0.584,,,나답 자체 제작,
3,스트레스를 받으면 당기는 음식은 무엇인가요?,2,스트레스 받을 때 당기는 음식은 마음의 신호예요.,"매운 것, 달콤한 것, 바삭한 것 중 뭐에 가까워요?",그 음식을 먹고 나면 기분이 어떻게 달라져요?,X011,재미 보강,루틴,성향·습관형,0.584,,,나답 자체 제작,
3,휴대폰 사진첩에 가장 많이 있는 사진은 무엇인가요?,2,사진첩은 내 관심사를 가장 솔직하게 보여줘요.,"음식, 풍경, 사람, 캡처 중 뭐가 가장 많아요?",그 사진을 자주 찍는 이유는 뭘까요?,X037,재미 보강,루틴,성향·습관형,0.584,,,나답 자체 제작,
3,검색창에 가장 자주 입력하는 단어는 무엇인가요?,2,검색 기록에는 요즘의 내가 담겨 있어요.,"맛집, 날씨, 궁금한 단어, 사람 이름을 떠올려봐요.",그 단어를 자주 찾게 되는 이유는 뭐예요?,X038,재미 보강,루틴,성향·습관형,0.584,,,나답 자체 제작,
3,잠잘 때 주로 어떤 자세로 자나요?,2,잠자는 자세에도 나만의 편안함이 있어요.,"바로 눕기, 옆으로 눕기, 엎드리기, 이불 꼭 안기를 떠올려봐요.",그 자세가 편한 이유는 뭘까요?,X041,재미 보강,루틴,성향·습관형,0.584,,,나답 자체 제작,
3,"알람은 한 번에 끄는 편인가요, 여러 개 맞춰두는 편인가요?",1,알람 습관에도 나만의 아침이 담겨 있어요.,알람 개수와 스누즈 버튼을 떠올려봐요.,그렇게 일어나면 아침 기분이 어때요?,X006,재미 보강,루틴,양자택일형,0.528,,,나답 자체 제작,
3,"씻는 건 아침파인가요, 저녁파인가요?",1,씻는 시간에도 나만의 리듬이 있어요.,하루를 여는 샤워와 하루를 닫는 샤워를 떠올려봐요.,그 시간이 나에게 주는 의미는 뭐예요?,X012,재미 보강,루틴,양자택일형,0.528,,,나답 자체 제작,
5,가장 설레는 한마디를 꼽는다면 무엇인가요?,1,어떤 말은 오래도록 마음을 두근거리게 해요.,"""보고 싶어"", ""잘했어"", ""네 생각났어"" 같은 말을 떠올려봐요.",그 말이 설레는 이유는 뭘까요?,X032,재미 보강,사랑,선호(최애)형,0.713,,,나답 자체 제작,
5,연인에게 가장 듣고 싶은 칭찬은 무엇인가요?,1,연인의 칭찬은 유난히 오래 남아요.,"외모, 성격, 능력, 마음 씀씀이 중 뭐가 떠오르나요?",그 칭찬을 듣고 싶은 이유는 뭘까요?,X057,재미 보강,사랑,선호(최애)형,0.713,,,나답 자체 제작,
5,내 연애 스타일을 노래 제목으로 표현하면 무엇인가요?,2,연애 스타일을 노래로 표현하면 재밌어요.,"달달한 발라드, 신나는 댄스곡, 잔잔한 인디곡을 떠올려봐요.",그 노래를 고른 이유는 뭐예요?,X056,재미 보강,사랑,상상형,0.634,,,나답 자체 제작,
5,"좋아하는 마음은 먼저 표현하는 편인가요, 기다리는 편인가요?",2,좋아하는 마음을 드러내는 방식은 사람마다 달라요.,"먼저 연락하기, 티 내기, 기다리기를 떠올려봐요.",그 방식이 나에게 편한 이유는 뭘까요?,X031,재미 보강,사랑,양자택일형,0.594,,,나답 자체 제작,
1,내 방에서 가장 아끼는 물건은 무엇인가요?,1,아끼는 물건에는 이야기가 담겨 있어요.,"선물 받은 것, 오래 쓴 것, 추억이 있는 것을 떠올려봐요.",그 물건이 특별해진 이유는 뭐예요?,X021,재미 보강,취향,선호(최애)형,0.621,,,나답 자체 제작,
1,아무리 반복해서 들어도 질리지 않는 노래는 무엇인가요?,1,질리지 않는 노래는 마음의 단골 같아요.,언제 들어도 좋은 노래를 떠올려봐요.,그 노래가 계속 좋은 이유는 뭘까요?,X023,재미 보강,취향,선호(최애)형,0.621,,,나답 자체 제작,
1,가장 좋아하는 과자는 무엇인가요?,1,좋아하는 과자에는 추억이 담겨 있기도 해요.,어릴 때부터 먹던 과자나 요즘 꽂힌 과자를 떠올려봐요.,그 과자를 먹으면 어떤 기분이 들어요?,X048,재미 보강,취향,선호(최애)형,0.621,,,나답 자체 제작,
1,한 가지 색 옷만 입어야 한다면 무슨 색을 고를까요?,1,좋아하는 색에는 내 분위기가 담겨 있어요.,옷장에서 가장 많이 보이는 색을 떠올려봐요.,그 색을 입으면 어떤 기분이 들어요?,X022,재미 보강,취향,상상형,0.584,,,나답 자체 제작,
1,이름을 새로 지을 수 있다면 어떤 이름을 고를까요?,1,이름을 다시 짓는다면 새로운 나를 상상하게 돼요.,"부르기 좋은 이름, 뜻이 좋은 이름을 떠올려봐요.",그 이름에 담고 싶은 의미는 뭐예요?,X025,재미 보강,취향,상상형,0.584,,,나답 자체 제작,
1,라면을 끓일 때 꼭 넣는 재료는 무엇인가요?,2,라면 레시피에는 나만의 고집이 담겨 있어요.,"계란, 파, 치즈, 김치 중 뭘 넣나요?",그 재료를 넣게 된 계기가 있나요?,X044,재미 보강,취향,성향·습관형,0.584,,,나답 자체 제작,
1,"민트초코는 호인가요, 불호인가요?",1,민트초코는 영원한 국민 논쟁이죠.,"치약 맛인가요, 상쾌한 디저트인가요?",호불호가 갈리는 다른 음식도 있나요?,X020,재미 보강,취향,양자택일형,0.528,,,나답 자체 제작,
1,바다와 산 중 쉬러 가고 싶은 곳은 어디인가요?,1,쉬는 곳을 고르는 데도 취향이 드러나요.,탁 트인 수평선과 초록빛 숲길을 떠올려봐요.,그곳에서 가장 하고 싶은 건 뭐예요?,X024,재미 보강,취향,양자택일형,0.528,,,나답 자체 제작,
1,"붕어빵은 머리부터 먹나요, 꼬리부터 먹나요?",1,사소하지만 은근히 진지한 논쟁이죠.,바삭한 꼬리와 팥 가득한 머리를 떠올려봐요.,다른 음식에도 나만의 먹는 순서가 있나요?,X026,재미 보강,취향,양자택일형,0.528,,,나답 자체 제작,
1,치킨은 후라이드와 양념 중 뭐가 더 좋은가요?,1,치킨 앞에서는 누구나 진지해지죠.,바삭한 후라이드와 달콤한 양념을 떠올려봐요.,반반을 시킬 때도 더 손이 가는 쪽이 있나요?,X045,재미 보강,취향,양자택일형,0.528,,,나답 자체 제작,
1,"얼죽아인가요, 뜨아파인가요?",1,계절 상관없이 커피 취향은 확고하죠.,한겨울 아이스와 한여름 따뜻한 커피를 떠올려봐요.,그 선택을 고집하는 이유는 뭐예요?,X046,재미 보강,취향,양자택일형,0.528,,,나답 자체 제작,
1,짜장면과 짬뽕 중 뭐가 더 끌리나요?,1,중식당 앞 영원한 고민이죠.,달콤한 짜장과 얼큰한 짬뽕을 떠올려봐요.,그날의 기분에 따라 달라지나요?,X047,재미 보강,취향,양자택일형,0.528,,,나답 자체 제작,
1,"복숭아는 딱딱한 게 좋나요, 물렁한 게 좋나요?",1,복숭아 취향은 의외로 확고하게 갈리죠.,아삭한 식감과 말랑한 달콤함을 떠올려봐요.,다른 음식에서도 식감을 중요하게 보는 편이에요?,X049,재미 보강,취향,양자택일형,0.528,,,나답 자체 제작,
5,썸 탈 때 가장 설레는 순간은 언제라고 생각하나요?,2,썸은 연애보다 더 설렌다는 말도 있죠.,"연락이 올 때, 눈이 마주칠 때, 약속을 잡을 때를 떠올려봐요.",그 순간이 설레는 이유는 뭘까요?,L019,연애,사랑,선호(최애)형,0.717,,,나답 자체 제작,
5,이상형을 연예인 한 명으로 말한다면 누구인가요?,1,이상형을 떠올리면 괜히 기분이 좋아지죠.,"외모, 분위기, 말투 중 뭐가 먼저 떠오르나요?",그 사람의 어떤 점이 가장 끌려요?,L018,연애,사랑,선호(최애)형,0.713,,,국내 100문 100답,https://ballpen.blog/%EB%82%98%EC%97%90-%EB%8C%80%ED%95%9C-100%EB%AC%B8-100%EB%8B%B5/
5,연인에게 불리고 싶은 애칭은 무엇인가요?,1,부르는 이름 하나에도 관계의 온도가 담겨요.,"귀여운 별명, 이름, 둘만 아는 호칭을 떠올려봐요.",그 애칭으로 불리면 어떤 기분일 것 같아요?,L025,연애,사랑,선호(최애)형,0.713,,,나답 자체 제작,
5,연애 중에 다른 사람에게 대시를 받으면 연인에게 말하는 편인가요?,2,말할지 말지 고민되는 순간이 있을 수 있어요.,"솔직하게 알리는 게 나은가요, 조용히 정리하는 게 나은가요?",연인이 같은 상황이라면 나는 어떻게 해주길 바라요?,L013,연애,사랑,성향·습관형,0.685,,,브런치 커플 질문 리스트,https://brunch.co.kr/@minimisize/87
5,연인과의 연락 텀은 몇 시간까지 괜찮나요?,2,연락 텀은 사람마다 편한 기준이 정말 달라요.,바쁜 날과 한가한 날을 나눠서 생각해봐요.,연락이 늦어질 때 나는 어떤 마음이 드나요?,L010,연애,사랑,성향·습관형,0.681,,,브런치 커플 질문 리스트,https://brunch.co.kr/@minimisize/87
5,나만의 해피플레이스에 좋아하는 사람을 데려간다면 어디로 갈까요?,1,좋아하는 곳을 나누는 건 마음을 여는 일이에요.,"자주 가는 카페, 산책길, 동네 맛집을 떠올려봐요.",그곳을 함께 가고 싶은 이유는 뭐예요?,L015,연애,사랑,상상형,0.681,,,코스모폴리탄 썸 질문 25,https://www.cosmopolitan.co.kr/article/43507
5,좋아하는 사람의 카톡 프로필이 바뀌면 바로 확인하는 편인가요?,2,좋아하면 작은 변화에도 눈이 가게 돼요.,"프로필 사진, 배경, 상태 메시지 중 뭘 먼저 보나요?",그 변화에서 나는 주로 뭘 읽어내려고 하나요?,L021,연애,사랑,성향·습관형,0.681,,,나답 자체 제작,
5,연애 예능에 나간다면 나는 어떤 캐릭터일까요?,1,연애할 때의 나를 캐릭터로 보면 재밌어요.,"직진형, 신중형, 분위기 메이커, 반전 매력 중 뭘까요?",그 캐릭터라고 생각한 이유는 뭐예요?,L026,연애,사랑,상상형,0.681,,,나답 자체 제작,
5,나의 연애 스타일을 음식에 비유하면 무엇일까요?,1,연애 스타일도 음식처럼 맛이 다 달라요.,"달달한 디저트, 매운 떡볶이, 든든한 국밥처럼 떠올려봐요.",그 음식으로 고른 이유는 뭐예요?,L029,연애,사랑,상상형,0.681,,,나답 자체 제작,
5,환승 이별과 잠수 이별 중 뭐가 더 최악인가요?,2,어떤 이별이든 아프지만 더 아픈 방식이 있죠.,"배신감과 허무함, 뭐가 더 오래 남을 것 같아요?",내가 생각하는 '좋은 이별'은 어떤 모습이에요?,L008,연애,사랑,양자택일형,0.665,,,커플 밸런스게임 모음,https://brunch.co.kr/@minimisize/70
5,연애할 때 나의 애교 지수는 10점 만점에 몇 점인가요?,2,애교에도 사람마다 스타일이 있어요.,"말투, 행동, 표정 중 어디서 애교가 나오나요?",그 점수가 나온 이유는 뭐예요?,L022,연애,사랑,성향·습관형,0.648,,,나답 자체 제작,
5,"연인이 이성 친구와 한 달 동안 몰래 연락하며 내 깜짝 이벤트를 준비했다면, 감동인가요 서운한가요?",2,고마운 마음과 서운한 마음이 동시에 들 수 있어요.,"이벤트의 설렘과 비밀 연락의 찜찜함, 뭐가 더 크게 다가오나요?",내가 연인에게 가장 바라는 투명함은 어디까지인가요?,L001,연애,사랑,양자택일형,0.634,,,커플 논쟁 매운맛 20,https://mindbridge.prestlab.com/post/keopeul-baelreonseugeim-jilmun-20gae-ggaesip-nonjaeng-sirijeu-jiltuyubal
5,"내가 먼저 집에 간 뒤 연인과 내 친구 둘이 더 마신다면 괜찮나요, 신경 쓰이나요?",2,커플 사이에 유독 의견이 갈리는 상황이에요.,"내 친구를 믿는 마음과 괜히 신경 쓰이는 마음, 어느 쪽이 커요?",이런 일에 신경이 쓰인다면 그 이유는 뭘까요?,L002,연애,사랑,양자택일형,0.634,,,커플 논쟁 매운맛 20,https://mindbridge.prestlab.com/post/keopeul-baelreonseugeim-jilmun-20gae-ggaesip-nonjaeng-sirijeu-jiltuyubal
5,"연인 차에 이성 친구가 블루투스를 연결하는 건 괜찮나요, 신경 쓰이나요?",2,사소해 보여도 은근히 마음이 쓰이는 논쟁이죠.,"그냥 노래일 뿐인가요, 둘만의 공간에 들어온 느낌인가요?",나에게 연인과 '둘만의 영역'은 어디까지인가요?,L003,연애,사랑,양자택일형,0.634,,,연애 논쟁 (블루투스),https://www.nocutnews.co.kr/news/5788798
5,짠돌이 애인과 과소비 애인 중 누가 더 힘든가요?,1,돈을 대하는 방식은 연애에서도 크게 드러나요.,"아끼는 쪽과 쓰는 쪽, 어느 쪽이 더 답답하게 느껴지나요?",나는 연인에게 어떤 소비 스타일로 보일까요?,L004,연애,사랑,양자택일형,0.629,,,커플 밸런스게임 모음,https://brunch.co.kr/@minimisize/70
5,좋아하는 사람이 날 싫어하는 것과 싫어하는 사람이 날 좋아하는 것 중 뭐가 더 괴로운가요?,1,"짝사랑의 아픔과 원치 않는 관심, 둘 다 쉽지 않아요.","내 마음이 닿지 않는 것과 남의 마음을 거절하는 것, 뭐가 더 무거워요?",거절하는 쪽과 거절당하는 쪽 중 나는 어디가 더 힘든 편이에요?,L005,연애,사랑,양자택일형,0.629,,,커플 밸런스게임 모음,https://brunch.co.kr/@minimisize/70
5,단톡방 고백과 길거리 고백 중 뭐가 더 받기 싫은가요?,1,고백은 받는 방식도 꽤 중요하죠.,"여러 사람 앞의 부담과 낯선 사람 앞의 당황, 뭐가 더 싫어요?",받고 싶은 고백 장면이 있다면 어떤 모습이에요?,L006,연애,사랑,양자택일형,0.629,,,커플 밸런스게임 모음,https://brunch.co.kr/@minimisize/70
5,돌려 말하는 애인과 팩폭하는 애인 중 누가 더 좋은가요?,1,말하는 방식은 연애의 온도를 크게 바꿔요.,"배려 섞인 우회와 시원한 직구, 뭐가 더 편해요?",나는 연인에게 어떤 방식으로 말하는 편이에요?,L007,연애,사랑,양자택일형,0.629,,,커플 밸런스게임 모음,https://brunch.co.kr/@minimisize/70
5,친구의 전 애인과 전 애인의 친구 중 누구와 연애하는 게 그나마 나은가요?,1,둘 다 쉽지 않은 선택이라 더 재밌는 질문이에요.,"친구와의 관계와 옛 연인의 그림자, 뭐가 더 걸리나요?",연애할 때 주변 관계를 얼마나 신경 쓰는 편이에요?,L009,연애,사랑,양자택일형,0.629,,,커플 밸런스게임 모음,https://brunch.co.kr/@minimisize/70
5,"연인과 폰 비밀번호, 위치 공유, 통장 중 어디까지 공유할 수 있나요?",1,가까운 사이일수록 공유의 선이 궁금해져요.,편하게 열 수 있는 것과 끝까지 지키고 싶은 걸 나눠봐요.,나에게 연애 속 '사생활'은 어떤 의미인가요?,L011,연애,사랑,양자택일형,0.629,,,브런치 커플 질문 리스트,https://brunch.co.kr/@minimisize/87
5,"치킨 닭다리 두 개, 연인에게 다 양보할 수 있나요?",1,사소한 양보에도 마음의 크기가 드러나요.,"하나는 양보, 둘 다는 고민인가요?",연애할 때 내가 기꺼이 양보하는 건 주로 뭐예요?,L012,연애,사랑,양자택일형,0.629,,,브런치 커플 질문 리스트,https://brunch.co.kr/@minimisize/87
5,연인과 가장 친한 친구가 싸우면 누구 편을 들 것 같나요?,1,양쪽 다 소중해서 더 어려운 상황이에요.,"누가 옳은지가 먼저인가요, 누가 더 속상한지가 먼저인가요?",갈등 사이에서 나는 주로 어떤 역할을 맡아요?,L014,연애,사랑,양자택일형,0.629,,,브런치 커플 질문 리스트,https://brunch.co.kr/@minimisize/87
5,"연애할 때 나는 리드하는 쪽인가요, 맞춰주는 쪽인가요?",1,연애할 때의 나는 평소와 다를 수도 있어요.,데이트 코스를 정할 때나 의견이 갈릴 때를 떠올려봐요.,"그 역할이 나에게 편한가요, 아니면 익숙해진 건가요?",L016,연애,사랑,양자택일형,0.629,,,테토·에겐 테스트 (개념 차용),https://en.wikipedia.org/wiki/Teto-egen_test
5,"연하, 동갑, 연상 중 누가 더 끌리나요?",1,끌리는 나이대에도 나만의 이유가 있죠.,"편안함, 설렘, 든든함 중 뭘 기대하나요?",그 나이대에 끌리는 이유를 한 단어로 말한다면요?,L017,연애,사랑,양자택일형,0.629,,,국내 100문 100답,https://ballpen.blog/%EB%82%98%EC%97%90-%EB%8C%80%ED%95%9C-100%EB%AC%B8-100%EB%8B%B5/
5,읽씹과 안읽씹 중 뭐가 더 서운한가요?,1,답장 하나에 마음이 오르락내리락하기도 해요.,"읽고 답이 없는 것과 아예 안 읽은 것, 뭐가 더 신경 쓰여요?",답장이 늦을 때 나는 주로 어떤 상상을 하나요?,L020,연애,사랑,양자택일형,0.629,,,나답 자체 제작,
5,다정한 말투와 장난스러운 말투 중 뭐가 더 설레나요?,1,설렘 포인트는 말투에서 오기도 해요.,따뜻하게 챙겨주는 말과 장난스럽게 놀리는 말을 떠올려봐요.,그 말투에 설레는 이유는 뭘까요?,L023,연애,사랑,양자택일형,0.629,,,나답 자체 제작,
5,"연인과 커플템 맞추는 건 좋나요, 부끄럽나요?",1,커플템은 설렘과 쑥스러움이 함께 오죠.,"반지, 옷, 폰케이스처럼 종류마다 다를 수도 있어요.",티 나는 커플템과 은근한 커플템 중 뭐가 더 좋아요?,L024,연애,사랑,양자택일형,0.629,,,나답 자체 제작,
5,"연인이 나보다 친구 약속을 먼저 챙기면 서운한가요, 이해되나요?",1,"사랑과 우정 사이, 서운함은 자연스러운 감정이에요.",약속의 중요도나 횟수에 따라 달라지나요?,내가 연인에게 가장 바라는 우선순위는 뭐예요?,L027,연애,사랑,양자택일형,0.629,,,나답 자체 제작,
5,"연인의 휴대폰, 보고 싶나요 아니면 모르는 게 약인가요?",1,궁금함과 믿음 사이에서 고민될 수 있어요.,확인하고 싶은 마음과 믿고 싶은 마음 중 어느 쪽이 커요?,연애에서 나에게 '신뢰'는 어떤 모습이에요?,L028,연애,사랑,양자택일형,0.629,,,나답 자체 제작,
5,사귀기 전에 몇 번쯤 만나고 고백하는 게 적당하다고 생각하나요?,2,고백 타이밍은 사람마다 감이 달라요.,만남 횟수보다 중요한 신호가 있다면 뭘까요?,나는 마음을 확인할 때 뭘 보고 판단해요?,L030,연애,사랑,개념·가치형,0.586,,,나답 자체 제작,
6,절대 하고 싶지 않은 일은 무엇인가요?,1,하기 싫은 일을 알면 내가 원하는 것도 보여요.,"직업, 역할, 상황 중에 떠올려봐요.",그 일이 싫은 이유는 뭐예요?,S009,외부 디깅,가치관,선호(최애)형,0.689,,,피보 질문지,https://plottr.com/bernard-pivot-questionnaire/
6,누구에게나 꼭 한 번 해보라고 추천하고 싶은 것은 무엇인가요?,1,추천하고 싶은 경험은 나를 바꾼 경험이기도 해요.,"장소, 음식, 취미, 습관을 떠올려봐요.",그걸 추천하고 싶은 이유는 뭐예요?,S050,외부 디깅,가치관,선호(최애)형,0.689,,,브런치 '내 삶을 돌아보는 질문 100',https://brunch.co.kr/@rory/355
6,'이게 없으면 내 삶이 허전하다' 싶은 것은 무엇인가요?,1,없으면 허전한 것이 나를 채워주는 것이에요.,"사람, 물건, 습관, 음식 중에 떠올려봐요.",그게 나에게 주는 건 뭐예요?,S054,외부 디깅,가치관,선호(최애)형,0.689,,,Psych Central 저널링 64,https://psychcentral.com/blog/ready-set-journal-64-journaling-prompts-for-self-discovery
6,하루아침에 재능 하나를 얻을 수 있다면 무엇을 고를까요?,1,갖고 싶은 재능에는 바라는 내 모습이 담겨요.,"노래, 그림, 언어, 운동 신경 중 뭐가 끌려요?",그 재능이 생기면 가장 먼저 뭘 하고 싶어요?,S003,외부 디깅,가치관,상상형,0.656,,,프루스트 질문지,https://en.wikipedia.org/wiki/Proust_Questionnaire
6,수정구슬이 딱 하나의 진실을 알려준다면 무엇을 묻고 싶나요?,1,하나의 진실만 알 수 있다면 고민되죠.,"나의 미래, 누군가의 마음, 세상의 비밀을 떠올려봐요.",그 답을 알면 무엇이 달라질까요?,S014,외부 디깅,가치관,상상형,0.656,,,Aron 36문항,https://ggia.berkeley.edu/practice/36_questions_for_increasing_closeness
6,혼자 생각에 잠기는 시간이 많은 편인가요?,2,생각에 잠기는 시간은 나를 알아가는 시간이기도 해요.,"이동 중, 잠들기 전, 샤워 중을 떠올려봐요.",그 시간에 주로 어떤 생각을 해요?,S018,외부 디깅,가치관,성향·습관형,0.656,,,IPIP Big Five (공개 문항),https://ipip.ori.org/
6,절대 실패하지 않는다면 무엇에 도전하고 싶나요?,1,실패가 없다면 숨겨둔 꿈이 보여요.,"일, 취미, 관계, 여행 중에 떠올려봐요.",그 도전을 막고 있는 건 뭘까요?,S055,외부 디깅,가치관,상상형,0.656,,,저널링 커뮤니티 인기 질문,https://www.yogajournal.com/lifestyle/balance/journal-prompts-for-self-discovery/
6,나보다 어린 사람에게 꼭 해주고 싶은 조언 하나는 무엇인가요?,2,해주고 싶은 조언에는 내가 배운 게 담겨 있어요.,내가 그 나이 때 듣고 싶었던 말을 떠올려봐요.,그 조언을 떠올리게 된 경험이 있나요?,S057,외부 디깅,가치관,성향·습관형,0.656,,,AskReddit 인기 스레드,https://upvote.net/blog/best-askreddit-questions
6,살면서 한 번쯤 해보고 싶은 작은 일탈은 무엇인가요?,1,작은 일탈은 일상에 숨을 불어넣어 줘요.,"평일 휴가, 혼자 여행, 새벽 드라이브를 떠올려봐요.",그 일탈을 하면 어떤 기분일 것 같아요?,S084,외부 디깅,가치관,상상형,0.656,,,브런치 100문 100답 양식,https://brunch.co.kr/@minimisize/91
6,묘비에 딱 한 줄을 남긴다면 무엇을 쓰고 싶나요?,2,한 줄로 남기는 말에는 내 삶의 태도가 담겨요.,"좌우명, 농담, 고마운 말을 떠올려봐요.",그 문장을 고른 이유는 뭐예요?,S041,외부 디깅,가치관,상상형,0.61,,,국내 100문 100답,https://ballpen.blog/%EB%82%98%EC%97%90-%EB%8C%80%ED%95%9C-100%EB%AC%B8-100%EB%8B%B5/
6,내 인생의 리즈 시절은 언제라고 생각하나요?,2,리즈 시절은 외모만의 이야기가 아니에요.,"가장 나다웠던 때, 빛났던 때를 떠올려봐요.",그때의 나와 지금의 나는 어떤 점이 달라요?,S078,외부 디깅,가치관,일화 회상형,0.61,,,브런치 100문 100답 양식,https://brunch.co.kr/@minimisize/91
6,내 삶에서 가장 점수가 높은 영역은 무엇인가요?,2,삶의 영역마다 만족도는 다를 수 있어요.,"일, 관계, 건강, 취미, 쉼 중에 떠올려봐요.",그 영역이 좋은 이유는 뭐예요?,S101,외부 디깅,가치관,성향·습관형,0.607,,,삶의 수레바퀴 (코칭 도구),https://coachpro.tools/en/blog/36-life-coaching-tools.html
6,90살까지 산다면 30대의 몸과 30대의 마음 중 무엇을 지키고 싶나요?,1,"몸과 마음, 둘 다 소중한 선택이에요.",건강한 몸과 젊은 마음 중 뭐가 더 아쉬울 것 같아요?,그 선택에 담긴 나의 가치는 뭐예요?,S013,외부 디깅,가치관,양자택일형,0.602,,,Aron 36문항,https://ggia.berkeley.edu/practice/36_questions_for_increasing_closeness
6,"설명을 들을 때 예시가 먼저 필요한가요, 큰 그림이 먼저 필요한가요?",1,이해하는 방식에도 순서가 있어요.,새로운 걸 배울 때의 나를 떠올려봐요.,그 방식으로 설명을 들으면 뭐가 달라져요?,S023,외부 디깅,가치관,양자택일형,0.602,,,MBTI 4축 (개념 차용),https://namu.wiki/w/%EB%A7%88%EC%9D%B4%EC%96%B4%EC%8A%A4-%EB%B8%8C%EB%A6%AD%EC%8A%A4%20%EC%9C%A0%ED%98%95%20%EC%A7%80%ED%91%9C
6,"'착하다', '대단하다', '독특하다' 중 가장 듣고 싶은 말은 무엇인가요?",1,듣고 싶은 말에는 바라는 나의 모습이 담겨 있어요.,세 단어를 하나씩 들었을 때를 상상해봐요.,그 말을 듣고 싶은 이유는 뭐예요?,S027,외부 디깅,가치관,양자택일형,0.602,,,에니어그램 (핵심 욕구),https://ko.wikipedia.org/wiki/%EC%97%90%EB%8B%88%EC%96%B4%EA%B7%B8%EB%9E%A8
6,옳은 것과 평화로운 것 중 뭐가 더 중요한가요?,1,옳음과 평화 사이에서 고민될 때가 있어요.,의견이 부딪혔던 순간을 떠올려봐요.,그 선택을 하고 나면 마음이 어때요?,S029,외부 디깅,가치관,양자택일형,0.602,,,에니어그램 (핵심 욕구),https://ko.wikipedia.org/wiki/%EC%97%90%EB%8B%88%EC%96%B4%EA%B7%B8%EB%9E%A8
6,머리가 좋은 것과 눈치가 빠른 것 중 나는 어느 쪽에 더 가깝나요?,1,똑똑함에도 여러 종류가 있어요.,문제를 푸는 머리와 분위기를 읽는 눈치를 떠올려봐요.,그 능력이 빛났던 순간은 언제예요?,S089,외부 디깅,가치관,양자택일형,0.602,,,This or That,https://www.today.com/life/inspiration/this-or-that-questions-rcna130263
6,"건강, 관계, 일, 쉼 중 지금 가장 챙기고 싶은 것은 무엇인가요?",1,지금 챙기고 싶은 영역에 요즘의 내가 보여요.,네 가지 중 가장 소홀했던 걸 떠올려봐요.,그걸 챙기기 위한 작은 한 걸음은 뭐예요?,S100,외부 디깅,가치관,양자택일형,0.602,,,삶의 수레바퀴 (코칭 도구),https://coachpro.tools/en/blog/36-life-coaching-tools.html
6,하얀 거짓말을 하게 되는 순간은 주로 언제인가요?,2,하얀 거짓말은 누구에게나 있는 작은 배려예요.,"선물 받을 때, 음식 맛볼 때, 안부를 물을 때를 떠올려봐요.",그 거짓말은 누구를 위한 걸까요?,S006,외부 디깅,가치관,성향·습관형,0.587,,,프루스트 질문지,https://en.wikipedia.org/wiki/Proust_Questionnaire
6,알면서도 모른 척하고 싶은 것은 무엇인가요?,2,알고 싶지 않은 것도 있죠.,"사람의 속마음, 가격, 결과처럼 떠올려봐요.",모른 척하는 이유는 뭐예요?,S056,외부 디깅,가치관,성향·습관형,0.574,,,저널링 커뮤니티 인기 질문,https://www.yogajournal.com/lifestyle/balance/journal-prompts-for-self-discovery/
6,오래 해보고 싶었지만 아직 미뤄둔 일은 무엇인가요?,2,미뤄둔 일에는 이루고 싶은 마음이 담겨 있어요.,"배우기, 여행, 정리, 도전처럼 떠올려봐요.",그 일을 시작하게 해줄 작은 계기는 뭘까요?,S015,외부 디깅,가치관,성향·습관형,0.573,,,Aron 36문항,https://ggia.berkeley.edu/practice/36_questions_for_increasing_closeness
6,나에게 스스로 던져보고 싶은 질문은 무엇인가요?,2,나에게 묻고 싶은 질문에는 궁금한 내가 담겨 있어요.,요즘 자주 드는 생각을 질문으로 바꿔봐요.,그 질문에 지금의 나는 뭐라고 답할까요?,S049,외부 디깅,가치관,성향·습관형,0.573,,,브런치 '내 삶을 돌아보는 질문 100',https://brunch.co.kr/@rory/355
6,모든 게 잘 풀린 10년 뒤의 나는 어떤 하루를 보내고 있을까요?,2,잘 풀린 미래를 상상하면 원하는 게 보여요.,"아침, 점심, 저녁을 순서대로 떠올려봐요.",그 하루에서 지금 시작할 수 있는 건 뭐예요?,S093,외부 디깅,가치관,상상형,0.573,,,Greater Good in Action,https://ggia.berkeley.edu/practice/best_possible_self
6,평범해지는 것과 틀리는 것 중 뭐가 더 싫은가요?,1,피하고 싶은 것에서 나의 욕구가 보여요.,"눈에 띄지 않는 것과 실수하는 것, 뭐가 더 신경 쓰여요?",그 마음은 언제부터 생긴 것 같아요?,S030,외부 디깅,가치관,양자택일형,0.568,,,에니어그램 (핵심 두려움),https://ko.wikipedia.org/wiki/%EC%97%90%EB%8B%88%EC%96%B4%EA%B7%B8%EB%9E%A8
6,사람들이 너무 높게 치는 것 같은 덕목은 무엇인가요?,2,모두가 좋다고 말하는 것에도 다른 생각이 들 수 있어요.,"성실, 겸손, 인내처럼 떠올려봐요.",그렇게 생각하게 된 계기가 있나요?,S005,외부 디깅,가치관,개념·가치형,0.471,,,프루스트 질문지,https://en.wikipedia.org/wiki/Proust_Questionnaire
6,'인생은 결국 혼자'라는 말에 얼마나 동의하나요?,2,혼자라는 말에 대한 생각은 사람마다 달라요.,외로움과 자립 중 뭐가 먼저 떠오르나요?,그렇게 생각하게 된 이유는 뭐예요?,S083,외부 디깅,가치관,개념·가치형,0.471,,,브런치 100문 100답 양식,https://brunch.co.kr/@minimisize/91
6,좋아하는 일과 잘하는 일이 겹치는 지점은 무엇인가요?,2,좋아하는 일과 잘하는 일이 만나는 곳에 내가 있어요.,칭찬받는 일과 즐거운 일을 나란히 적어봐요.,그 지점을 더 키우려면 뭘 해볼 수 있을까요?,S098,외부 디깅,가치관,개념·가치형,0.471,,,이키가이 (코칭 도구),https://positivepsychology.com/ikigai/
6,세상에 필요하다고 느끼는 일 중 내가 보탤 수 있는 것은 무엇인가요?,2,작은 보탬도 세상을 조금 바꿔요.,"나눔, 재능, 시간, 관심 중에 떠올려봐요.",그 일을 하면 어떤 마음이 들 것 같아요?,S099,외부 디깅,가치관,개념·가치형,0.471,,,이키가이 (코칭 도구),https://positivepsychology.com/ikigai/
2,나를 단번에 김빠지게 만드는 것은 무엇인가요?,1,잘 가던 기분이 한순간에 꺾일 때가 있죠.,"말투, 상황, 태도 중에 떠올려봐요.",그럴 때 나는 어떻게 기분을 되돌려요?,S010,외부 디깅,감정,선호(최애)형,0.704,,,피보 질문지,https://plottr.com/bernard-pivot-questionnaire/
2,내 몸에서 가장 마음에 드는 부분은 어디인가요?,2,내 몸의 좋은 점을 찾아보는 것도 좋은 연습이에요.,"눈, 손, 웃는 얼굴, 목소리를 떠올려봐요.",그 부분이 마음에 드는 이유는 뭐예요?,S071,외부 디깅,감정,선호(최애)형,0.672,,,Vogue 73 Questions,https://fredandfar.com/blogs/ff-blog/ask-yourself-vogues-73-questions
2,'매일이 이랬으면 좋겠다' 싶은 날은 어떤 날인가요?,2,'매일 이랬으면' 싶은 날에 내가 원하는 삶이 보여요.,"날씨, 사람, 할 일, 기분을 떠올려봐요.",그런 날을 조금 더 늘리려면 뭐가 필요할까요?,S047,외부 디깅,감정,성향·습관형,0.671,,,브런치 '내 삶을 돌아보는 질문 100',https://brunch.co.kr/@rory/355
2,당연하게 여겼지만 사실 고마운 것은 무엇인가요?,2,당연한 것에 고마움을 느끼면 일상이 달라져요.,"건강, 가족, 집, 일상적인 편리함을 떠올려봐요.",그 고마움을 표현해본 적 있어요?,S095,외부 디깅,감정,성향·습관형,0.671,,,Greater Good in Action,https://ggia.berkeley.edu/practice/gratitude_journal
2,'나는 ___한 사람이다' 빈칸에 넣고 싶은 말은 무엇인가요?,2,빈칸 하나로 나를 설명하는 건 어렵지만 재밌어요.,"성격, 태도, 좋아하는 것 중에 떠올려봐요.",그 말을 고른 이유는 뭐예요?,S096,외부 디깅,감정,성향·습관형,0.671,,,5분 저널,https://www.intelligentchange.com/blogs/read/the-five-minute-journal-questions
2,요즘 나에게 일어난 좋은 일 세 가지는 무엇인가요?,2,좋은 일은 작을수록 잘 잊혀요.,"맛있게 먹은 밥, 좋은 날씨, 반가운 연락을 떠올려봐요.",그 일들이 나에게 어떤 기분을 줬어요?,S094,외부 디깅,감정,성향·습관형,0.651,,,Greater Good in Action,https://ggia.berkeley.edu/practice/three-good-things
2,가장 행복했던 기억을 5초 안에 떠올리면 무엇이 떠오르나요?,2,가장 먼저 떠오르는 기억이 진짜 행복일지도 몰라요.,생각하지 말고 바로 떠오르는 장면을 적어봐요.,그 기억이 행복했던 이유는 뭐예요?,S052,외부 디깅,감정,일화 회상형,0.627,,,2024 자문자답 100,https://mindbridge.prestlab.com/blog-alone/2024-jamunjadab-jilmun-riseuteu-100gae-100mun100dab-gwageo-hyeonjae-mirae
2,들었던 칭찬 중 가장 오래 기억에 남는 말은 무엇인가요?,2,어떤 칭찬은 오래도록 나를 지켜줘요.,누군가 무심코 해준 말을 떠올려봐요.,그 말이 오래 남은 이유는 뭘까요?,S064,외부 디깅,감정,일화 회상형,0.627,,,Vogue 73 Questions,https://fredandfar.com/blogs/ff-blog/ask-yourself-vogues-73-questions
2,나는 나 자신과 얼마나 친한가요?,2,나와 친한 정도는 나를 대하는 태도에서 보여요.,"혼자 있을 때 편한지, 나에게 다정한지 떠올려봐요.",나와 더 친해지려면 뭘 해볼 수 있을까요?,S079,외부 디깅,감정,성향·습관형,0.624,,,브런치 100문 100답 양식,https://brunch.co.kr/@minimisize/91
2,"사소한 일이 오래 신경 쓰이는 편인가요, 금방 잊는 편인가요?",1,사소한 일이 마음에 남는 정도는 다 달라요.,"말실수, 작은 오해, 스쳐 간 표정을 떠올려봐요.",오래 남을 때 나는 어떻게 털어내요?,S021,외부 디깅,감정,양자택일형,0.619,,,IPIP Big Five (공개 문항),https://ipip.ori.org/
2,"나는 마음이 여린 편인가요, 단단한 편인가요?",1,"여린 마음과 단단한 마음, 둘 다 나의 모습이에요.",상처받는 순간과 버티는 순간을 떠올려봐요.,어떤 상황에서 내 마음이 달라지나요?,S022,외부 디깅,감정,양자택일형,0.619,,,IPIP Big Five (공개 문항),https://ipip.ori.org/
2,친구가 나와 같은 실수를 했다면 친구에게 뭐라고 말해줄까요?,2,친구에게 하는 말은 나에게도 필요한 말일 수 있어요.,"위로, 조언, 농담 중 뭐가 먼저 나오나요?",그 말을 나에게도 해줄 수 있을까요?,S092,외부 디깅,감정,상상형,0.589,,,Greater Good in Action,https://ggia.berkeley.edu/practice/self_compassionate_letter
2,"통제받을 때, 무시당할 때, 지루할 때 중 언제가 가장 참기 힘든가요?",2,참기 힘든 상황을 알면 내가 지키고 싶은 게 보여요.,"자유, 존중, 재미 중 뭐가 가장 중요한지 떠올려봐요.",그런 상황이 오면 나는 어떻게 반응해요?,S028,외부 디깅,감정,양자택일형,0.586,,,에니어그램 (핵심 두려움),https://ko.wikipedia.org/wiki/%EC%97%90%EB%8B%88%EC%96%B4%EA%B7%B8%EB%9E%A8
4,한 번에 정이 떨어지는 행동은 무엇인가요?,1,한순간에 마음이 식는 행동이 있죠.,"무례함, 거짓말, 뒷담화, 약속 어기기를 떠올려봐요.",그 행동이 유독 싫은 이유는 뭐예요?,S077,외부 디깅,관계,선호(최애)형,0.565,,,Hinge 프로필 질문,https://roast.dating/blog/hinge-prompt-answers
4,전화 걸기 전에 할 말을 미리 연습하는 편인가요?,2,전화 한 통에도 준비가 필요한 사람이 있어요.,중요한 전화와 편한 전화를 나눠서 떠올려봐요.,연습하는 이유는 뭐라고 생각해요?,S012,외부 디깅,관계,성향·습관형,0.527,,,Aron 36문항,https://ggia.berkeley.edu/practice/36_questions_for_increasing_closeness
4,나랑 친해지는 방법은 무엇인가요?,2,친해지는 데에도 나만의 방법이 있죠.,"같이 밥 먹기, 먼저 말 걸기, 취향 나누기를 떠올려봐요.",그 방법이 통하는 이유는 뭘까요?,S035,외부 디깅,관계,성향·습관형,0.527,,,국내 100문 100답,https://ballpen.blog/%EB%82%98%EC%97%90-%EB%8C%80%ED%95%9C-100%EB%AC%B8-100%EB%8B%B5/
4,낯을 얼마나 가리는 편인가요?,2,낯가림의 정도는 사람마다 정말 달라요.,처음 만난 자리의 첫 10분을 떠올려봐요.,낯가림이 풀리는 순간은 언제예요?,S037,외부 디깅,관계,성향·습관형,0.527,,,국내 100문 100답,https://ballpen.blog/%EB%82%98%EC%97%90-%EB%8C%80%ED%95%9C-100%EB%AC%B8-100%EB%8B%B5/
4,다시 태어나도 친구가 되고 싶은 사람은 어떤 사람인가요?,2,다시 만나고 싶은 인연에는 이유가 있어요.,"함께 있으면 편한 사람, 배울 게 많은 사람을 떠올려봐요.",그 사람의 어떤 점이 좋아요?,S046,외부 디깅,관계,성향·습관형,0.527,,,커뮤니티 밸런스게임,https://mindbridge.prestlab.com/blog-friend/maramas-ujeong-baelreonseugeim-jilmun-30gaji-cingu-jeon-aeingwa-sagwigi-vs-cinguga-nae-jeon-aeingwa-sagwigi
4,오래 알고 지내고 싶다고 느끼는 사람의 신호는 무엇인가요?,2,오래 함께하고 싶은 사람에게는 신호가 있어요.,"대화가 편할 때, 침묵이 어색하지 않을 때를 떠올려봐요.",나는 그런 사람에게 어떻게 다가가요?,S076,외부 디깅,관계,성향·습관형,0.527,,,Hinge 프로필 질문,https://roast.dating/blog/hinge-prompt-answers
4,절친이 나를 잊는 것과 내가 절친을 잊는 것 중 뭐가 더 슬픈가요?,2,"잊는 것과 잊히는 것, 둘 다 슬픈 상상이에요.",절친과의 추억을 떠올려봐요.,그 우정을 지키기 위해 내가 하는 건 뭐예요?,S044,외부 디깅,관계,양자택일형,0.509,,,커뮤니티 밸런스게임,https://mindbridge.prestlab.com/blog-friend/maramas-ujeong-baelreonseugeim-jilmun-30gaji-cingu-jeon-aeingwa-sagwigi-vs-cinguga-nae-jeon-aeingwa-sagwigi
4,지금까지 받은 선물 중 가장 기억에 남는 것은 무엇인가요?,2,기억에 남는 선물에는 마음이 담겨 있어요.,비싼 것보다 오래 남은 것을 떠올려봐요.,그 선물이 특별했던 이유는 뭐예요?,S063,외부 디깅,관계,일화 회상형,0.478,,,Vogue 73 Questions,https://fredandfar.com/blogs/ff-blog/ask-yourself-vogues-73-questions
4,"주목받는 자리는 편한 편인가요, 부담스러운 편인가요?",1,주목받는 자리를 대하는 마음은 사람마다 달라요.,"발표, 생일 축하, 소개 자리를 떠올려봐요.",그 자리에서 나는 주로 어떤 모습이에요?,S017,외부 디깅,관계,양자택일형,0.47,,,IPIP Big Five (공개 문항),https://ipip.ori.org/
4,"누가 고민을 털어놓으면 해결해주고 싶나요, 들어주고 싶나요?",1,고민을 들을 때 반응은 사람마다 달라요.,"해결책을 찾아주고 싶은지, 마음을 알아주고 싶은지 떠올려봐요.",내가 고민을 털어놓을 때는 어떤 반응을 원해요?,S020,외부 디깅,관계,양자택일형,0.47,,,IPIP Big Five (공개 문항),https://ipip.ori.org/
4,"답장은 빠른 편인가요, 느린 편인가요?",1,답장 속도에도 내 스타일이 담겨 있어요.,메시지 알림이 왔을 때의 나를 떠올려봐요.,답장이 늦어지는 건 주로 어떤 때예요?,S036,외부 디깅,관계,양자택일형,0.47,,,국내 100문 100답,https://ballpen.blog/%EB%82%98%EC%97%90-%EB%8C%80%ED%95%9C-100%EB%AC%B8-100%EB%8B%B5/
4,나와 함께 있는 시간을 한마디로 표현하면 어떤 느낌일까요?,2,나와 함께하는 시간은 상대에게 어떤 느낌일까요?,"편안함, 재미, 든든함, 설렘 중에 떠올려봐요.",그렇게 느끼게 하는 나의 모습은 뭘까요?,S075,외부 디깅,관계,상상형,0.44,,,Hinge 프로필 질문,https://roast.dating/blog/hinge-prompt-answers
4,'이걸 같이 나눌 사람이 있으면 좋겠다' 싶은 것은 무엇인가요?,2,좋은 걸 보면 함께 나누고 싶은 마음이 들어요.,"맛있는 음식, 멋진 풍경, 재밌는 콘텐츠를 떠올려봐요.",그걸 누구와 나누고 싶어요?,S016,외부 디깅,관계,성향·습관형,0.403,,,Aron 36문항,https://ggia.berkeley.edu/practice/36_questions_for_increasing_closeness
3,어떤 일이 있으면 하루가 괜찮았다고 느끼나요?,2,괜찮은 하루의 기준은 생각보다 작을 수 있어요.,"맛있는 밥, 좋은 대화, 일찍 잠들기를 떠올려봐요.",그런 날을 더 자주 만들 방법이 있을까요?,S097,외부 디깅,루틴,성향·습관형,0.584,,,5분 저널,https://www.intelligentchange.com/blogs/read/the-five-minute-journal-questions
3,요즘 잘하고 싶어서 연습 중인 것은 무엇인가요?,2,잘하고 싶은 마음은 성장의 신호예요.,"취미, 일, 말하기, 운동처럼 떠올려봐요.",그걸 잘하게 되면 뭐가 달라질까요?,S067,외부 디깅,루틴,성향·습관형,0.562,,,Vogue 73 Questions,https://fredandfar.com/blogs/ff-blog/ask-yourself-vogues-73-questions
3,남들은 이상하게 볼지 몰라도 나에겐 당연한 습관은 무엇인가요?,2,남들이 보기엔 특이해도 나에겐 자연스러운 게 있죠.,"먹는 순서, 정리 방식, 잠버릇을 떠올려봐요.",그 습관은 언제부터 생겼어요?,S058,외부 디깅,루틴,성향·습관형,0.548,,,AskReddit 인기 스레드,https://upvote.net/blog/best-askreddit-questions
3,"해야 할 일은 바로 처리하는 편인가요, 몰아서 하는 편인가요?",1,일을 처리하는 속도에도 나만의 리듬이 있어요.,"메일 답장, 설거지, 과제를 떠올려봐요.",그 방식이 나에게 잘 맞는다고 느껴요?,S019,외부 디깅,루틴,양자택일형,0.528,,,IPIP Big Five (공개 문항),https://ipip.ori.org/
3,"짐은 며칠 전에 싸나요, 떠나기 직전에 싸나요?",1,짐 싸는 방식에 준비 스타일이 보여요.,출발 전날 밤과 며칠 전의 나를 떠올려봐요.,빠뜨린 물건이 생기면 나는 어떻게 해요?,S025,외부 디깅,루틴,양자택일형,0.528,,,MBTI 4축 (개념 차용),https://namu.wiki/w/%EB%A7%88%EC%9D%B4%EC%96%B4%EC%8A%A4-%EB%B8%8C%EB%A6%AD%EC%8A%A4%20%EC%9C%A0%ED%98%95%20%EC%A7%80%ED%91%9C
3,함께 사는 것과 혼자 사는 것 중 뭐가 더 편한가요?,1,"함께와 혼자, 둘 다 장단점이 있어요.",같이 사는 즐거움과 혼자 사는 자유를 떠올려봐요.,지금의 나에게 더 필요한 건 뭐예요?,S090,외부 디깅,루틴,양자택일형,0.528,,,This or That,https://www.today.com/life/inspiration/this-or-that-questions-rcna130263
3,"금요일 밤엔 집에 있는 게 좋나요, 밖에 나가는 게 좋나요?",1,금요일 밤을 보내는 방식에 에너지 방향이 보여요.,집에서의 휴식과 밖에서의 약속을 떠올려봐요.,그렇게 보내면 주말이 어떻게 달라져요?,S091,외부 디깅,루틴,양자택일형,0.528,,,This or That,https://www.today.com/life/inspiration/this-or-that-questions-rcna130263
5,연애할 때 이것만은 꼭 지켜줬으면 하는 한 가지는 무엇인가요?,1,연애에서 지켜줬으면 하는 선이 있죠.,"연락, 약속, 거짓말, 존중 중에 떠올려봐요.",그게 중요한 이유는 뭐예요?,S085,외부 디깅,사랑,선호(최애)형,0.713,,,브런치 커플 질문 리스트,https://brunch.co.kr/@minimisize/87
5,좋아하는 마음을 표현할 때 나는 주로 무엇을 하나요?,2,좋아하는 마음은 저마다의 방식으로 흘러나와요.,"연락, 선물, 챙겨주기, 표현하기를 떠올려봐요.",그 방식이 상대에게 잘 전해진다고 느껴요?,S032,외부 디깅,사랑,성향·습관형,0.681,,,사랑의 언어,https://www.attachedapp.com/quizzes/love-language-quiz
5,연애할 때 나만의 질투 기준선은 어디쯤인가요?,2,질투의 기준선은 사람마다 정말 달라요.,"연락, 칭찬, 친밀함 중 어디서부터 신경 쓰이나요?",질투가 생길 때 나는 어떻게 표현해요?,S088,외부 디깅,사랑,성향·습관형,0.681,,,연애 논쟁 (깻잎·새우·패딩),https://www.nocutnews.co.kr/news/5788798
5,"애인이 생기면 친구들에게 바로 소개하는 편인가요, 천천히 하는 편인가요?",2,연인을 소개하는 속도에도 내 성향이 보여요.,자랑하고 싶은 마음과 조심스러운 마음을 떠올려봐요.,천천히 한다면 그 이유는 뭐예요?,S045,외부 디깅,사랑,양자택일형,0.634,,,커뮤니티 밸런스게임,https://mindbridge.prestlab.com/blog-friend/maramas-ujeong-baelreonseugeim-jilmun-30gaji-cingu-jeon-aeingwa-sagwigi-vs-cinguga-nae-jeon-aeingwa-sagwigi
5,"사랑받는다고 느끼는 건 말, 시간, 선물, 도움, 스킨십 중 무엇인가요?",1,사랑을 느끼는 방식은 사람마다 달라요.,"다정한 말, 함께하는 시간, 작은 선물, 도움, 스킨십을 떠올려봐요.",나는 사랑을 줄 때도 같은 방식이에요?,S031,외부 디깅,사랑,양자택일형,0.629,,,사랑의 언어,https://www.attachedapp.com/quizzes/love-language-quiz
5,"연인이 내 친구의 깻잎을 떼어주는 건 괜찮나요, 신경 쓰이나요?",1,깻잎 논쟁은 커플들의 영원한 숙제죠.,"배려라고 느껴지나요, 선을 넘는다고 느껴지나요?",내가 연인이라면 어떻게 행동할 것 같아요?,S087,외부 디깅,사랑,양자택일형,0.629,,,연애 논쟁 (깻잎·새우·패딩),https://ko.wikipedia.org/wiki/%EA%B9%BB%EC%9E%8E_%EB%85%BC%EC%9F%81
5,"연락이 뜸해지면 불안해지는 편인가요, 크게 신경 안 쓰는 편인가요?",2,연락이 뜸해질 때의 마음은 사람마다 달라요.,"하루, 사흘, 일주일을 떠올려봐요.",불안해진다면 무엇이 나를 안심시켜 줘요?,S033,외부 디깅,사랑,양자택일형,0.594,,,애착 유형,https://www.earlyyears.tv/attachment-styles-love-languages-frameworks/
5,연인이 있을 때 이성 친구와는 어디까지 괜찮다고 생각하나요?,2,이성 친구에 대한 기준은 커플마다 달라요.,"연락, 단둘이 만남, 술자리를 나눠서 생각해봐요.",그 기준은 어떻게 정해졌어요?,S086,외부 디깅,사랑,개념·가치형,0.586,,,브런치 커플 질문 리스트,https://brunch.co.kr/@minimisize/87
5,"가까워질수록 편해지나요, 가끔 거리를 두고 싶어지나요?",2,가까워지는 속도와 거리는 사람마다 달라요.,친해진 뒤의 나를 떠올려봐요.,거리를 두고 싶을 때는 어떤 때예요?,S034,외부 디깅,사랑,양자택일형,0.559,,,애착 유형,https://www.earlyyears.tv/attachment-styles-love-languages-frameworks/
1,주변에서 알려준 나의 잠버릇은 무엇인가요?,2,잠버릇은 나만 모르는 내 모습이에요.,가족이나 친구가 해준 말을 떠올려봐요.,그 이야기를 들었을 때 어떤 기분이었어요?,S082,외부 디깅,취향,선호(최애)형,0.625,,,브런치 100문 100답 양식,https://brunch.co.kr/@minimisize/91
1,나에게 가장 사치스러운 즐거움은 무엇인가요?,1,작은 사치가 하루를 버티게 해주기도 해요.,"비싼 디저트, 늦잠, 택시처럼 떠올려봐요.",그 즐거움이 나에게 주는 건 뭐예요?,S002,외부 디깅,취향,선호(최애)형,0.621,,,프루스트 질문지,https://en.wikipedia.org/wiki/Proust_Questionnaire
1,사람 이름 중 가장 좋아하는 이름은 무엇인가요?,1,이름에도 좋아하는 느낌이 있죠.,"부르기 좋은 이름, 뜻이 예쁜 이름을 떠올려봐요.",그 이름이 좋은 이유는 뭐예요?,S004,외부 디깅,취향,선호(최애)형,0.621,,,프루스트 질문지,https://en.wikipedia.org/wiki/Proust_Questionnaire
1,가장 싫어하는 단어는 무엇인가요?,1,이유 없이 싫은 단어도 있죠.,듣기만 해도 기분이 가라앉는 말을 떠올려봐요.,그 단어가 싫어진 이유가 있나요?,S007,외부 디깅,취향,선호(최애)형,0.621,,,피보 질문지,https://plottr.com/bernard-pivot-questionnaire/
1,듣기만 해도 싫은 소리는 무엇인가요?,1,소리에도 참기 힘든 게 있어요.,"쩝쩝 소리, 긁는 소리, 알람 소리를 떠올려봐요.",그 소리를 들으면 어떤 기분이 드나요?,S008,외부 디깅,취향,선호(최애)형,0.621,,,피보 질문지,https://plottr.com/bernard-pivot-questionnaire/
1,호불호 갈리는 음식 중 나는 좋아하는 것은 무엇인가요?,1,호불호 갈리는 음식을 좋아하면 괜히 뿌듯하죠.,"오이, 고수, 가지, 파인애플 피자를 떠올려봐요.",그 음식의 매력은 뭐라고 생각해요?,S038,외부 디깅,취향,선호(최애)형,0.621,,,국내 100문 100답,https://ballpen.blog/%EB%82%98%EC%97%90-%EB%8C%80%ED%95%9C-100%EB%AC%B8-100%EB%8B%B5/
1,지금 휴대폰 배경화면은 무엇인가요? 왜 그걸로 했나요?,1,배경화면에는 요즘 내 마음이 담겨 있어요.,"사진, 그림, 기본 배경 중 뭔지 떠올려봐요.",그걸 볼 때마다 어떤 기분이 들어요?,S039,외부 디깅,취향,선호(최애)형,0.621,,,국내 100문 100답,https://ballpen.blog/%EB%82%98%EC%97%90-%EB%8C%80%ED%95%9C-100%EB%AC%B8-100%EB%8B%B5/
1,남들이 알면 신기해할 나만의 TMI는 무엇인가요?,1,사소한 TMI가 의외로 나를 잘 보여줘요.,"특이한 습관, 의외의 취향, 신기한 경험을 떠올려봐요.",그 이야기를 하면 사람들은 어떤 반응이에요?,S040,외부 디깅,취향,선호(최애)형,0.621,,,국내 100문 100답,https://ballpen.blog/%EB%82%98%EC%97%90-%EB%8C%80%ED%95%9C-100%EB%AC%B8-100%EB%8B%B5/
1,나를 해시태그 세 개로 표현하면 무엇인가요?,1,나를 세 단어로 줄이면 의외로 잘 보여요.,"성격, 취향, 요즘 관심사를 떠올려봐요.",그중 가장 나다운 해시태그는 뭐예요?,S059,외부 디깅,취향,선호(최애)형,0.621,,,Vogue 73 Questions,https://fredandfar.com/blogs/ff-blog/ask-yourself-vogues-73-questions
1,남들은 잘 모르는 나의 숨은 재주는 무엇인가요?,1,숨은 재주는 의외의 순간에 빛나죠.,"손재주, 기억력, 흉내, 요리 같은 걸 떠올려봐요.",그 재주를 처음 발견한 건 언제예요?,S061,외부 디깅,취향,선호(최애)형,0.621,,,Vogue 73 Questions,https://fredandfar.com/blogs/ff-blog/ask-yourself-vogues-73-questions
1,나를 동물에 비유하면 어떤 동물인가요?,1,동물 비유에는 내 분위기가 담겨 있어요.,"고양이, 강아지, 곰, 다람쥐를 떠올려봐요.",그 동물과 닮은 점은 뭐예요?,S062,외부 디깅,취향,선호(최애)형,0.621,,,Vogue 73 Questions,https://fredandfar.com/blogs/ff-blog/ask-yourself-vogues-73-questions
1,발음이 가장 재미있는 우리말 단어는 무엇인가요?,1,말소리에도 재미가 있죠.,"몽글몽글, 보들보들처럼 입에 붙는 단어를 떠올려봐요.",그 단어를 말하면 어떤 기분이 들어요?,S069,외부 디깅,취향,선호(최애)형,0.621,,,Vogue 73 Questions,https://fredandfar.com/blogs/ff-blog/ask-yourself-vogues-73-questions
1,누구에게나 추천하고 싶은 나의 필수템은 무엇인가요?,1,필수템에는 내 생활 방식이 담겨 있어요.,"가방 속, 책상 위, 침대 옆을 떠올려봐요.",그게 없으면 어떤 점이 불편할 것 같아요?,S072,외부 디깅,취향,선호(최애)형,0.621,,,Vogue 73 Questions,https://fredandfar.com/blogs/ff-blog/ask-yourself-vogues-73-questions
1,남들은 이해 못 해도 포기 못 하는 나의 취향은 무엇인가요?,1,남들이 몰라줘도 소중한 취향이 있죠.,"음식, 음악, 옷, 취미 중에 떠올려봐요.",그 취향이 좋은 이유는 뭐예요?,S073,외부 디깅,취향,선호(최애)형,0.621,,,Hinge 프로필 질문,https://roast.dating/blog/hinge-prompt-answers
1,이야기만 나오면 눈이 반짝이는 주제는 무엇인가요?,1,눈이 반짝이는 주제에 진짜 관심이 있어요.,몇 시간이고 이야기할 수 있는 주제를 떠올려봐요.,그 주제에 빠지게 된 계기는 뭐예요?,S074,외부 디깅,취향,선호(최애)형,0.621,,,Hinge 프로필 질문,https://roast.dating/blog/hinge-prompt-answers
1,나도 모르게 자주 쓰는 말버릇은 무엇인가요?,2,말버릇에는 나도 모르는 내 모습이 담겨 있어요.,"""대박"", ""진짜?"", ""아무튼"" 같은 말을 떠올려봐요.",그 말을 자주 쓰게 된 이유는 뭘까요?,S001,외부 디깅,취향,성향·습관형,0.584,,,프루스트 질문지,https://en.wikipedia.org/wiki/Proust_Questionnaire
1,노래를 흥얼거리게 되는 건 주로 언제인가요?,2,흥얼거림은 마음이 편하다는 신호예요.,"샤워할 때, 걸을 때, 요리할 때를 떠올려봐요.",그때 주로 무슨 노래를 흥얼거려요?,S011,외부 디깅,취향,성향·습관형,0.584,,,Aron 36문항,https://ggia.berkeley.edu/practice/36_questions_for_increasing_closeness
1,내 이름의 뜻은 나와 얼마나 닮았나요?,2,이름에는 누군가의 바람이 담겨 있어요.,내 이름의 뜻이나 느낌을 떠올려봐요.,그 이름과 나는 어디가 닮았어요?,S048,외부 디깅,취향,성향·습관형,0.584,,,브런치 '내 삶을 돌아보는 질문 100',https://brunch.co.kr/@rory/355
1,잃어버린 물건 중 하나를 되찾을 수 있다면 무엇을 고를까요?,1,잃어버린 물건에는 추억이 담겨 있어요.,"어릴 때 물건, 선물 받은 것을 떠올려봐요.",그 물건을 되찾으면 뭘 하고 싶어요?,S051,외부 디깅,취향,상상형,0.584,,,2024 자문자답 100,https://mindbridge.prestlab.com/blog-alone/2024-jamunjadab-jilmun-riseuteu-100gae-100mun100dab-gwageo-hyeonjae-mirae
1,악기를 하나 배울 수 있다면 무엇을 배우고 싶나요?,1,배우고 싶은 악기에는 좋아하는 소리가 담겨 있어요.,"피아노, 기타, 드럼, 바이올린을 떠올려봐요.",그 악기로 가장 연주하고 싶은 곡은 뭐예요?,S053,외부 디깅,취향,상상형,0.584,,,2024 자문자답 100,https://mindbridge.prestlab.com/blog-alone/2024-jamunjadab-jilmun-riseuteu-100gae-100mun100dab-gwageo-hyeonjae-mirae
1,다큐멘터리를 하나 만든다면 무엇에 대해 찍고 싶나요?,1,찍고 싶은 이야기에는 내 관심이 담겨 있어요.,"사람, 동물, 장소, 음식, 사회 이야기를 떠올려봐요.",그 이야기를 사람들에게 보여주고 싶은 이유는 뭐예요?,S066,외부 디깅,취향,상상형,0.584,,,Vogue 73 Questions,https://fredandfar.com/blogs/ff-blog/ask-yourself-vogues-73-questions
1,타투를 하나 새긴다면 어떤 그림이나 글자를 넣고 싶나요?,1,몸에 새기고 싶은 건 오래 간직하고 싶은 것이에요.,"문장, 날짜, 그림, 상징을 떠올려봐요.",그걸 새기고 싶은 이유는 뭐예요?,S068,외부 디깅,취향,상상형,0.584,,,Vogue 73 Questions,https://fredandfar.com/blogs/ff-blog/ask-yourself-vogues-73-questions
1,다시 태어난다면 사람 말고 무엇으로 태어나고 싶나요?,1,사람이 아닌 존재로 태어난다면 뭐가 될까요?,"고양이, 나무, 구름, 바다를 떠올려봐요.",그걸 고른 이유는 뭐예요?,S081,외부 디깅,취향,상상형,0.584,,,브런치 100문 100답 양식,https://brunch.co.kr/@minimisize/91
1,지금까지 해본 머리 스타일 중 가장 마음에 들었던 건 무엇인가요?,2,마음에 들었던 머리 스타일에 그때의 내가 있어요.,사진첩 속 예전 모습을 떠올려봐요.,그 스타일이 좋았던 이유는 뭐예요?,S080,외부 디깅,취향,일화 회상형,0.536,,,브런치 100문 100답 양식,https://brunch.co.kr/@minimisize/91
1,"멍하니 있을 때 주로 현실적인 생각을 하나요, 엉뚱한 상상을 하나요?",1,멍할 때 떠오르는 생각에 내 성향이 담겨 있어요.,할 일 목록과 엉뚱한 공상을 떠올려봐요.,그런 생각이 나에게 주는 건 뭐예요?,S024,외부 디깅,취향,양자택일형,0.528,,,MBTI 4축 (개념 차용),https://namu.wiki/w/%EB%A7%88%EC%9D%B4%EC%96%B4%EC%8A%A4-%EB%B8%8C%EB%A6%AD%EC%8A%A4%20%EC%9C%A0%ED%98%95%20%EC%A7%80%ED%91%9C
1,"새 물건을 사면 설명서부터 읽나요, 일단 써보나요?",1,새 물건 앞에서의 나는 어떤 모습일까요?,설명서를 펼치는 나와 버튼부터 누르는 나를 떠올려봐요.,다른 일을 시작할 때도 비슷한 편이에요?,S026,외부 디깅,취향,양자택일형,0.528,,,MBTI 4축 (개념 차용),https://namu.wiki/w/%EB%A7%88%EC%9D%B4%EC%96%B4%EC%8A%A4-%EB%B8%8C%EB%A6%AD%EC%8A%A4%20%EC%9C%A0%ED%98%95%20%EC%A7%80%ED%91%9C
1,평생 여름과 평생 겨울 중 뭐가 더 나은가요?,1,"더위와 추위, 누구나 견디기 힘든 쪽이 있죠.","햇살과 눈, 에어컨과 이불을 떠올려봐요.",그 계절이 좋은 이유는 뭐예요?,S042,외부 디깅,취향,양자택일형,0.528,,,커뮤니티 밸런스게임,https://brunch.co.kr/@minimisize/70
1,탕수육은 찍먹인가요 부먹인가요?,1,탕수육 앞의 논쟁은 끝나지 않죠.,바삭함과 촉촉함 중 뭐가 좋아요?,같이 먹는 사람과 방식이 다르면 어떻게 해요?,S043,외부 디깅,취향,양자택일형,0.528,,,커뮤니티 밸런스게임,https://brunch.co.kr/@minimisize/70
1,창가 자리와 통로 자리 중 어디가 좋나요?,1,자리 취향에도 나만의 이유가 있어요.,창밖 풍경과 편한 이동을 떠올려봐요.,그 자리가 편한 이유는 뭐예요?,S060,외부 디깅,취향,양자택일형,0.528,,,Vogue 73 Questions,https://fredandfar.com/blogs/ff-blog/ask-yourself-vogues-73-questions
1,"커피파인가요, 차파인가요?",1,하루를 여는 음료에도 취향이 보여요.,진한 커피 향과 따뜻한 차 한 잔을 떠올려봐요.,그 음료를 마시면 어떤 기분이 들어요?,S065,외부 디깅,취향,양자택일형,0.528,,,Vogue 73 Questions,https://fredandfar.com/blogs/ff-blog/ask-yourself-vogues-73-questions
1,편한 신발과 예쁜 신발 중 뭐를 고르나요?,1,신발 고르는 기준에 내 우선순위가 보여요.,오래 걷는 날과 특별한 날을 떠올려봐요.,다른 물건을 고를 때도 비슷한 기준이에요?,S070,외부 디깅,취향,양자택일형,0.528,,,Vogue 73 Questions,https://fredandfar.com/blogs/ff-blog/ask-yourself-vogues-73-questions
6,갑자기 100만 원이 생기면 가장 먼저 무엇을 할까요?,1,갑자기 생긴 돈의 쓰임에 내가 보여요.,"저축, 선물, 여행, 먹고 싶던 것을 떠올려봐요.",그걸 가장 먼저 하고 싶은 이유는 뭐예요?,N014,내부 보강,가치관,상상형,0.656,,,Drive·통찰질문(돈의 의미),
6,나를 소개할 때 가장 먼저 꺼내는 말은 무엇인가요?,2,나를 소개하는 첫마디에 나의 중심이 보여요.,"이름, 일, 취미, 성격 중에 뭐가 먼저 나오나요?",그 말을 먼저 하게 되는 이유는 뭘까요?,N017,내부 보강,가치관,성향·습관형,0.656,,,Drive·통찰질문(정체성과 직업),
6,내 하루에서 '해야 해'와 '하고 싶어'의 비율은 몇 대 몇인가요?,2,하루의 균형은 비율로 보면 선명해져요.,어제 한 일들을 떠올려서 나눠봐요.,'하고 싶어'를 조금 늘린다면 뭘 넣고 싶어요?,N020,내부 보강,가치관,성향·습관형,0.656,,,Drive·통찰질문(삶의 균형),
6,하루가 25시간이 된다면 남는 1시간에 무엇을 할까요?,1,남는 한 시간은 작은 선물 같아요.,"잠, 취미, 운동, 멍때리기를 떠올려봐요.",그 한 시간이 매일 있다면 무엇이 달라질까요?,N047,내부 보강,가치관,상상형,0.656,,,신규·선호형 보강,
6,나를 위한 소비와 남을 위한 소비 중 뭐가 더 기분 좋나요?,1,돈을 쓰는 기쁨도 방향에 따라 달라요.,나에게 준 선물과 누군가에게 준 선물을 떠올려봐요.,그 기분이 오래가는 쪽은 어디예요?,N048,내부 보강,가치관,양자택일형,0.602,,,신규·선호형 보강,
6,딱 1년만 자유롭게 살 수 있다면 가장 먼저 무엇을 할까요?,2,1년의 자유는 생각만 해도 설레죠.,"여행, 배움, 휴식, 도전 중에 떠올려봐요.",그걸 가장 먼저 하고 싶은 이유는 뭐예요?,N021,내부 보강,가치관,상상형,0.573,,,Drive·통찰질문(시간의 사용),
6,"지금 애쓰는 일은 내가 원해서인가요, 남의 기대 때문인가요?",2,애쓰는 이유를 알면 지치는 이유도 보여요.,지금 가장 힘을 쏟는 일을 떠올려봐요.,내가 원하는 방향으로 조금 바꾼다면 뭘 바꿀 수 있을까요?,N012,내부 보강,가치관,양자택일형,0.484,,,Drive·통찰질문(내 기준의 성장),
6,"완벽하게 하고 싶은 마음은 잘하고 싶어서인가요, 실수가 싫어서인가요?",2,완벽하려는 마음에는 이유가 있어요.,잘하고 싶은 기대와 틀리기 싫은 걱정을 떠올려봐요.,그 마음이 나를 돕는 때와 힘들게 하는 때는 언제예요?,N018,내부 보강,가치관,양자택일형,0.479,,,Drive·통찰질문(완벽함),
6,10년 전의 나와 지금의 나 중 누가 더 행복할까요?,2,행복은 시기마다 모양이 달라요.,10년 전의 나를 떠올려봐요.,그때와 지금의 행복은 어떻게 달라요?,N049,내부 보강,가치관,양자택일형,0.479,,,신규·선호형 보강,
2,스트레스를 받으면 몸의 어디가 가장 먼저 신호를 보내나요?,2,몸은 마음보다 먼저 신호를 보내기도 해요.,"어깨, 위, 머리, 잠 중 어디가 먼저 반응하나요?",그 신호를 느끼면 나는 어떻게 해요?,N001,내부 보강,감정,성향·습관형,0.671,,,Drive·나답 질문 리스트,
2,기분이 좋을 때 나도 모르게 하는 행동은 무엇인가요?,2,기분 좋을 때의 행동은 숨길 수 없죠.,"흥얼거리기, 춤추기, 말 많아지기를 떠올려봐요.",그 모습을 주변에서 알아채나요?,N041,내부 보강,감정,성향·습관형,0.671,,,신규·선호형 보강,
2,좋은 기분을 오래 붙잡는 나만의 방법은 무엇인가요?,2,좋은 기분을 오래 가져가는 방법도 있어요.,"좋아하는 노래 듣기, 기록하기, 나누기를 떠올려봐요.",그 방법이 효과 있는 이유는 뭘까요?,N043,내부 보강,감정,성향·습관형,0.671,,,신규·선호형 보강,
2,외로움을 느끼는 순간은 주로 언제인가요?,2,외로움은 혼자일 때만 오는 건 아니에요.,"늦은 밤, 주말, 모임 뒤를 떠올려봐요.",외로울 때 나를 채워주는 건 뭐예요?,N002,내부 보강,감정,성향·습관형,0.591,,,Drive·나답 질문 리스트,
2,마음속에서 나를 가장 자주 다그치는 말은 무엇인가요?,2,마음속 다그치는 말은 나를 지치게 하기도 해요.,"""왜 이것밖에 못 해"", ""빨리 해"" 같은 말을 떠올려봐요.",그 말을 다정하게 바꾼다면 어떻게 말할 수 있을까요?,N007,내부 보강,감정,성향·습관형,0.591,,,Drive·통찰질문(내면화된 목소리),
2,"설렐 때와 긴장할 때, 내 몸은 어떻게 다르게 반응하나요?",2,설렘과 긴장은 몸에서 비슷하게 느껴지기도 해요.,"심장, 손, 얼굴, 배를 떠올려봐요.",두 감정을 나는 어떻게 구분해요?,N042,내부 보강,감정,성향·습관형,0.589,,,신규·선호형 보강,
2,"힘들 때 나를 달래는 방법은 진짜 쉼인가요, 잠깐 미루는 건가요?",2,쉼처럼 보여도 미루기일 때가 있어요.,"쉬고 나서 개운한지, 찜찜한지 떠올려봐요.",나에게 진짜 쉼은 어떤 모습이에요?,N006,내부 보강,감정,양자택일형,0.535,,,Drive·통찰질문(고통의 언어),
4,가족에게 물려받아 좋았던 습관은 무엇인가요?,1,가족에게 물려받은 습관은 나도 모르게 스며들어요.,"정리, 식사, 인사, 말투를 떠올려봐요.",그 습관이 좋았던 순간은 언제예요?,N019,내부 보강,관계,선호(최애)형,0.565,,,Drive·통찰질문(부모와의 관계),
4,친구와 만나면 주로 어디서 시간을 보내나요?,1,친구와 만나는 장소에 우리 관계가 보여요.,"카페, 식당, 집, 산책길을 떠올려봐요.",그곳이 편한 이유는 뭐예요?,N022,내부 보강,관계,선호(최애)형,0.565,,,신규·관계 보강,
4,친구에게 가장 자주 보내는 이모티콘은 무엇인가요?,1,자주 쓰는 이모티콘에 내 말투가 담겨 있어요.,대화방에서 가장 자주 누르는 걸 떠올려봐요.,그 이모티콘을 쓰는 이유는 뭐예요?,N024,내부 보강,관계,선호(최애)형,0.565,,,신규·관계 보강,
4,처음 만난 사람과 금방 친해지게 되는 대화 주제는 무엇인가요?,2,대화가 잘 풀리는 주제에 내 관심이 보여요.,"음식, 여행, 취미, 요즘 이슈를 떠올려봐요.",그 주제가 편한 이유는 뭐예요?,N026,내부 보강,관계,성향·습관형,0.527,,,신규·관계 보강,
4,오랜만에 연락할 때 가장 먼저 보내는 말은 무엇인가요?,2,오랜만의 첫마디는 은근히 고민되죠.,"""잘 지내?"", 짤, 근황 이야기를 떠올려봐요.",연락을 먼저 하게 되는 건 어떤 때예요?,N027,내부 보강,관계,성향·습관형,0.527,,,신규·관계 보강,
4,친구들 사이에서 나는 어떤 캐릭터인가요?,2,친구들 사이 캐릭터는 자연스럽게 정해지기도 해요.,"분위기 메이커, 상담가, 계획 담당을 떠올려봐요.",그 캐릭터가 마음에 드나요?,N028,내부 보강,관계,성향·습관형,0.527,,,신규·관계 보강,
4,함께 있으면 시간이 빨리 가는 사람은 어떤 사람인가요?,2,시간이 빨리 가는 사람에게는 공통점이 있어요.,"대화가 잘 통하는 사람, 웃음이 많은 사람을 떠올려봐요.",그 사람과 있을 때 나는 어떤 모습이에요?,N031,내부 보강,관계,성향·습관형,0.527,,,신규·관계 보강,
4,나를 잘 아는 친구가 말하는 나의 버릇은 무엇일까요?,1,친구가 보는 내 버릇은 나도 몰랐던 모습이에요.,"말버릇, 손버릇, 표정을 떠올려봐요.",그 버릇을 알게 됐을 때 어떤 기분이었어요?,N030,내부 보강,관계,상상형,0.491,,,신규·관계 보강,
4,사람을 만나고 나면 혼자만의 시간이 꼭 필요한 편인가요?,2,사람을 만난 뒤의 회복 방식은 다 달라요.,모임이 끝나고 집에 돌아온 나를 떠올려봐요.,혼자 있는 시간에 주로 뭘 해요?,N032,내부 보강,관계,성향·습관형,0.491,,,신규·관계 보강,
4,"힘들 때 나에게 필요한 건 해결책인가요, 공감인가요?",1,힘들 때 필요한 도움은 사람마다 달라요.,방법을 알려주는 말과 마음을 알아주는 말을 떠올려봐요.,그런 도움을 받으면 어떤 변화가 있어요?,N009,내부 보강,관계,양자택일형,0.47,,,Drive·통찰질문(의존),
4,거절하고 나면 미안함과 후련함 중 뭐가 더 큰가요?,1,거절 뒤의 마음에도 내 성향이 보여요.,거절했던 순간을 하나 떠올려봐요.,그 마음이 드는 이유는 뭐라고 생각해요?,N010,내부 보강,관계,양자택일형,0.47,,,Drive·통찰질문(거절),
4,"약속은 미리 잡는 편인가요, 즉흥적으로 만나는 편인가요?",1,약속 잡는 방식에 내 리듬이 보여요.,미리 정한 약속과 갑자기 생긴 약속을 떠올려봐요.,어떤 약속이 더 즐거운 편이에요?,N023,내부 보강,관계,양자택일형,0.47,,,신규·관계 보강,
4,"단체 대화방에서 나는 말하는 편인가요, 보는 편인가요?",1,단톡방 속 내 모습도 나의 한 면이에요.,알림이 쌓일 때의 나를 떠올려봐요.,그 역할이 편한 이유는 뭐예요?,N025,내부 보강,관계,양자택일형,0.47,,,신규·관계 보강,
4,선물로 물건과 손편지 중 뭐가 더 좋나요?,1,선물의 형태에도 마음이 담겨요.,오래 쓰는 물건과 오래 남는 글을 떠올려봐요.,내가 줄 때도 같은 걸 고르나요?,N029,내부 보강,관계,양자택일형,0.47,,,신규·관계 보강,
4,여럿이 있을 때와 혼자일 때 중 언제 더 외로운가요?,2,외로움은 사람 수와 꼭 같이 가진 않아요.,북적이는 자리와 혼자인 방을 떠올려봐요.,그 외로움은 어떤 모양이에요?,N011,내부 보강,관계,양자택일형,0.386,,,Drive·통찰질문(함께하는 외로움),
3,가장 좋아하는 산책 코스는 어떤 곳인가요?,2,좋아하는 길에는 나만의 풍경이 있어요.,"동네 골목, 공원, 강변을 떠올려봐요.",그 길을 걸으면 어떤 생각이 들어요?,N036,내부 보강,루틴,선호(최애)형,0.625,,,신규·선호형 보강,
3,시간 가는 줄 모르고 빠져드는 일은 무엇인가요?,1,시간 가는 줄 모르는 일에 내 진짜 관심이 있어요.,"게임, 정리, 그림, 대화, 영상 중에 떠올려봐요.",그 일에 빠지면 어떤 기분이 들어요?,N015,내부 보강,루틴,선호(최애)형,0.621,,,Drive·통찰질문(몰입의 순간),
3,가장 좋아하는 아침 메뉴는 무엇인가요?,1,아침 메뉴에는 하루를 시작하는 방식이 담겨 있어요.,"빵, 밥, 과일, 커피만 마시기를 떠올려봐요.",그 메뉴를 먹으면 하루가 어떻게 시작돼요?,N033,내부 보강,루틴,선호(최애)형,0.621,,,신규·선호형 보강,
3,비 오는 날 집에서 가장 하고 싶은 일은 무엇인가요?,1,비 오는 날은 집이 더 아늑하게 느껴지죠.,"낮잠, 영화, 요리, 창밖 보기를 떠올려봐요.",그걸 하면 어떤 기분이 들어요?,N035,내부 보강,루틴,선호(최애)형,0.621,,,신규·선호형 보강,
3,일주일 중 가장 기다려지는 순간은 언제인가요?,1,기다려지는 순간이 있으면 일주일이 가벼워져요.,"금요일 저녁, 일요일 아침처럼 떠올려봐요.",그 순간이 기다려지는 이유는 뭐예요?,N037,내부 보강,루틴,선호(최애)형,0.621,,,신규·선호형 보강,
3,가장 좋아하는 간식은 무엇인가요?,1,좋아하는 간식에는 작은 행복이 담겨 있어요.,"달콤한 것, 짭짤한 것, 쫀득한 것을 떠올려봐요.",그 간식이 생각나는 때는 주로 언제예요?,N039,내부 보강,루틴,선호(최애)형,0.621,,,신규·선호형 보강,
3,쉬는 시간에도 할 일이 자꾸 떠오르는 편인가요?,2,쉬어도 쉬는 것 같지 않을 때가 있죠.,휴식 중에 떠오르는 할 일을 떠올려봐요.,그럴 때 마음을 내려놓는 방법이 있나요?,N016,내부 보강,루틴,성향·습관형,0.584,,,Drive·통찰질문(일과 삶의 경계),
3,잠들기 전 마지막으로 보는 앱은 무엇인가요?,2,잠들기 전 보는 앱에 하루의 끝이 담겨 있어요.,"메신저, 영상, 웹툰, 알람 앱을 떠올려봐요.",그 앱을 보고 나면 잠이 잘 오나요?,N034,내부 보강,루틴,성향·습관형,0.584,,,신규·선호형 보강,
3,샤워할 때 주로 무슨 생각을 하나요?,2,샤워 시간은 생각이 자유로워지는 시간이에요.,"할 일, 대화 곱씹기, 엉뚱한 상상을 떠올려봐요.",그 생각들이 도움이 된 적 있어요?,N038,내부 보강,루틴,성향·습관형,0.584,,,신규·선호형 보강,
3,편의점에 가면 꼭 사는 것은 무엇인가요?,2,편의점 장바구니에는 나의 루틴이 담겨 있어요.,"음료, 간식, 도시락, 신상품을 떠올려봐요.",그걸 꼭 사게 되는 이유는 뭐예요?,N040,내부 보강,루틴,성향·습관형,0.584,,,신규·선호형 보강,
3,누군가 내 하루를 몰래 본다면 나를 어떤 사람이라고 할까요?,2,남이 보는 나의 하루는 어떤 모습일까요?,아침부터 밤까지 내 모습을 떠올려봐요.,그 모습 중 가장 나다운 건 뭐예요?,N005,내부 보강,루틴,상상형,0.498,,,Drive·나답 질문 리스트,
5,사랑 노래 중 가장 공감 가는 노래는 무엇인가요?,1,사랑 노래는 가사에 내 마음이 담겨 있을 때 와닿아요.,"설렘, 이별, 짝사랑 노래를 떠올려봐요.",그 노래의 어떤 가사가 공감 가요?,N045,내부 보강,사랑,선호(최애)형,0.713,,,신규·선호형 보강,
5,좋아하는 사람에게 들으면 설레는 말은 무엇인가요?,2,좋아하는 사람의 말 한마디는 특별하죠.,"칭찬, 걱정, 안부, 약속을 떠올려봐요.",그 말이 설레는 이유는 뭘까요?,N044,내부 보강,사랑,선호(최애)형,0.682,,,신규·선호형 보강,
5,"고백은 직접 만나서가 좋나요, 편지가 좋나요?",1,고백 방식에도 취향이 있어요.,눈을 보고 듣는 말과 오래 간직하는 글을 떠올려봐요.,그 방식이 좋은 이유는 뭐예요?,N046,내부 보강,사랑,양자택일형,0.629,,,신규·선호형 보강,
1,가장 좋아하는 글씨체는 어떤 느낌인가요?,1,글씨체에도 좋아하는 분위기가 있어요.,"손글씨, 둥근 글씨, 반듯한 글씨를 떠올려봐요.",그 글씨체가 좋은 이유는 뭐예요?,N050,내부 보강,취향,선호(최애)형,0.621,,,신규·선호형 보강,
1,가장 좋아하는 계절 음식은 무엇인가요?,1,계절 음식에는 그때의 기억이 담겨 있어요.,"봄나물, 수박, 붕어빵, 귤을 떠올려봐요.",그 음식이 생각나는 순간은 언제예요?,N051,내부 보강,취향,선호(최애)형,0.621,,,신규·선호형 보강,
1,가장 좋아하는 캐릭터는 무엇인가요?,1,좋아하는 캐릭터에는 닮고 싶은 모습이 담기기도 해요.,"애니메이션, 게임, 캐릭터 상품을 떠올려봐요.",그 캐릭터의 어떤 점이 좋아요?,N052,내부 보강,취향,선호(최애)형,0.621,,,신규·선호형 보강,
1,방에 딱 하나만 들일 수 있다면 어떤 가구를 고를까요?,1,방에 들일 가구 하나에 나의 쉼이 보여요.,"큰 소파, 넓은 책상, 푹신한 침대를 떠올려봐요.",그 가구에서 어떤 시간을 보내고 싶어요?,N053,내부 보강,취향,상상형,0.584,,,신규·선호형 보강,
1,아무도 안 볼 때 나는 주로 무엇을 하나요?,2,아무도 안 볼 때의 나는 가장 자유로워요.,"혼자 춤추기, 노래하기, 누워 있기를 떠올려봐요.",그 시간이 나에게 주는 건 뭐예요?,N008,내부 보강,취향,성향·습관형,0.548,,,Drive·통찰질문(숨겨진 욕망),
1,"좋아하는 콘텐츠는 한 번만 보는 편인가요, 여러 번 다시 보는 편인가요?",1,좋아하는 콘텐츠를 즐기는 방식도 사람마다 달라요.,새 작품 찾기와 인생작 다시 보기를 떠올려봐요.,다시 볼 때 느끼는 재미는 뭐예요?,N004,내부 보강,취향,양자택일형,0.528,,,Drive·나답 질문 리스트,
1,익숙한 것과 새로운 것 중 뭐가 더 끌리나요?,1,"익숙함과 새로움, 둘 다 즐거움이 있어요.",늘 가는 곳과 처음 가는 곳을 떠올려봐요.,요즘의 나는 어느 쪽이 더 필요해요?,N013,내부 보강,취향,양자택일형,0.528,,,Drive·통찰질문(안전지대의 교환),
1,예쁘다고 느끼는 것들의 공통점은 무엇인가요?,2,예쁘다고 느끼는 것에 내 감각이 담겨 있어요.,"색, 모양, 분위기, 빛을 떠올려봐요.",그 공통점이 나에 대해 말해주는 건 뭘까요?,N003,내부 보강,취향,성향·습관형,0.497,,,Drive·나답 질문 리스트,
