id,통계 질문 ID,기존 question_text,question_text,empathy_guide,hint_guide,leading_question_guide,가이드 처리,조치,이유
1,1,요즘 자주 찾는 색깔은 무엇인가요?,가장 좋아하는 색깔은 무엇인가요?,색깔 하나로 기분이 달라질 때가 있어요.,지금 입은 옷이나 주변 소품을 봐요.,그 색을 보면 어떤 기분이 드나요?,유지,재작성,요즘 (관측 6회 중 2회)
3,3,"비 올 때 듣고 싶은 노래가 있다면, 어떤 노래인가요?",비 오는 날 듣고 싶어지는 노래는 무엇인가요?,빗소리에 어울리는 노래는 즐거움을 줘요.,차분한 발라드나 연주곡을 떠올려 봐요.,비 오는 날에 유독 그 노래가 듣고 싶어지는 이유가 있을까요?,유지,재작성,'있다면' 전제 (노래를 골라둔 사람만 답할 수 있음)
5,5,"계절이 바뀌 때 기억나는 냄새가 있다면, 어떤 냄새인가요?",계절이 바뀔 때 떠오르는 냄새는 무엇인가요?,공기 속에도 계절마다 다른 향이 섞여 있어요.,풀냄새나 찬 바람 혹은 낙엽 향을 생각해봐요.,그 향기는 어떤 기억을 데려오나요?,유지,오류 수정,오탈자: '바뀌 때' + '있다면' 전제
11,11,최근 새로 시도해서 재밌던 일은 무엇인가요?,새로 시도해서 재밌었던 일은 무엇인가요?,새로운 걸 해보면 의외로 나에 대해 알게 되기도 해요.,"가본 적 없는 장소, 처음 먹어본 음식, 새 취미를 떠올려봐요.",그걸 하면서 나에 대해 새로 알게 된 게 있나요?,재작성,재작성,최근 + 새 시도 전제
17,17,여행지에서 꼭 들르는 곳은 어디인가요?,새로운 곳에 가면 꼭 해보는 것은 무엇인가요?,낯선 곳에서의 첫 행동에 내 취향이 보여요.,"맛집 찾기, 산책하기, 사진 찍기, 기념품 사기를 떠올려봐요.",그걸 하면 그곳이 어떻게 다르게 느껴져요?,재작성,재작성,여행 전제
18,18,책을 고를 때 가장 먼저 보는 것은 무엇인가요?,책·영화·드라마를 고를 때 가장 먼저 보는 것은 무엇인가요?,이야기를 고르는 나만의 기준이 있어요.,"제목, 표지나 포스터, 리뷰, 추천 중 뭐가 먼저예요?",그 기준이 나에 대해 뭘 말해주는 것 같나요?,재작성,재작성,독서 전제 (관측 9회 중 4회)
21,21,"남들은 모르지만 혼자 발견한 풍경이 있다면, 어떤 풍경인가요?",좋아하는 풍경은 어떤 풍경인가요?,좋아하는 풍경에는 내 마음이 쉬는 곳이 담겨 있어요.,"바다, 노을, 도시 야경, 골목길을 떠올려봐요.",그 풍경을 보면 어떤 기분이 들어요?,재작성,재작성,'혼자 발견한 풍경' 전제
25,25,"나만 알고 있는 맛집이 있다면, 어떤 곳인가요?",자주 가는 단골 가게는 어디인가요?,자주 가는 곳에는 나만의 이유가 있어요.,"식당, 카페, 빵집, 동네 가게를 떠올려봐요.",그곳의 어떤 점이 나를 계속 가게 만드나요?,재작성,재작성,맛집 전제 (관측 7회 중 2회)
31,31,"좋아하는 목소리나 말투가 있다면, 어떤 느낌인가요?",좋아하는 목소리나 말투는 어떤 느낌인가요?,대화할 때 기분을 좋게 만드는 포인트가 있어요.,차분한 말투나 밝은 목소리를 떠올려 봐요.,왜 그런 느낌에 마음이 가는지 궁금해요.,유지,경미 수정,전제형 (관측 6회 중 3회)
32,32,"오래된 물건 중 버리지 못하는 게 있다면, 어떤 물건인가요?",오래 간직하고 있는 물건은 무엇인가요?,물건에 담긴 기억은 쉽게 사라지지 않아요.,어릴 때 인형이나 편지 혹은 일기장인가요?,그 물건이 나에게 어떤 의미로 남아있나요?,유지,경미 수정,오래된 물건 전제
36,36,"나만의 특별한 요리 레시피가 있다면, 어떤 건가요?",자신 있게 만들 수 있는 음식이 있나요? 없다면 가장 좋아하는 음식을 알려주세요.,"나를 위해 만드는 음식도, 좋아하는 음식도 모두 나의 취향이에요.",간단한 라면부터 정성 들인 찌개까지 떠올려봐요.,그 음식에 얽힌 이야기가 있나요?,재작성,재작성,요리 습관 전제 (특정 활동)
38,38,"전시회에서 작품을 보는 나만의 방식이 있다면, 어떤 건가요?",좋아하는 것을 감상할 때 나는 어떻게 즐기나요? 전시·영화·음악 무엇이든 좋아요.,좋아하는 것을 즐기는 방식에도 내 성향이 담겨 있어요.,"천천히 음미하는지, 여러 번 반복하는지, 누군가와 나누는지 떠올려봐요.",그 방식이 나의 성격과 어떻게 닮았나요?,재작성,재작성,전시회 관람 경험 전제 (특정 활동)
43,43,딱 한 권만 남길 수 있다면 어떤 책인가요?,딱 하나만 평생 다시 볼 수 있다면 어떤 책·영화·드라마를 고를까요?,오래 곁에 두고 싶은 이야기가 하나쯤 있죠.,"몇 번을 봐도 좋은 책이나 영화, 드라마를 떠올려봐요.",그 작품이 나에게 남겨준 건 뭐예요?,재작성,재작성,독서 습관 전제 + '딱 한 권' 결정 부담
49,49,누군가 나에 대한 책을 쓴다면 제목은 뭘까요?,내 인생을 영화 장르로 표현한다면 어떤 장르일까요?,내 인생을 장르로 보면 의외의 모습이 보여요.,"로맨스, 코미디, 성장물, 스릴러를 떠올려봐요.",그 장르라고 생각한 이유는 뭐예요?,재작성,재작성,메타 상상(나에 대한 책) + 제목 짓기 창작 부담
50,50,"예전엔 좋아했는데 지금은 아닌 취향이 있다면, 어떤 건가요?",예전과 비교해 가장 많이 바뀐 내 취향은 무엇인가요?,취향이 바뀌면 나도 바뀐 거잖아요.,예전엔 싫었지만 지금은 좋은 것을 찾아봐요.,취향이 바뀌면서 내 삶은 어떻게 달라졌나요?,유지,재작성,취향 변화 경험 전제
51,51,지금 기분을 날씨로 말하면 어떤가요?,지금 내 기분을 날씨로 표현하면 어떤 날씨인가요?,마음도 날씨처럼 매일 변하는 게 당연해요.,"맑음, 흐림, 비, 눈 등 다양한 날씨가 있어요.",왜 지금의 마음이 그 날씨와 닮았다고 생각했는지도 써봐요.,유지,경미 수정,'날씨로 말하면' 은유지만 쉬운 비유 (관측 7회 중 3회)
52,52,오늘 나를 웃게 만든 장면은 무엇인가요?,요즘 나를 웃게 만드는 장면은 무엇인가요?,사소한 일에 마음이 풀리기도 해요.,길에서 본 동물이나 재미있는 영상인가요?,어떤 상황에서 마음이 편해지는지 궁금해요.,유지,재작성,오늘 기반 (관측 4회 중 2회로 양호한 편)
53,53,오늘 하루 중 가장 차분했던 때는 언제인가요?,하루 중 가장 차분해지는 때는 언제인가요?,하루 중 잠시 숨을 고르는 때가 있어요.,"아침 커피 한 잔, 퇴근길, 잠들기 전을 떠올려봐요.",그 시간에 차분해지는 이유는 뭘까요?,재작성,재작성,오늘 기반
54,54,"최근에 눈물이 났던 적이 있다면, 어떤 순간이었나요?",눈물이 나는 순간은 주로 어떤 때인가요?,눈물은 마음의 환기구가 되어주기도 해요.,"슬픈 영화, 감동적인 장면, 속상한 일을 떠올려봐요.",눈물이 나고 나면 마음이 어떻게 달라져요?,재작성,재작성,최근 + 눈물 경험 전제
55,55,지금 가장 보고 싶은 사람은 누구인가요?,지금 가장 보고 싶은 사람은 어떤 사람인가요? 이름 대신 이유를 알려주세요.,그리움은 내 마음이 누굴 향하는지 알려줘요.,멀리 있는 친구나 가족 혹은 연인인가요?,그 사람을 생각하면 어떤 감정이 먼저 드나요?,유지,재작성,'지금' + 특정 인물 지목
56,56,오늘 나를 기운 나게 한 말은 무엇인가요?,들으면 기운이 나는 말은 무엇인가요?,말 한마디에 하루의 색깔이 바뀌기도 해요.,누군가의 응원이나 우연히 읽은 글귀를 떠올려봐요.,그 말이 힘이 되는 이유는 뭘까요?,재작성,재작성,오늘 + 들은 말이 없으면 답 불가
57,57,최근에 가장 크게 웃었던 일은 무엇인가요?,가장 크게 웃었던 일은 무엇인가요?,웃음은 가장 건강한 감정 표현이에요.,친구와 수다 떨던 일이나 예능 프로그램을 생각해봐요.,그때 어떤 기분이었는지 다시 느껴볼까요?,유지,경미 수정,최근 + 일화 회상 (관측 8회 중 5회 양호)
58,58,지금 내 마음의 온도는 몇 도쯤 될까요?,"지금 내 마음은 따뜻한 편인가요, 차가운 편인가요?",마음에도 온도가 있어요.,따뜻함과 차가움 사이 어디쯤인지 떠올려봐요.,그런 온도가 된 이유는 뭘까요?,재작성,재작성,'마음의 온도' 은유 + 수치화 부담
59,59,오늘 하루 중 가장 아쉬웠던 순간은 언제인가요?,요즘 가장 아쉬운 것은 무엇인가요?,아쉬움은 더 잘하고 싶은 마음에서 시작돼요.,"하지 못한 일, 놓친 기회, 부족한 시간을 떠올려봐요.",그 아쉬움을 어떻게 달래주고 싶나요?,재작성,노출 시간 조정 + 재작성,오늘 기반 (저녁엔 유효)
60,60,지금 당장 하고 싶은 말이 있다면 무엇인가요?,지금 누군가에게 전하고 싶은 말은 무엇인가요?,속에 담아둔 말을 꺼내는 것만으로도 가벼워져요.,누군가에게 하고 싶은 말이나 나에게 하는 말인가요?,그 말을 하고 나면 기분이 어떨까요?,유지,재작성,'지금 당장 하고 싶은 말'이 없으면 교체 + 대상 불명확
61,61,최근 나를 가장 답답하게 만든 일은 무엇인가요?,답답할 때 나는 주로 어떻게 푸나요?,마음대로 되지 않을 때 답답함이 찾아와요.,"걷기, 수다, 음악, 잠처럼 나만의 방법을 떠올려봐요.",그 방법을 쓰고 나면 얼마나 풀리나요?,재작성,재작성,최근 제한
62,62,"불안한 마음이 들 때 나를 잡아주는 문장이 있다면, 어떤 문장인가요?",불안할 때 마음을 가라앉히는 나만의 방법은 무엇인가요?,흔들릴 때 중심을 잡아주는 방법이 있으면 든든해요.,"심호흡, 산책, 좋아하는 말 떠올리기를 생각해봐요.",그 방법이 나에게 잘 맞는 이유는 뭘까요?,재작성,재작성,'있다면' 전제 (나만의 문장이 있어야 함)
63,63,"내일 일어날 일 중 설레는 게 있다면, 어떤 건가요?",다가오는 일 중 가장 기대되는 것은 무엇인가요?,작은 기대감이 하루를 버티는 즐거움이 돼요.,"약속, 여행, 휴일, 택배를 떠올려봐요.",그 일이 기대되는 진짜 이유는 뭐예요?,재작성,재작성,'내일 설레는 일'이 없으면 교체 + 경험 전제
66,66,최근에 가장 뿌듯했던 순간은 언제인가요?,가장 뿌듯했던 순간은 언제인가요?,작은 성취가 모여 큰 기쁨이 되기도 해요.,도움을 줬던 일이나 할 일을 끝낸 순간인가요?,그 뿌듯함이 나를 어떻게 움직이게 하나요?,유지,경미 수정,최근 + 회상 (관측 7회 중 5회 양호)
67,67,최근에 질투를 느꼈던 순간이 있다면 어떤 상황이었나요?,나는 주로 어떤 상황에서 질투를 느끼나요?,질투는 내가 무엇을 원하는지 알려주는 신호예요.,그 때의 대상이나 상황을 떠올려 봐요.,내가 왜 그 순간 마음이 흔들렸을까요?,유지,재작성,최근 + 경험 전제 + 부정 감정 노출 부담
69,69,"최근에 용기를 냈던 경험이 있다면, 어떤 순간이었나요?",용기를 냈던 순간 중 기억에 남는 것은 언제인가요?,아주 사소한 도전도 용기가 필요한 일이에요.,먼저 인사를 건네거나 새로운 시도를 했나요?,그때의 내 모습이 어떻게 느껴졌나요?,유지,재작성,최근 + 경험 전제
73,73,남들 시선을 많이 신경 쓰는 편인가요? 어떤 상황에서 특히 그런가요?,남들 시선이 가장 신경 쓰이는 상황은 언제인가요?,가끔은 타인의 눈이 부담스럽게 느껴지기도 해요.,옷차림이나 말실수를 걱정할 때가 있나요?,남들의 시선에서 자유로워지면 무엇을 하고 싶나요?,유지,재작성,두 질문 연결
74,74,"최근에 느낀 감정 중 이름 붙이기 힘든 게 있었다면, 어떤 느낌이었나요?",말로 표현하기 가장 어려운 감정은 무엇인가요?,말 한마디로 정의하기 어려운 마음이 있죠.,"시원섭섭함, 설레면서 두려운 기분처럼 떠올려봐요.",그 감정을 표현하기 어려운 이유는 뭘까요?,재작성,재작성,최근 + 경험 전제 + '이름 붙이기 힘든' 추상
78,78,"과거의 나에게 해주고 싶은 위로가 있다면, 어떤 말인가요?",과거의 나에게 해주고 싶은 위로의 말은 무엇인가요?,힘들었던 시간을 지나온 나를 안아주는 시간이에요.,그때의 나에게 꼭 해주고 싶었던 말인가요?,그 말을 지금의 나에게도 해주는 건 어떨까요?,유지,경미 수정,전제형 (대부분 답 가능)
79,79,행복의 기준이 있다면 무엇인가요?,나는 언제 행복하다고 느끼나요?,행복은 정답이 없고 사람마다 기준이 달라요.,"소소한 일상이 행복인지, 큰 성취가 행복인지 떠올려봐요.",지금 내 삶에서 행복을 느끼는 순간은 언제인가요?,유지,재작성,'행복의 기준'이 있어야 함
80,80,"최근에 누군가를 용서했던 경험이 있다면, 어떤 일이었나요?","용서가 쉬운 편인가요, 어려운 편인가요?",용서는 나를 위한 일이기도 해요.,서운했던 일이 풀렸던 때와 오래 남았던 때를 떠올려봐요.,용서가 어렵거나 쉬운 이유는 뭘까요?,재작성,재작성,최근 + 용서 경험 전제
81,81,"감정을 솔직하게 표현해서 후련했던 순간이 있다면, 어떤 때였나요?","감정을 솔직하게 말하는 편인가요, 참는 편인가요?",감정을 표현하는 방식은 사람마다 달라요.,"서운할 때, 기쁠 때 각각의 나를 떠올려봐요.",그 방식이 관계에 어떤 영향을 주나요?,재작성,재작성,경험 전제 + 회상
82,82,"두려움을 극복하고 무언가 해낸 적이 있다면, 어떤 일이었나요?",두려움을 이겨낼 때 나에게 가장 힘이 되는 것은 무엇인가요?,두려움 앞에서 나를 붙잡아주는 게 있어요.,"응원해준 사람, 스스로 한 약속, 예전의 경험을 떠올려봐요.",그게 힘이 되는 이유는 뭘까요?,재작성,재작성,경험 전제(두려움 극복) + 회상
83,83,"내 감정을 다스리는 나만의 루틴이 있다면, 어떤 건가요?",감정이 흔들릴 때 나는 주로 무엇을 하나요?,마음이 흔들릴 때 나를 지키는 방법이 있으면 든든해요.,"일기 쓰기, 산책, 누군가와 이야기하기를 떠올려봐요.",그렇게 하면 마음이 어떻게 달라져요?,재작성,재작성,'나만의 루틴' 전제
84,84,"남에게 말하지 못한 비밀스러운 걱정이 있다면, 어떤 건가요?",남에게 잘 말하지 않는 걱정은 어떤 종류인가요?,속에 담아둔 걱정은 나를 무겁게 만들기도 해요.,미래에 대한 불안이나 관계에 대한 고민인가요?,그 걱정을 조금 가볍게 비울 수 있는 방법은 없을까요?,유지,재작성,비밀 고백 요구 (부담 과다)
85,85,누군가에게 깊은 감동을 받았던 순간은 언제인가요?,나를 감동시키는 것은 주로 어떤 순간인가요?,마음을 울리는 순간은 사람마다 달라요.,"뜻밖의 위로, 정성스러운 선물, 누군가의 노력을 떠올려봐요.",그 순간에 감동받는 이유는 뭘까요?,재작성,경미 수정,회상형 (특정 순간을 떠올려야 함)
86,86,한참 슬펐을 때 나를 건져준 건 무엇인가요?,슬플 때 나를 건져주는 것은 무엇인가요?,다시 일어설 수 있게 도와주는 게 있어요.,"친구의 한마디, 좋아하는 취미, 시간을 떠올려봐요.",그게 나에게 통하는 이유는 뭘까요?,재작성,재작성,무거운 슬픔 회상 + 높은 자기노출
88,88,"최근에 나의 한계를 느꼈던 적이 있다면, 어떤 순간이었나요?",한계에 부딪혔다고 느낄 때 나는 어떻게 하나요?,한계를 느끼는 건 누구에게나 있는 일이에요.,"더 버티기, 잠시 멈추기, 도움 요청하기 중 뭐에 가까워요?",그 방식이 나에게 도움이 되나요?,재작성,재작성,최근 + 한계 경험 전제
90,90,지금 내가 가장 필요한 감정은 뭘까요?,"지금 나에게 가장 필요한 것은 휴식, 위로, 자극 중 무엇인가요?",내 마음이 무엇을 원하는지 물어보는 시간이에요.,"푹 쉬고 싶은지, 위로받고 싶은지, 새로운 자극이 필요한지 떠올려봐요.",그걸 채우기 위해 해볼 수 있는 작은 일은 뭐예요?,재작성,재작성,'지금' + '필요한 감정' 추상적
93,93,"내가 세상에 태어나길 잘했다고 느낀 순간이 있다면, 어떤 때였나요?",살아있길 잘했다 싶은 작은 순간은 언제인가요?,살아있어서 좋다고 느끼는 순간은 생각보다 가까이 있어요.,"맛있는 음식, 좋은 날씨, 따뜻한 대화를 떠올려봐요.",그런 순간을 더 자주 만나려면 뭐가 필요할까요?,재작성,재작성,존재론적 무게 + 경험 전제 → 즉시 답하기 부담
94,94,가장 힘들었던 순간에서 배운게 있다면 무엇인가요?,힘든 시간을 지나며 배운 것은 무엇인가요?,힘든 시간을 지나면서 배운 게 있잖아요.,힘든 시기를 견디며 얻은 깨달음이 있나요?,그 가르침이 지금의 삶에 어떤 힘이 되나요?,유지,재작성,전제 + 가장 힘든 순간 소환 (무게)
95,95,내가 생각하는 진짜 용기란 무엇인가요?,내가 생각하는 용기 있는 행동은 어떤 건가요?,용기는 단순히 무서움이 없는 상태가 아니에요.,"솔직해지기, 먼저 사과하기, 다시 시작하기를 떠올려봐요.",지금 내가 용기 내고 싶은 건 뭐예요?,재작성,재작성,개념 정의형 (깊은 성찰 요구)
96,96,내 인생에 가장 큰 영향을 준 감정은 뭘까요?,나를 가장 자주 움직이게 하는 감정은 무엇인가요?,나를 움직이는 감정이 하나쯤 있어요.,"설렘, 불안, 호기심, 책임감을 떠올려봐요.",그 감정이 나를 어떤 방향으로 이끌어요?,재작성,재작성,'인생에 가장 큰 영향' 추상 + 깊은 성찰
98,98,나만 아는 내 마음의 모양은 어떤 걸까요?,나만 아는 나의 속마음은 어떤 모습인가요?,누구에게도 말하지 못한 나만의 내면이 있어요.,겉으로 보이는 나와 속마음이 다른 순간을 떠올려봐요.,그 속마음을 누군가에게 보여준다면 어떨 것 같아요?,재작성,재작성,'마음의 모양' 은유 + 추상
99,99,나에게 사랑이란 어떤 감정인가요?,사랑한다고 느끼는 순간은 언제인가요?,사랑은 다양한 순간에 모습을 드러내요.,"누군가를 챙길 때, 함께 웃을 때, 보고 싶을 때를 떠올려봐요.",그 순간에 사랑을 느끼는 이유는 뭘까요?,재작성,재작성,개념 정의형 (관측 3회 중 0회)
100,100,내 인생을 감정 한 줄로 요약하면 뭘까요?,내 인생을 계절에 비유하면 지금은 어떤 계절인가요?,인생에도 계절이 있어요.,"새싹 돋는 봄, 뜨거운 여름, 무르익는 가을, 쉬어가는 겨울을 떠올려봐요.",그 계절이라고 느낀 이유는 뭐예요?,재작성,재작성,인생 요약 요구 (부담 과다) + 은유
102,102,"매일 밤 자기 전 꼭 지키는 습관이 있다면, 어떤 건가요?",자기 전에 주로 무엇을 하나요?,밤을 닫는 나만의 시간이 있어요.,"휴대폰 보기, 씻기, 음악 듣기, 스트레칭을 떠올려봐요.",그 시간이 잠드는 데 도움이 되나요?,재작성,재작성,'꼭 지키는 습관' 전제
105,105,외출하기 전 꼭 챙기는 물건은 무엇인가요?,외출 전 거울 앞에서 마지막으로 확인하는 것은 무엇인가요?,외출 전 마지막 점검에 내가 신경 쓰는 부분이 보여요.,"머리, 옷매무새, 얼굴, 전체 분위기를 떠올려봐요.",그 부분을 확인하는 이유는 뭐예요?,재작성,재작성,#13과 같은 의도(늘 챙기는 물건) 중복
106,106,"식사 후에 습관적으로 하는 행동이 있다면, 어떤 건가요?",식사 후에 주로 무엇을 하나요?,밥을 먹고 난 뒤의 작은 여유를 봐요.,"커피 마시기, 산책, 눕기, 휴대폰 보기를 떠올려봐요.",그 시간이 나에게 어떤 쉼이 되나요?,재작성,경미 수정,습관 전제 (대부분 있음)
110,110,"하루를 시작할 때 듣는 음악 장르가 있다면, 어떤 장르인가요?",하루를 기분 좋게 시작하게 해주는 것은 무엇인가요?,하루의 시작을 기분 좋게 만드는 게 있어요.,"음악, 커피, 햇살, 좋아하는 아침 메뉴를 떠올려봐요.",그게 있으면 하루가 어떻게 달라져요?,재작성,재작성,아침 음악 습관 전제 + 쉼표 복문
113,113,"스트레스가 쌓였을 때 나도 모르게 하는 행동이 있다면, 어떤 건가요?",스트레스가 쌓이면 나도 모르게 하는 행동은 무엇인가요?,나를 달래는 해소법을 아는 건 소중한 능력이에요.,매운 음식 먹기나 음악 크게 듣기인가요?,이 행동이 마음을 어떻게 다시 진정시키나요?,유지,경미 수정,전제형
115,115,"미루고 싶을 때 나를 움직이게 하는 나만의 방법이 있다면, 어떤 건가요?","미루고 싶을 때 나를 움직이게 하는 건 마감인가요, 의지인가요?",귀찮음을 이겨내는 힘은 사람마다 달라요.,정해진 기한과 스스로의 다짐 중 뭐가 더 잘 통해요?,그 방식이 통하지 않을 때는 어떻게 해요?,재작성,재작성,'나만의 방법' 전제
118,118,"하루 일정을 정리하는 나만의 도구가 있다면, 어떤 건가요?","일정을 머릿속으로 기억하는 편인가요, 적어두는 편인가요?",일정을 다루는 방식에 나의 성향이 묻어나요.,"다이어리, 캘린더 앱, 메모, 머릿속을 떠올려봐요.",그 방식이 나에게 어떤 안정감을 주나요?,재작성,재작성,'나만의 도구' 전제
119,119,"내가 지키는 습관 중 남들에게 추천하고 싶은 게 있다면, 어떤 건가요?",꾸준히 이어가고 있는 습관은 무엇인가요? 작은 것도 좋아요.,꾸준함은 작은 것에서 시작돼요.,"물 마시기, 스트레칭, 일기처럼 작은 것도 좋아요.",그 습관을 이어가게 하는 힘은 뭐예요?,재작성,재작성,'지키는 습관'이 있어야 함 + 추천이라는 이중 요구
123,123,"건강을 위해 매일 챙겨 먹는 게 있다면, 어떤 건가요?",건강을 위해 챙기고 있는 것은 무엇인가요? 작은 것도 좋아요.,나를 가꾸는 습관은 몸에서 먼저 나타나요.,비타민이나 물 마시기 혹은 건강식을 떠올려 봐요.,이 습관을 유지하는 게 나에게 어떤 느낌을 주나요?,유지,경미 수정,전제형 (관측 4회 중 3회 양호)
124,124,"약속 시간에 늦지 않기 위해 하는 준비가 있다면, 어떤 건가요?","약속 시간에 딱 맞춰 가는 편인가요, 일찍 가는 편인가요?",시간을 대하는 태도에 성격이 묻어나잖아요.,약속 장소에 도착하는 내 모습을 떠올려봐요.,그렇게 하는 이유는 뭐라고 생각해요?,재작성,재작성,'준비' 전제
125,125,"가계부를 쓰거나 돈을 관리하는 방법이 있다면, 어떤 건가요?","돈을 계획적으로 쓰는 편인가요, 그때그때 쓰는 편인가요?",돈을 쓰는 방식에 삶의 태도가 담겨 있어요.,계획한 소비와 갑자기 한 소비를 떠올려봐요.,그 방식에 만족하는 편이에요?,재작성,재작성,가계부·돈 관리 전제
126,126,"업무나 공부를 시작하기 전 마음을 가다듬는 행동이 있다면, 어떤 건가요?",무언가를 시작하기 전 마음을 가다듬는 방법은 무엇인가요?,집중하기 위해 나만의 의식이 필요할 때가 있어요.,책상 정리나 차 마시기 혹은 심호흡인가요?,그 행동을 하면 집중력이 얼마나 올라가나요?,유지,재작성,업무·공부 + 행동 전제
127,127,"운동하기 싫을 때 나를 움직이게 하는 주문이 있다면, 어떤 건가요?",하기 싫은 일을 할 때 나를 움직이게 하는 한마디는 무엇인가요?,하기 싫은 일 앞에서는 누구나 큰 결심이 필요해요.,"'일단 5분만', '끝나면 맛있는 거' 같은 말을 떠올려봐요.",그 말을 하고 나면 정말 몸이 움직여지나요?,재작성,재작성,운동 습관 전제 + '주문' 은유
128,128,"여행 가방을 싸는 나만의 규칙이 있다면, 어떤 건가요?","짐을 쌀 때 꼼꼼하게 챙기는 편인가요, 최소한만 챙기는 편인가요?",짐을 싸는 방식에서 평소의 꼼꼼함이 보여요.,"목록을 만드는지, 필요한 것만 챙기는지 떠올려봐요.",빠뜨린 게 생기면 나는 어떻게 해요?,재작성,재작성,여행 + 규칙 전제
129,129,"기념일에 반복적으로 하는 일이 있다면, 어떤 건가요?",가장 좋아하는 기념일은 무엇인가요?,특별한 날을 기억하는 방식은 저마다 달라요.,"생일, 기념일, 명절, 나만의 기념일을 떠올려봐요.",그날이 특별한 이유는 뭐예요?,재작성,재작성,기념일 의례 전제
132,132,"중요한 일을 앞두고 지키는 징크스 같은 행동이 있다면, 어떤 건가요?",중요한 일을 앞두고 하는 나만의 준비는 무엇인가요? 징크스도 좋아요.,불안을 이겨내기 위해 하는 나만의 규칙이에요.,특정 옷을 입거나 정해진 음식을 먹는 일인가요?,그 행동이 마음의 안정을 찾는 데 도움이 되나요?,유지,재작성,징크스 전제
133,133,"계절이 바뀔 때 집 안에서 바꾸는 게 있다면, 어떤 건가요?",계절이 바뀌면 가장 먼저 느끼는 변화는 무엇인가요?,계절의 변화는 작은 곳에서 먼저 느껴져요.,"공기 냄새, 옷차림, 해 지는 시간을 떠올려봐요.",계절이 바뀌면 내 기분은 어떻게 달라져요?,재작성,재작성,계절 인테리어 행동 전제
136,136,"매일 일기를 쓰거나 기록을 남기는 습관이 있다면, 어떤 방식인가요?","기록하는 편인가요, 기억에 맡기는 편인가요?",기록은 나중에 나를 돌아보게 하는 힘이 돼요.,"메모, 사진, 일기, 기억 중 뭘 주로 쓰는지 떠올려봐요.",그 방식이 나에게 잘 맞는 이유는 뭐예요?,재작성,재작성,일기·기록 습관 전제 (나답 사용자 특성상 일부 해당)
138,138,"새로운 취미를 시작할 때 거치는 과정이 있다면, 어떤 건가요?","새로운 걸 시작할 때 일단 해보는 편인가요, 충분히 알아보고 시작하는 편인가요?",새로운 걸 시작하는 방식에 내 성향이 보여요.,일단 부딪히기와 충분히 알아보기를 떠올려봐요.,그 방식으로 시작했을 때 결과는 대체로 어땠어요?,재작성,재작성,취미 시작 경험 전제 + '과정' 추상적
140,140,"중요한 약속 전날 꼭 하는 준비가 있다면, 어떤 건가요?",중요한 약속 전날 나는 주로 무엇을 하나요?,정성을 들이는 만큼 약속이 소중하게 느껴져요.,옷 골라두기나 약속 장소 확인하기인가요?,그 준비가 당일의 기분에 어떤 영향을 주나요?,유지,재작성,준비 전제
141,141,지금의 습관이 10년 뒤 나를 어디로 데려갈까요?,지금의 습관을 10년 동안 이어가면 나는 어떤 사람이 되어 있을까요?,작은 반복이 나중에 큰 변화를 만들기도 해요.,건강 습관이나 공부 습관을 떠올려 봐요.,10년 뒤의 내 모습이 자랑스러울 것 같나요?,유지,재작성,'습관이 데려갈 곳' 은유 + 미래 추론
148,148,과거의 나보다 좋아진 습관이 있다면 무엇인가요?,예전보다 나아진 나의 습관은 무엇인가요? 작은 것도 좋아요.,과거의 나와 지금의 나를 한 번 떠올려봐요.,나쁜 버릇을 고쳤거나 새로운 좋은 습관을 들였나요?,그 변화를 위해 내가 들인 노력은 무엇이었나요?,유지,재작성,전제형
149,149,일상을 꾸려간다는 게 나에게 어떤 의미인가요?,일상을 잘 보냈다고 느끼는 날은 어떤 날인가요?,평범한 하루를 잘 보냈다고 느끼는 기준은 저마다 달라요.,"할 일을 끝낸 날, 푹 쉰 날, 좋은 사람을 만난 날을 떠올려봐요.",그런 날을 더 자주 만들려면 뭐가 필요할까요?,재작성,재작성,'일상을 꾸려간다는 것' 추상
150,150,오늘 하루를 기록한다면 어떤 제목을 붙이고 싶나요?,요즘 나의 일상에 제목을 붙인다면 무엇일까요?,일상을 하나의 제목으로 요약해보는 시간이에요.,"평범한 제목도, 시적인 제목도 좋아요.",그 제목이 요즘 내 마음을 얼마나 잘 설명하나요?,재작성,재작성,오늘 기반 (저녁엔 유효)
151,151,가족 중 가장 편하게 대화하는 사람은 누구인가요?,가족 중 대화가 가장 편한 사람은 어떤 점이 편한가요?,가장 가까운 사이일수록 편한 이유가 보여요.,"말이 잘 통하는지, 편들어주는지, 비밀을 지켜주는지 떠올려봐요.",그 사람과 대화할 때 내 모습은 어떤가요?,재작성,재작성,특정 인물 지목 (가족)
152,152,고민이 있을 때 가장 먼저 생각나는 친구는 누구인가요?,고민이 있을 때 가장 먼저 찾게 되는 친구는 어떤 사람인가요?,고민을 먼저 꺼내고 싶은 사람에게는 이유가 있어요.,"잘 들어주는 사람, 해결책을 주는 사람, 편한 사람을 떠올려봐요.",그런 사람에게 마음이 가는 이유는 뭘까요?,재작성,재작성,특정 인물 지목
153,153,"만났을 때 기운을 얻게 되는 사람이 있다면, 누구인가요?",만나면 기운이 나는 사람은 어떤 사람인가요?,함께 있는 것만으로도 에너지가 충전되는 관계가 있죠.,항상 밝은 사람이나 내 말을 잘 들어주는 사람인가요?,그 사람의 어떤 점이 나를 기분 좋게 만드나요?,유지,재작성,특정 인물 지목('누구인가요') + 전제
154,154,같이 밥 먹을 때 가장 편한 사람은 누구인가요?,같이 밥 먹을 때 편한 사람은 어떤 사람인가요?,식사 시간은 서로의 긴장이 가장 많이 풀리는 때예요.,가족처럼 편한 친구나 마음이 잘 맞는 동료인가요?,그 사람 앞에서는 어떤 대화도 술술 나오나요?,유지,재작성,특정 인물 지목 (노출 0회)
155,155,최근 누군가에게 받은 기분 좋은 문자는 무엇인가요?,받으면 기분 좋아지는 메시지는 어떤 메시지인가요?,작은 메시지 하나가 하루를 빛나게 하기도 해요.,응원의 말이나 갑작스러운 안부를 떠올려봐요.,그런 메시지를 받으면 어떤 기분이 들어요?,재작성,재작성,최근 문자 전제 + 기억 탐색 부담
156,156,내 생일에 가장 먼저 축하해준 사람은 누구인가요?,생일에 받으면 가장 기분 좋은 축하는 어떤 건가요?,축하받는 방식에도 취향이 있어요.,"깜짝 파티, 손편지, 선물, 조용한 식사를 떠올려봐요.",그 축하가 좋은 이유는 뭐예요?,재작성,재작성,특정 인물 지목 + 기억 의존
157,157,길에서 우연히 만나면 반가울 사람은 누구인가요?,길에서 우연히 만나면 반가울 사람은 어떤 사이인가요?,예상치 못한 만남이 설렘을 줄 때가 있어요.,연락이 끊긴 옛 친구나 보고 싶은 지인인가요?,그 사람을 만나면 가장 먼저 무슨 말을 하고 싶나요?,유지,재작성,특정 인물 지목
158,158,"나를 웃게 만드는 재주가 있는 친구가 있다면, 어떤 사람인가요?",나를 잘 웃게 하는 사람은 어떤 유머를 가졌나요?,함께 웃을 수 있다는 건 정말 소중한 인연이에요.,"엉뚱한 유머, 말장난, 리액션, 표정 개그를 떠올려봐요.",그 유머에 내가 웃게 되는 이유는 뭘까요?,재작성,재작성,특정 친구 전제
159,159,"요즘 새로 알게 된 사람 중 호감이 가는 사람이 있다면, 어떤 점이 끌리나요?",처음 만난 사람에게 호감을 느끼는 포인트는 무엇인가요?,처음 만난 사람에게도 끌리는 포인트가 있어요.,"예쁜 말투, 잘 웃는 얼굴, 비슷한 취향을 떠올려봐요.",그 포인트에 마음이 가는 이유는 뭘까요?,재작성,재작성,요즘 + 새로 알게 된 사람 전제 (없는 경우 많음)
160,160,연락처 목록에서 가장 의외의 인물은 누구인가요?,연락처에 저장된 이름 중 가장 재밌는 이름은 무엇인가요?,연락처 속 이름에는 소소한 재미가 숨어 있어요.,"별명, 이모지, 특이한 설명을 붙인 이름을 떠올려봐요.",그 이름을 붙이게 된 사연이 있나요?,재작성,재작성,특정 인물 지목 + 연락처 확인 필요
163,163,친구를 사귀 때 가장 중요하게 보는 점은 무엇인가요?,친구를 사귈 때 가장 중요하게 보는 점은 무엇인가요?,관계를 시작할 때 나도 모르게 보는 기준이 있어요.,"성격, 예의, 대화 코드 중 무엇인가요?",그 포인트가 왜 가장 중요한가요?,유지,오류 수정,오탈자: '사귀 때'
165,165,"주변 사람들로부터 자주 듣는 부탁이 있다면, 어떤 건가요?",주변 사람들이 나에게 자주 부탁하는 것은 무엇인가요?,남들이 나를 어떤 면에서 의지하는지 보여주는 증거예요.,조언 구하기나 일손 돕기 같은 것인가요?,그 부탁을 들어줄 때 내 마음은 어떤가요?,유지,재작성,전제형
167,167,나랑 유머 코드가 가장 잘 맞는 사람은 누구인가요?,나와 유머 코드가 잘 맞는 사람은 어떤 사람인가요?,웃음 포인트가 같다는 건 마음이 통한다는 신호예요.,나의 사소한 농담에도 빵 터지는 친구인가요?,그 사람과 대화할 때 왜 유독 즐거움이 느껴질까요?,유지,재작성,특정 인물 지목 (관계 카테고리)
170,170,나를 가장 잘 이해한다고 느끼는 사람은 누구인가요?,나를 잘 이해해주는 사람들은 어떤 공통점을 가졌나요?,설명하지 않아도 마음을 알아주는 사람들이 있어요.,"잘 들어주는지, 판단하지 않는지 떠올려봐요.",그 사람들이 나를 이해해줄 때 어떤 위로를 받나요?,재작성,재작성,특정 인물 지목 (관계 카테고리 '누구' 질문 답변율 28%)
175,175,"나를 힘들게 하는 사람과 거리를 두는 방법이 있다면, 어떤 건가요?",불편한 사람과 거리를 둘 때 나는 어떻게 하는 편인가요?,나를 지키기 위해 적당한 간격을 두는 건 용기예요.,연락 줄이기나 단호하게 말하기 혹은 자연스럽게 멀어지기인가요?,거리를 두고 나면 내 마음이 얼마나 가벼워지나요?,유지,재작성,'나를 힘들게 하는 사람' 전제
178,178,나를 성장하게 한 인연이 있다면 누구인가요?,나를 성장하게 한 사람은 어떤 점이 달랐나요?,어떤 만남은 내 삶을 긍정적으로 바꿔놓기도 해요.,엄격했던 선생님이나 따뜻했던 선배 혹은 경쟁자였나요?,그 사람이 나에게 남긴 가장 큰 가르침은 무엇인가요?,유지,재작성,특정 인물 지목 + 전제
181,181,나를 있는 그대로 봐주는 사람은 누구인가요?,나를 있는 그대로 봐주는 사람은 어떤 사람인가요?,꾸밈없이 편하게 있을 수 있는 관계가 있어요.,가족이나 정말 친한 친구를 떠올려 봐요.,그 사람 앞에서는 왜 유독 마음이 편해지나요?,유지,재작성,특정 인물 지목
183,183,다투면 먼저 사과하는 편인가요? 사과할 때 나만의 방식이 있나요?,"다투고 나면 먼저 사과하는 편인가요, 기다리는 편인가요?",사과는 관계를 지키려는 노력 중 하나예요.,다툰 뒤 먼저 연락하는 쪽인지 떠올려봐요.,그렇게 하는 이유는 뭐라고 생각해요?,재작성,재작성,두 질문 연결
185,185,"사람들 사이에서 소외감을 느꼈던 적이 있다면, 어떤 상황이었나요?",여러 사람 사이에서 나는 어떤 자리에 있을 때 편한가요?,여러 사람 사이에서 편한 자리는 사람마다 달라요.,"대화를 이끄는 자리, 듣는 자리, 옆에서 챙기는 자리를 떠올려봐요.",그 자리가 편한 이유는 뭘까요?,재작성,재작성,소외 경험 전제 + 부정적
188,188,"누군가에게 의도치 않게 상처를 준 적이 있다면, 어떤 일이었나요?",말이나 행동을 조심하게 되는 상황은 언제인가요?,말 한마디가 생각보다 큰 무게를 가질 때가 있어요.,"처음 만난 자리, 윗사람 앞, 속상한 친구 앞을 떠올려봐요.",조심하게 되는 이유는 뭘까요?,재작성,재작성,가해 경험 인정 요구 (방어적 회피)
190,190,"관계를 정리할 때 나만의 기준이 있다면, 어떤 건가요?",관계를 정리하게 되는 순간은 언제인가요?,모든 인연을 억지로 붙잡고 있을 수는 없어요.,"거짓말, 무례함, 일방적인 관계 같은 순간을 떠올려봐요.",관계를 정리하고 나면 마음이 어떤가요?,재작성,재작성,'나만의 기준' 전제
191,191,나를 가장 힘들게 했던 인연은 누구였나요?,나를 지치게 하는 관계는 어떤 모습인가요?,나를 지치게 하는 관계에는 공통점이 있어요.,"일방적인 연락, 무시, 지나친 기대를 떠올려봐요.",그런 관계에서 나를 지키는 방법은 뭐예요?,재작성,재작성,부정적 특정 인물 지목 → 방어적 회피
192,192,사람들에게 듣고 싶은 진심 어린 말은 무엇인가요?,가까운 사람에게 가장 듣고 싶은 말은 무엇인가요?,말 한마디에 그간의 힘듦이 녹아내리기도 해요.,"고생했어 혹은 ""보고 싶었어"" 같은 말인가요?",그 말을 들으면 기분이 어떻게 바뀔까요?,유지,재작성,추상적 + 타인에게 기대하는 말을 떠올리기 어려움
193,193,누군가에게 배운 삶의 자세가 있다면 무엇인가요?,누군가를 보며 닮고 싶다고 느낀 태도는 무엇인가요?,만나는 사람들로부터 좋은 면을 닮아가기도 해요.,부지런함이나 다정한 말투를 생각해봐요.,그 태도가 내 삶을 어떻게 더 좋게 만드나요?,유지,재작성,전제형
194,194,나의 약한 모습을 보여주는 게 두려운가요?,약한 모습을 보여주기 쉬운 사람은 어떤 사람인가요?,약함을 드러내는 건 큰 용기가 필요한 일이에요.,"판단하지 않는 사람, 비밀을 지켜주는 사람을 떠올려봐요.",그런 사람에게는 왜 마음이 열릴까요?,재작성,재작성,예/아니오 + 약점 노출 부담
195,195,가장 오래된 인연과의 추억 중 하나는 무엇인가요?,가장 오래된 친구와의 추억 하나를 들려주세요.,오랜 시간을 함께한 인연은 그 자체로 힘이 돼요.,어릴 적 같이 놀던 일이나 힘든 일을 이겨낸 기억인가요?,그 인연이 지금까지 이어지는 이유는 무엇일까요?,유지,경미 수정,회상형이지만 가벼운 추억 (노출 0회)
198,198,진심이 통했다고 느꼈던 특별한 순간은 언제인가요?,진심이 통했다고 느끼는 순간은 주로 언제인가요?,말하지 않아도 마음이 이어지는 때가 있어요.,눈빛만으로 이해받았거나 우연히 생각이 같았던 때인가요?,그때 느꼈던 감정을 한 단어로 말해볼까요?,유지,재작성,회상형 + 특별한 순간 전제
201,201,사람들 속에서 내 진짜 모습은 어떤가요?,사람들 앞의 나와 혼자 있을 때의 나는 어떻게 다른가요?,가끔은 사회적인 역할과 내 본 모습이 다를 수 있어요.,밝은 척하는지 아니면 묵묵히 자리를 지키는지 생각해봐요.,진짜 나를 보여주었을 때 어떤 편안함이 느껴지나요?,유지,재작성,추상 + 은유('진짜 모습')
202,202,"다른 사람의 성공을 축하해줄 때, 진심으로 기뻐할 수 있나요?",다른 사람의 좋은 소식을 들으면 어떤 마음이 먼저 드나요?,남의 좋은 소식 앞에서는 여러 마음이 들 수 있어요.,"기쁨, 부러움, 조급함 중 뭐가 먼저 오는지 봐요.",그 마음이 드는 이유는 뭘까요?,재작성,재작성,예/아니오 + 질투 인정 부담
205,205,내가 생각하는 믿음의 무게는 어느 정도인가요?,누군가를 믿게 되는 순간은 언제인가요?,믿음은 관계를 지탱하는 단단한 뿌리예요.,"약속을 지킬 때, 비밀을 지켜줄 때, 힘들 때 곁에 있을 때를 떠올려봐요.",믿음을 지키기 위해 내가 중요하게 여기는 건 뭐예요?,재작성,재작성,'믿음의 무게' 은유 + 추상
209,209,사람 사이의 진심은 언제 확인된다고 생각하나요?,상대가 진심이라고 느끼게 되는 행동은 무엇인가요?,진짜 마음은 말보다 행동에서 드러날 때가 많아요.,"작은 약속을 지킬 때, 힘들 때 곁에 있을 때를 떠올려봐요.",나는 진심을 어떤 행동으로 보여주나요?,재작성,재작성,추상 개념 (관측 1회 중 0회)
210,210,지금 내 주변 인연들에 대해 점수를 매긴다면?,요즘 나를 가장 편하게 해주는 관계는 어떤 관계인가요?,편한 관계는 요즘의 나를 지탱해줘요.,"가족, 오랜 친구, 연인, 동료를 떠올려봐요.",그 관계가 편한 이유는 뭘까요?,재작성,재작성,비활성 + 인연에 점수 매기기 (부담)
211,211,"사랑이 시작될 때 나만 아는 신호가 있다면, 어떤 건가요?",누군가를 좋아하기 시작하면 나는 어떻게 달라지나요?,누군가 좋아지면 평소와 다른 행동을 하게 돼요.,자꾸 웃음이 나거나 연락을 기다리게 되나요?,그 설레는 기분이 들 때 가장 먼저 드는 생각은 무엇인가요?,유지,재작성,경험 전제 (사랑이 시작된 경험 필요)
213,213,내가 생각하는 사랑은 어떤 느낌인가요?,"사랑은 설렘에 가까운가요, 편안함에 가까운가요?",사람마다 사랑의 모습은 다 달라요.,두근거림과 편안함 중 뭐가 먼저 떠오르나요?,내가 그리는 사랑에 대해 말해볼까요?,재작성,재작성,개념형 (관측 5회 중 2회)
214,214,"첫눈에 반한 적이 있다면, 어떤 느낌이었나요?","첫눈에 반하는 편인가요, 천천히 스며드는 편인가요?","첫눈에 반하는 순간, 정말 있을까요?",첫인상이 중요한지 아니면 오래 봐야 하는지 봐요.,사랑에 빠지는 속도에 대해서도 적어봐요.,유지,재작성,첫눈에 반한 경험 전제
219,219,"사랑하는 사람의 습관 중 귀여운 점이 있다면, 어떤 건가요?",좋아하는 사람의 습관 중 귀엽게 느껴지는 것은 무엇인가요? 연인·가족·친구 누구든 좋아요.,남들은 모르지만 나만 아는 매력 포인트가 있죠.,특이한 웃음소리나 말버릇을 생각해봐요.,그 모습이 왜 그렇게 사랑스럽게 느껴지나요?,유지,재작성,연인 존재 전제 (싱글은 답 불가)
220,220,가장 기억에 남는 고백의 순간은 언제인가요?,받고 싶은 고백은 어떤 모습인가요?,받고 싶은 고백에는 내가 바라는 사랑이 담겨 있어요.,"장소, 말, 분위기를 떠올려봐요.",그런 고백을 받으면 어떤 기분일 것 같아요?,재작성,재작성,고백 경험 전제 + 회상 (노출 0회)
222,222,이상형과 실제 연인은 얼마나 닮았나요?,이상형과 실제로 끌리는 사람은 얼마나 닮았나요?,머릿속 이상형과 실제로 마음이 가는 사람은 다를 수 있어요.,이상형 조건과 끌렸던 사람들의 특징을 비교해봐요.,조건보다 내 마음을 더 움직이는 건 뭐예요?,재작성,재작성,연인 존재 전제
228,228,"사랑하는 사람과 나누고 싶은 깊은 대화 주제가 있다면, 어떤 건가요?",사랑하는 사람과 꼭 나눠보고 싶은 대화 주제는 무엇인가요?,서로의 내면을 공유하는 시간은 사랑을 깊게 해요.,미래 계획이나 과거의 아픔 혹은 꿈인가요?,그런 대화를 나누고 나면 기분이 어떨까요?,유지,재작성,연인 존재 전제
229,229,"사랑이 나를 더 나은 사람으로 만든 적이 있다면, 어떻게 달라졌나요?",좋은 연애는 나를 어떻게 바꾼다고 생각하나요?,누군가를 아끼는 마음은 변화를 불러오기도 해요.,"더 다정해지기, 부지런해지기, 나를 더 아끼기를 떠올려봐요.",그런 변화가 생기는 이유는 뭘까요?,재작성,재작성,경험 전제 + 회상
231,231,나만의 독특한 연애관이 있다면 무엇인가요?,나의 연애관을 한 문장으로 표현하면?,나만의 사랑 방식이 담긴 한 문장이 있을 거예요.,"'천천히, 깊게'처럼 짧게 써봐도 좋아요.",그 연애관이 생긴 이유는 뭐예요?,재작성,재작성,'독특한 연애관' 전제
235,235,이별을 통해 배운 가장 큰 깨달음은 무엇인가요?,헤어짐을 받아들이는 나만의 방식은 무엇인가요?,헤어짐을 받아들이는 방식은 사람마다 달라요.,"울기, 바쁘게 지내기, 친구 만나기, 기록하기를 떠올려봐요.",그 방식이 나를 어떻게 지켜주나요?,재작성,재작성,이별 경험 전제 + 무거움 (노출 0회)
237,237,사랑에 대해 내가 가진 가장 큰 두려움은 무엇인가요?,사랑할 때 가장 걱정되는 것은 무엇인가요?,상처받는 것에 대한 두려움은 누구에게나 있어요.,버려질까 봐 혹은 구속당할까 봐 걱정되나요?,그 두려움을 어떻게 이겨내고 싶은지 궁금해요.,유지,재작성,두려움 고백 + 추상
245,245,"사랑하는 사람 때문에 내가 바뀐 점이 있다면, 어떤 건가요?",사랑을 하면 나는 어떻게 달라지나요?,사랑은 생각보다 나를 많이 바꾸기도 해요.,"말투, 생활 패턴, 표정, 우선순위를 떠올려봐요.",그 변화가 마음에 드는 편이에요?,재작성,재작성,연애 경험 전제
247,247,"사랑하는 사람에게 끝내 하지 못한 말이 있다면, 어떤 말인가요?",사랑하는 사람에게 더 자주 하고 싶은 말은 무엇인가요?,자주 할수록 좋은 말이 있죠.,"고마워, 사랑해, 괜찮아 같은 말을 떠올려봐요.",그 말을 더 자주 하지 못하는 이유는 뭘까요?,재작성,재작성,하지 못한 말 전제 + 미련 부담
252,252,"지칠 때 힘이 되는 나만의 문장이 있다면, 어떤 문장인가요?",지칠 때 힘이 되는 말은 무엇인가요? 책·노래·누군가의 말 무엇이든 좋아요.,마음을 일으켜 세우는 말 한마디가 큰 힘이 돼요.,평소 아끼는 글귀나 명언을 떠올려 봐요.,이 문장이 내 삶의 방향을 어떻게 잡아주나요?,유지,재작성,'나만의 문장'이 없으면 답 불가
255,255,가장 존경하는 인물은 누구인가요?,존경하는 사람의 어떤 점을 닮고 싶나요?,닮고 싶은 사람에게서 내가 추구하는 가치가 보여요.,역사 속 인물이나 주변 어른을 떠올려봐요.,그 점을 닮기 위해 해볼 수 있는 건 뭐예요?,재작성,재작성,'누구' 지목이지만 존경 인물 (관측 3회 중 0회)
263,263,"매일 지키고 싶은 나만의 마음가짐이 있다면, 어떤 건가요?",매일 잊지 않으려는 마음가짐은 무엇인가요?,매일 지키려 노력하는 마음가짐이 삶을 결정해요.,"성실함, 긍정, 정직 등 다양한 태도가 있어요.",왜 그 태도를 가장 중요하게 생각하나요?,유지,재작성,'나만의 마음가짐' 전제
268,268,나에게 '시간'은 어떤 의미인가요?,시간이 가장 빨리 가는 순간은 언제인가요?,시간 가는 줄 모르는 순간에 내 진짜 관심이 있어요.,"좋아하는 사람과 있을 때, 몰입할 때, 놀 때를 떠올려봐요.",그 순간이 빨리 지나가는 이유는 뭘까요?,재작성,재작성,개념 정의형 ('시간의 의미')
269,269,가장 큰 용기를 냈던 순간은 언제인가요?,용기가 필요할 때 나는 어떻게 마음을 먹나요?,용기가 필요할 때 나만의 방법이 있어요.,"혼잣말, 심호흡, 누군가의 응원을 떠올려봐요.",그렇게 마음먹으면 실제로 움직여지나요?,재작성,재작성,회상형 (용기 낸 순간) (노출 0회)
270,270,나에게 '약속'은 어떤 무게인가요?,"약속을 지키는 편인가요, 유연하게 바꾸는 편인가요?",다른 사람 혹은 나 자신과의 약속에 대한 생각이에요.,무슨 일이 있어도 지키는지 혹은 유연하게 대처하는지 봐요.,약속에 대한 평소 생각을 들려줘요.,유지,재작성,'약속의 무게' 은유 + 추상 (노출 0회)
271,271,내가 생각하는 '공정하다'는 건 어떤 건가요?,공정하지 않다고 느끼는 상황은 언제인가요?,불공정함을 느끼는 지점에 내 기준이 보여요.,"노력만큼 받지 못할 때, 규칙이 다르게 적용될 때를 떠올려봐요.",그럴 때 나는 어떻게 반응해요?,재작성,재작성,개념 정의형 (관측 3회 중 1회)
275,275,내가 생각하는 행복은 어떤 상태인가요?,행복하려면 꼭 필요한 세 가지는 무엇인가요?,행복의 기준은 나만이 정할 수 있어요.,"사람, 건강, 돈, 시간, 취미 중에 떠올려봐요.",그 세 가지를 지금 얼마나 갖고 있나요?,재작성,재작성,개념 정의형 (관측 3회 중 1회)
280,280,요즘 나의 일상 균형은 잘 맞고 있나요? 어느 쪽으로 기울어져 있나요?,요즘 내 일상은 일과 쉼 중 어느 쪽으로 기울어 있나요?,일과 쉼 사이의 균형은 계속 움직여요.,요즘 일주일을 떠올려서 비교해봐요.,지금 내 삶은 내가 원하는 균형에 가까운가요?,재작성,재작성,두 질문 연결 + 균형을 스스로 진단해야 함
282,282,인생에서 가장 큰 영향을 준 사건은 무엇인가요?,내 인생의 전환점이라고 부를 만한 일은 무엇인가요?,내 삶의 궤적을 바꾼 결정적인 순간이 있을 거예요.,우연한 만남이나 예상치 못한 사고인가요?,그 사건 이후로 내 생각은 어떻게 달라졌나요?,유지,재작성,'가장 큰 영향 준 사건' 회상 (노출 0회)
288,288,더 나은 세상을 위해 소소하게라도 하고 있는 행동이 있나요?,환경이나 이웃을 위해 챙기는 작은 습관이 있나요? 없다면 해보고 싶은 것을 알려주세요.,작은 행동도 누군가에게는 큰 힘이 될 때가 있어요.,"분리수거, 텀블러, 문 잡아주기처럼 사소한 것도 좋아요.",그 행동 속에 담긴 내 마음도 적어볼까요?,재작성,재작성,행동 전제 + 도덕적 부담(없으면 민망함)
289,289,내가 가장 중요하게 생각하는 옮고 그름의 기준은 무엇인가요?,내가 가장 중요하게 생각하는 옳고 그름의 기준은 무엇인가요?,가장 마음이 쓰이는 지점을 보면 내 기준이 느껴져요.,"정직, 책임, 배려 등이 될 수도 있어요.",이런 기준을 지키기 위해 어떤 행동을 해왔을까요?,유지,오류 수정,오탈자: '옮고 그름'
290,290,"사람은 원래 착하다고 생각하나요, 아니면 노력해야 착해질 수 있다고 생각하나요?","사람은 원래 착한가요, 노력해야 착해지나요?",사람에 대한 나의 근본적인 시각을 확인해봐요.,성선설과 성악설 중 어느 쪽에 더 마음이 가나요?,이 믿음이 사람을 대하는 내 태도를 어떻게 만드나요?,유지,재작성,"문장이 김 (40자 초과, 양자택일)"
291,291,"과거로 돌아갈 수 있다면 바꾸고 싶은 선택이 있다면, 어떤 건가요?",과거로 돌아가 딱 하나를 바꿀 수 있다면 무엇을 바꾸고 싶나요?,후회와 아쉬움을 통해 지금의 나를 돌아보는 시간이에요.,진로 선택이나 인연에 대한 결정이었나요?,그 선택을 바꾼다면 지금의 나는 어떻게 변해 있을까요?,유지,재작성,'~다면'이 두 번 겹친 이중 조건
292,292,내가 생각하는 '사회적 책임'이란 무엇인가요?,더 나은 세상을 위해 지키는 작은 습관은 무엇인가요?,더 나은 세상은 작은 습관에서 시작돼요.,"분리수거, 기부, 친절한 말 한마디를 떠올려봐요.",그 습관을 이어가는 이유는 뭐예요?,재작성,재작성,비활성 + 개념 정의형
299,299,"인생의 마지막 날, 되돌아본다면 나에게 어떤 말을 할까요?",먼 훗날의 내가 지금의 나에게 해줄 말은 무엇일까요?,먼 훗날의 내가 지금을 본다면 어떤 마음일까요?,"응원, 걱정, 고마움 중 뭐가 먼저 떠오르나요?",그 말을 지금의 나에게 해준다면 뭐가 달라질까요?,재작성,재작성,인생 마지막 회고 (관측 2회 중 0회)
300,300,"내 인생에서 꼭 한 번은 경험하고 싶은 순간이 있다면, 어떤 건가요?",인생에서 꼭 한 번은 경험하고 싶은 순간은 무엇인가요?,꼭 해보고 싶은 순간에는 내가 바라는 삶이 담겨 있어요.,"오로라 보기, 무대에 서기, 가족과 여행하기처럼 떠올려봐요.",그 순간을 위해 지금 할 수 있는 작은 일은 뭐예요?,재작성,경미 수정,'~있다면' 전제 (대부분 있으므로 경미)
301,301,최근에 꼭 필요하지 않지만 산 물건은 무엇인가요?,꼭 필요하진 않지만 사고 싶은 물건은 무엇인가요?,필요하진 않아도 갖고 싶은 게 있죠.,"귀여운 소품, 새 옷, 취미 용품을 떠올려봐요.",그걸 갖고 싶은 이유는 뭐예요?,재작성,재작성,최근 구매 전제
306,306,최근 산 것 중 가장 만족스러운 건 무엇인가요?,지금까지 산 것 중 가장 만족스러운 건 무엇인가요?,돈을 썼는데 더 풍족해진 것 같은 소비가 있어요.,"오래 쓴 물건, 잘 산 옷, 좋은 경험을 떠올려봐요.",그 물건이 일상에 어떤 변화를 줬나요?,재작성,재작성,최근 구매가 없으면 답 불가
315,315,"나만의 공부 스타일이 있다면, 어떤 건가요?",새로운 걸 배울 때 나에게 맞는 방식은 무엇인가요?,배우는 방식은 사람마다 달라요.,"직접 해보기, 영상 보기, 책 읽기, 누군가에게 배우기를 떠올려봐요.",그 방식이 나에게 맞는 이유는 뭘까요?,재작성,재작성,공부 습관 전제 (특정 활동)
320,320,"힘들 때마다 찾게 되는 곳이 있다면, 어디인가요?",힘들 때 찾게 되는 곳은 어디인가요?,"역사적 공간에서 바쁘게 움직이는 광화문, 바다가 보여서 위로가 되는 묵호 등 각자 다른 공간에서 위로를 얻곤 해요.",왜 힘이 되는 공간이라고 생각하나요?,그곳을 찾았던 기억들을 더듬어봐요.,유지,경미 수정,전제형
325,325,좋아하는 시의 제목이나 글귀가 있다면 어떤 건가요?,마음에 오래 남은 문장은 무엇인가요? 책·노래·대사 무엇이든 좋아요.,오래 남는 문장은 내 마음 어딘가를 건드렸기 때문이에요.,"책, 노래 가사, 드라마 대사를 떠올려봐요.",그 문장이 오래 남은 이유는 뭘까요?,재작성,재작성,시 읽는 습관 전제 (특정 활동)
326,326,평소 좋아하는 메이크업 분위기는 무엇인가요?,평소 좋아하는 스타일링 분위기는 무엇인가요? 옷·헤어·메이크업 무엇이든 좋아요.,스타일링은 나를 표현하는 방법 중 하나예요.,"옷, 헤어, 메이크업 중 신경 쓰는 걸 떠올려봐요.",그 분위기가 좋은 이유는 뭐예요?,재작성,재작성,메이크업 전제 (하지 않는 사람은 답 불가)
328,328,꾸준히 수집하는 물건이 있다면 무엇인가요?,모으고 있는 물건이 있나요? 없다면 자꾸 사게 되는 물건을 알려주세요.,모으는 물건에는 나만의 애정이 담겨 있어요.,"스티커, 컵, 키링, 엽서처럼 떠올려봐요.",그 물건을 모으게 된 시작은 뭐였어요?,재작성,재작성,수집 습관 전제
331,331,SNS에 일상을 올리는 편인가요? 올린다면 어떤 순간을 주로 올리나요?,기록으로 남기고 싶은 순간은 주로 어떤 때인가요?,남기고 싶은 순간에는 내가 아끼는 것이 담겨 있어요.,"사진, SNS, 일기, 메모 중 어디에 주로 남기는지 떠올려봐요.",그 순간을 기록하고 싶은 이유는 뭐예요?,재작성,재작성,SNS 사용 전제 + 두 질문 연결(복문)
332,332,오늘 먹은 것 중 기분까지 완벽하게 충전해준 메뉴는 무엇인가요?,기분까지 충전해주는 나만의 소울푸드는 무엇인가요?,한 입만으로 기분이 살아나는 음식이 있죠.,힘들 때나 기분 좋을 때 떠오르는 음식을 생각해봐요.,그 음식이 나를 채워주는 이유는 뭘까요?,재작성,재작성,오늘 + 식사 전 노출 시 답 불가 (레벨1이지만 낮음)
333,333,"오늘 기억에 남는 소리나 향기가 있다면, 어떤 건가요?",가장 좋아하는 소리나 향기는 무엇인가요?,좋아하는 감각에는 기억이 함께 담겨 있어요.,"빗소리, 파도 소리, 갓 구운 빵 냄새, 비누 향을 떠올려봐요.",그 소리나 향기를 맡으면 어떤 기억이 떠올라요?,재작성,재작성,'오늘' 재료가 부족한 시점에 노출 + 감각 기억을 요구
334,334,이번 주 가장 꽂혔던 키워드는 뭐였나요?,요즘 가장 꽂혀 있는 키워드는 무엇인가요?,자주 떠오르는 단어에 요즘의 내가 담겨 있어요.,검색창이나 대화에 자주 등장하는 단어를 떠올려봐요.,그 키워드에 꽂힌 이유는 뭐예요?,재작성,재작성,이번 주 (관측 7회 중 3회)
335,335,오늘 쓴 돈이나 시간 중 가심비 최고였던 건 무엇이었나요?,돈이 아깝지 않았던 소비는 무엇인가요?,돈을 썼는데도 오히려 채워진 느낌이 드는 소비가 있어요.,"물건, 경험, 선물, 음식 중에 떠올려봐요.",그 소비가 아깝지 않았던 이유는 뭐예요?,재작성,재작성,오늘 소비가 없으면 답 불가 + '가심비' 개념 해석 부담
336,336,오늘 내 복잡한 마음을 잠시 쉬게 해준 건 무엇이었나요?,복잡한 마음을 잠시 쉬게 해주는 것은 무엇인가요?,생각을 잠시 멈추게 해주는 것이 있으면 든든해요.,"좋아하는 활동, 장소, 물건, 사람을 떠올려봐요.",그게 나를 쉬게 하는 이유는 뭘까요?,재작성,재작성,오늘 + 복잡한 마음 전제
337,337,오늘 온전한 휴식시간을 보냈나요?,나에게 진짜 휴식은 어떤 모습인가요?,진짜 쉼의 모습은 사람마다 정말 달라요.,"혼자 누워 있기, 산책, 사람 만나기, 취미 즐기기를 떠올려봐요.",그렇게 쉬고 나면 어떤 에너지가 생겨요?,재작성,재작성,예/아니오 닫힌 질문 + 오늘 쉬지 못한 사람은 할 말이 없음
338,338,오늘 새롭게 알게 된 것 중 더 궁금해진 건 무엇이었나요?,더 깊이 알고 싶은 분야나 주제는 무엇인가요?,더 알고 싶은 마음은 새로운 나를 여는 문이에요.,요즘 자꾸 찾아보게 되는 분야나 주제를 떠올려봐요.,그 주제가 궁금해진 계기는 뭐예요?,재작성,재작성,'새로 알게 된 것'이 없을 가능성이 높음 + 이중 조건(알게 된 것 중 더 궁금해진 것)
344,344,오늘 갑자기 멍해진 순간이 있었나요?,멍하니 있고 싶을 때는 언제인가요?,멍하니 있고 싶은 순간은 마음이 쉬고 싶다는 신호일 수 있어요.,"퇴근길, 잠들기 전, 창밖을 볼 때를 떠올려봐요.",멍하니 있고 나면 어떤 기분이 들어요?,재작성,재작성,오늘 + 예/아니오
345,345,최근 나에게 고생했다고 토닥여주고 싶은 날은 언제였나요?,고생한 나를 토닥여주고 싶은 날은 주로 어떤 날인가요?,버겁지만 끝까지 해낸 날은 토닥여줄 만해요.,"바빴던 날, 참았던 날, 애썼던 날을 떠올려봐요.",그날의 나에게 건네고 싶은 한마디는 뭐예요?,재작성,경미 수정,최근 + 회상 (관측 6회 중 4회)
347,347,"오늘 속으로 나를 가만히 안아준 적이 있다면, 어떤 순간이었나요?",힘든 날 나를 달래주는 나만의 방법은 무엇인가요?,힘든 날 나를 달래는 방법이 있으면 든든해요.,"따뜻한 음식, 좋아하는 노래, ""괜찮아""라는 혼잣말을 떠올려봐요.",그 방법이 나에게 잘 맞는 이유는 뭘까요?,재작성,재작성,오늘 + 경험 전제 + 추상적 표현('속으로 안아준')의 3중 장벽
348,348,오늘 하루를 관통한 감정에 이름을 붙인다면 무엇일까요?,"요즘 내 마음은 기쁨, 불안, 평온 중 어디에 가까운가요?",요즘 내 곁을 지키는 기분에 이름을 붙여봐요.,"기쁨, 불안, 평온 중 가장 가까운 걸 골라봐요.",그 마음이 된 이유는 뭐라고 생각해요?,재작성,재작성,오늘 + '관통한 감정' 추상
349,349,"울컥하거나 감정이 터질 뻔한 순간, 어떻게 넘겼나요?",울컥할 때 나는 주로 어떻게 넘기나요?,감정이 파도처럼 밀려올 때가 있어요.,"솔직하게 표현하는지, 꾹 눌러 담는지 떠올려봐요.",그렇게 넘기고 나면 마음이 어떻게 달라져요?,재작성,재작성,무거운 감정 회상 + 경험 전제
350,350,몸과 마음이 기분 좋게 늘어진 순간이 있었나요?,몸과 마음이 기분 좋게 늘어지는 순간은 언제인가요?,긴장이 탁 풀리는 순간은 소중한 쉼이에요.,"따뜻한 이불 속, 샤워 후, 주말 오후를 떠올려봐요.",이런 편안함을 더 자주 느끼려면 무엇이 필요할까요?,재작성,재작성,예/아니오 닫힌 질문 + 경험 전제
351,351,"내 안에서 낯선 감정이 고개를 들었던 적이 있다면, 어떤 느낌이었나요?",스스로도 놀랐던 내 감정 반응은 무엇인가요?,평소의 나답지 않은 반응에 새로운 내가 숨어 있어요.,"생각보다 크게 웃거나 울었던 순간, 의외로 덤덤했던 순간을 떠올려봐요.",그 반응이 놀라웠던 이유는 뭘까요?,재작성,재작성,'낯선 감정이 고개를 든' 은유 + 경험 전제
352,352,"나를 가장 잘 설명해주는 노래 한 소절이 있다면, 어떤 노래인가요?",나를 가장 잘 설명해주는 노래는 무엇인가요?,"들을 때마다 ""이건 내 얘기야"" 싶은 노래가 있죠.","가사, 분위기, 멜로디 중 뭐가 나와 닮았는지 떠올려봐요.",그 노래가 나를 설명해주는 이유는 뭐예요?,재작성,경미 수정,노래 한 소절 요구 + 전제 (관측 1/1)
353,353,오늘 내 자신에게 칭찬 한 마디를 남긴다면 무엇일까요?,내가 나에게 가장 듣고 싶은 칭찬은 무엇인가요?,나에게 하는 칭찬은 다른 사람의 칭찬만큼 힘이 돼요.,"성실함, 다정함, 끈기처럼 인정받고 싶은 부분을 떠올려봐요.",그 칭찬을 오늘 나에게 해준다면 어떨까요?,재작성,재작성,하루가 끝나지 않은 시점에는 칭찬할 거리가 없음
354,354,오늘 하루 감정 그래프를 그리면 어떤 모양일까요?,요즘 내 마음 상태를 점수로 매기면 몇 점인가요?,마음 상태를 숫자로 보면 더 선명해져요.,0점부터 10점 사이에서 골라봐요.,그 점수를 1점 올리려면 뭐가 필요할까요?,재작성,재작성,오늘 하루가 진행 중이면 그래프를 그릴 수 없음 + 시각화 요구 부담
355,355,오늘 감정을 억누르기 힘든 순간이 있었나요?,감정을 억누르기 힘든 순간은 주로 언제인가요?,참으려 해도 불쑥 튀어나오는 감정이 있어요.,"피곤할 때, 억울할 때, 무시당했다고 느낄 때를 떠올려봐요.",그 감정이 전하려는 진심은 뭘까요?,재작성,재작성,오늘 + 예/아니오
356,356,"오늘 아주 잠깐이라도 행복이 스친 순간이 있다면, 어떤 순간이었나요?",나를 기분 좋게 하는 사소한 것은 무엇인가요?,거창하지 않아도 입가에 미소가 번지는 것들이 있어요.,"좋아하는 음료, 햇살, 귀여운 동물, 반가운 연락을 떠올려봐요.",그게 기분 좋은 이유는 뭘까요?,재작성,재작성,오늘 + '있다면' 전제. 레벨1인데도 장벽 높음
357,357,"축 처져 있다가 기분이 다시 살아난 계기가 있다면, 어떤 건가요?",기분이 처질 때 나를 살려내는 것은 무엇인가요?,무거운 기분을 가볍게 해주는 나만의 치트키가 있어요.,"음식, 사람, 음악, 잠, 산책을 떠올려봐요.",그게 통하는 이유는 뭘까요?,재작성,재작성,경험 전제 + 앞부분 조건이 김
358,358,"오늘 내 마음이 회색빛처럼 흐릿했던 때가 있다면, 어떤 순간이었나요?",마음이 흐릿하고 가라앉는 날은 주로 어떤 날인가요?,마음이 흐릿한 날에도 이유가 있을 수 있어요.,"날씨, 피로, 사람, 해야 할 일을 떠올려봐요.",그런 날의 나에게 어떤 말을 해주고 싶어요?,재작성,재작성,오늘 + 은유('회색빛') + 전제 3중
359,359,요즘 나를 든든하게 지탱해주는 감정은 무엇인가요?,나를 든든하게 지탱해주는 감정은 무엇인가요?,내 안에서 뿌리 깊게 자리 잡은 긍정적인 힘이 있나요?,"그 에너지는 어디서 공급받고, 어떻게 유지되고 있나요?",나를 버티게 해주는 그 고마운 마음에게 인사해봐요.,유지,경미 수정,요즘 (관측 3회 중 2회 양호)
360,360,오늘 하루 중 가장 단골손님처럼 찾아온 감정은 무엇인가요?,요즘 가장 자주 느끼는 감정은 무엇인가요?,자꾸 찾아오는 감정은 나에게 할 말이 있을지도 몰라요.,"기쁨, 피곤함, 설렘, 걱정 중에 떠올려봐요.",그 감정이 나에게 하고 싶은 말은 뭘까요?,재작성,재작성,오늘 + 은유('단골손님처럼') 해석 부담
361,361,오늘 감정이 내 예상과 전혀 다르게 흘러갔나요?,"내 기분은 예측이 잘 되는 편인가요, 변덕스러운 편인가요?",기분의 흐름에도 나만의 패턴이 있어요.,하루 동안 기분이 어떻게 변하는지 떠올려봐요.,내 기분을 흔드는 건 주로 뭐예요?,재작성,재작성,오늘 + 예/아니오 + '예상과 다르게' 추상
362,362,"오늘 감정의 온도가 급격히 변한 시점이 있다면, 어떤 때였나요?",기분이 갑자기 바뀌는 순간은 주로 언제인가요?,기분이 바뀌는 순간을 알면 나를 더 잘 돌볼 수 있어요.,"배고플 때, 피곤할 때, 누군가의 말을 들었을 때를 떠올려봐요.",그 순간을 미리 알아채면 어떻게 대처할 수 있을까요?,재작성,재작성,오늘 + 경험 전제 + 추상 은유('감정의 온도')
363,363,감정이 멈추거나 굳어버린 것 같은 기분이 들었나요?,감정이 무뎌졌다고 느낄 때 나는 어떻게 하나요?,감정이 무뎌지는 건 쉬고 싶다는 신호일 수도 있어요.,"잠, 산책, 좋아하는 것 찾기, 사람 만나기를 떠올려봐요.",그렇게 하면 감정이 다시 살아나나요?,재작성,재작성,예/아니오 + 은유 + 무거움
364,364,최근 나를 가장 강하게 흔들어 놓은 감정은 무엇인가요?,나를 가장 강하게 흔드는 감정은 무엇인가요?,유독 강하게 나를 흔드는 감정이 있어요.,"분노, 불안, 설렘, 서운함 중에 떠올려봐요.",그 감정 아래 숨은 나의 바람은 뭘까요?,재작성,재작성,최근 제한
365,365,오늘 나를 가장 진 빠지게 만든 감정은 무엇인가요?,나를 가장 쉽게 지치게 만드는 것은 무엇인가요?,에너지를 쑥 빼앗아 가는 것들이 있어요.,"사람, 상황, 생각, 일 중에 떠올려봐요.",그것으로부터 나를 지키는 방법은 뭐예요?,재작성,재작성,오늘 + 부정 감정을 곱씹게 함
367,367,"이번 주에 아직 꺼내지 못한 감정이 있다면, 무엇인가요?",속으로만 담아두는 감정은 주로 어떤 감정인가요?,꺼내지 않고 담아두는 감정이 있죠.,"서운함, 부러움, 불안, 고마움 중에 떠올려봐요.",그 감정을 꺼내기 어려운 이유는 뭘까요?,재작성,재작성,이번 주 + 전제 + '꺼내지 못한' 추상
368,368,지금 내 기분을 딱 한 단어로 정의한다면 뭘까요?,지금 내 기분을 한 단어로 말하면 무엇인가요?,머릿속을 스치는 가장 직관적인 단어 하나를 골라봐요.,왜 그 단어가 지금 내 마음의 대표가 되었을까요?,내일은 어떤 단어로 내 하루를 꾸며보고 싶나요?,유지,경미 수정,'지금' + '정의한다면' (관측 2회 중 1회)
369,369,오늘 내가 필사적으로 피하고 싶었던 감정은 무엇인가요?,가장 마주하기 싫은 감정은 무엇인가요?,마주하기 불편한 감정은 누구에게나 있어요.,"부끄러움, 외로움, 질투, 무력감을 떠올려봐요.",그 감정을 피하게 되는 이유는 뭘까요?,재작성,재작성,오늘 + '필사적으로' 과한 강도 표현
370,370,"오늘 아침, 눈을 떴을 때 가장 먼저 든 기분은 무엇인가요?",아침에 눈을 뜨면 가장 먼저 드는 기분은 주로 어떤가요?,눈 뜨는 순간의 기분이 하루의 첫 색깔이 되기도 해요.,"개운함, 피곤함, 설렘, 막막함 중에 떠올려봐요.",그 첫 기분을 바꾸고 싶다면 뭘 해볼 수 있을까요?,재작성,노출 시간 조정 + 재작성,오늘 아침 기반 (아침 노출 시 유효)
373,373,"오늘이 지나도 꼭 간직하고 싶은 감정이 있다면, 어떤 건가요?",오래 간직하고 싶은 감정은 무엇인가요?,오래 간직하고 싶은 감정이 있다면 그건 나의 보물이에요.,"설렘, 뿌듯함, 따뜻함, 평온함을 떠올려봐요.",그 감정을 다시 느끼게 해주는 건 뭐예요?,재작성,재작성,오늘 + 전제
374,374,오늘 느낀 감정 중 다시 느끼고 싶지 않은 건 무엇인가요?,다시 느끼고 싶지 않은 감정은 무엇인가요?,다시 만나고 싶지 않은 감정도 있죠.,"불안, 서운함, 후회, 외로움 중에 떠올려봐요.",그 감정이 찾아오면 나를 어떻게 지켜요?,재작성,재작성,오늘 + 부정 감정 반추
376,376,"오늘 감정을 말로 설명하기 참 어려웠던 순간이 있다면, 어떤 때였나요?",감정을 말로 표현하는 게 쉬운 편인가요?,감정을 말로 옮기는 건 생각보다 어려운 일이에요.,기쁠 때와 속상할 때를 나눠서 떠올려봐요.,말로 표현하기 어려울 땐 어떻게 전해요?,재작성,재작성,오늘 + 전제 + 문장 김
377,377,"오늘 완전히 방전됐다가 다시 충전된 순간이 있다면, 어떤 때였나요?",방전됐을 때 나를 다시 충전해주는 것은 무엇인가요?,에너지가 바닥났을 때 나를 다시 일으키는 게 있어요.,"잠, 음식, 사람, 혼자만의 시간을 떠올려봐요.",나만의 급속 충전 방법을 하나 정한다면 뭐예요?,재작성,재작성,오늘 + 전제 + 방전·충전 이중
379,379,가장 많이 울었던 날은 언제였나요?,울고 나면 기분이 나아지는 편인가요?,울고 난 뒤의 마음은 사람마다 달라요.,"후련함, 허탈함, 개운함 중에 떠올려봐요.","울고 싶을 때 나는 참는 편인가요, 우는 편인가요?",재작성,재작성,가장 많이 운 날 회상 (무거움 + 자기노출)
383,383,내 모습을 숨김없이 다 보여준다면 어떤 일이 벌어질 것 같나요?,사람들이 잘 모르는 나의 의외의 모습은 무엇인가요?,의외의 모습이 오히려 나를 더 잘 보여주기도 해요.,"겉모습과 다른 취향, 성격, 습관을 떠올려봐요.",그 모습을 알면 사람들이 어떤 반응일 것 같아요?,재작성,재작성,자기노출 상상 + 깊은 성찰
384,384,"나도 이해 안 되는 내 모습이 있다면, 어떤 모습인가요?",나도 가끔 이해 안 되는 내 습관은 무엇인가요?,"""왜 나는 이러지?"" 싶은 습관이 하나쯤 있죠.","먹는 습관, 말버릇, 미루는 습관을 떠올려봐요.",그 습관이 생긴 이유를 짐작해볼까요?,재작성,재작성,자기 모순 인정 요구 + 전제
385,385,나의 어떤 면을 아직 받아들이지 못하고 있나요?,스스로 더 아껴주고 싶은 나의 모습은 무엇인가요?,아껴주고 싶은 모습은 그만큼 애쓰는 나의 모습이에요.,"늘 참는 나, 열심히 하는 나, 여린 나를 떠올려봐요.",그 모습에게 어떤 말을 해주고 싶어요?,재작성,재작성,받아들이지 못한 면 고백 (무거움)
386,386,지금 겪고 있는 힘든 일이 있다면 무엇인가요?,힘든 일이 생기면 나는 주로 어떻게 버티나요?,힘든 시간을 버티는 방식은 사람마다 달라요.,"혼자 견디기, 털어놓기, 바쁘게 지내기, 잠시 멈추기를 떠올려봐요.",그 방식이 나를 어떻게 지켜주나요?,재작성,재작성,힘든 일이 없으면 답 불가 + 즉시 무거운 고백 요구
388,388,내 삶에서 가장 들키기 싫은 건 무엇인가요?,나만 알고 싶은 나의 작은 비밀 취향은 무엇인가요?,나만 알고 싶은 취향은 은밀한 즐거움이에요.,"혼자 즐기는 음식, 콘텐츠, 습관을 떠올려봐요.",그 취향을 숨기고 싶은 이유는 뭐예요?,재작성,재작성,"들키기 싫은 것 고백 (자기노출 과다, 관측 2회 중 0회)"
396,396,"참다 참다 폭발한 적이 있다면, 어떤 상황이었나요?","참다가 폭발하는 편인가요, 그때그때 표현하는 편인가요?",감정을 표현하는 타이밍은 사람마다 달라요.,서운한 일이 생겼을 때의 나를 떠올려봐요.,그 방식이 관계에 어떤 영향을 주나요?,재작성,재작성,폭발 경험 전제 + 부정적
399,399,"울고 싶어도 꾹 참아야만 했던 순간, 주저하게 만든 건 무엇이었나요?","울고 싶을 때 참는 편인가요, 우는 편인가요?",눈물을 대하는 방식은 사람마다 달라요.,울고 싶을 때의 나를 떠올려봐요.,참거나 울고 나면 마음이 어떻게 달라져요?,재작성,재작성,참아야 했던 눈물 회상 (무거움 + 문장 김)
401,401,슬픈 영화나 노래를 일부러 찾아보며 감정을 쏟아내고 싶었던 적이 있나요?,"슬플 때 슬픈 노래를 듣는 편인가요, 신나는 노래를 듣는 편인가요?",슬플 때 찾는 노래에 감정을 다루는 방식이 보여요.,"슬픔에 푹 빠지는지, 신나는 걸로 바꾸는지 떠올려봐요.",그렇게 하고 나면 기분이 어떻게 달라져요?,재작성,재작성,예/아니오 + 특정 행동 경험 전제
403,403,"밤에 갑자기 불안해진 적이 있다면, 어떤 생각이 찾아왔나요?","잠 못 드는 밤, 나를 진정시키는 방법은 무엇인가요?",잠 못 드는 밤에는 나만의 방법이 필요해요.,"심호흡, 음악, 따뜻한 차, 생각 적기를 떠올려봐요.",그 방법이 효과 있는 이유는 뭘까요?,재작성,재작성,밤 불안 경험 전제 + 무거움
404,404,실패가 두려운 편인가요? 어떤 실패가 가장 무서운가요?,가장 두려운 실패는 어떤 실패인가요?,두려운 실패에는 내가 지키고 싶은 게 담겨 있어요.,"관계, 일, 시험, 기대 중에 떠올려봐요.",그 실패가 두려운 이유는 뭐예요?,재작성,재작성,두 질문 연결
405,405,걱정이 많은 편인가요? 요즘 가장 큰 걱정은 뭔가요?,걱정이 생기면 나는 주로 어떻게 하나요?,걱정을 다루는 방식은 사람마다 달라요.,"바로 해결하기, 털어놓기, 잊으려 하기를 떠올려봐요.",그 방식이 걱정을 줄여주나요?,재작성,재작성,두 질문 연결 + '요즘' (관측 2회 중 0회)
409,409,나이가 들면서 감정이 변했나요?,나이가 들면서 가장 달라진 감정은 무엇인가요?,나이가 들면서 감정도 조금씩 모양이 바뀌어요.,더 커진 감정과 작아진 감정을 떠올려봐요.,"그 변화가 성장인가요, 무뎌진 건가요?",재작성,재작성,예/아니오 닫힌 질문 (관측 7회 중 3회)
417,417,"최근에 시작한 일 중 루틴에 넣고 싶은 일이 있다면, 어떤 건가요?",루틴으로 만들고 싶은 일은 무엇인가요?,루틴으로 만들고 싶은 일에는 바라는 내 모습이 담겨 있어요.,"운동, 기록, 독서, 정리처럼 떠올려봐요.",그 일을 꾸준히 하려면 뭐가 필요할까요?,재작성,재작성,최근 + 전제 + 조건 겹침
419,419,"잠 들기 전 꼭 하는 일이 있다면, 어떤 건가요?",잠들기 전 주로 무엇을 하나요?,"자기 전에 릴스 보기, 팩 붙이기 또는 스트레칭하기 등 다양한 활동을 하곤 해요.",자기 전에 그 일을 하는 이유는 무엇인가요?,자기 전 루틴으로 추가하고 싶은 일이 있나요?,유지,재작성,'꼭 하는 일' 전제 (루틴이 없으면 답 불가)
423,423,오늘 나를 정신없이 달리게 만든 주범은 무엇인가요?,요즘 나를 정신없이 바쁘게 하는 것은 무엇인가요?,정신없이 바쁜 요즘의 나를 돌아봐요.,"일, 공부, 약속, 집안일 중에 떠올려봐요.","그 바쁨이 나를 채워주나요, 지치게 하나요?",재작성,재작성,오늘 + '주범' 은유
425,425,오늘 아무 생각 없이 기계적으로 반복한 행동은 무엇인가요?,아무 생각 없이 반복하는 나의 습관은 무엇인가요?,아무 생각 없이 반복하는 습관에 나의 편안함이 숨어 있어요.,"휴대폰 확인, 손톱 만지기, 혼잣말을 떠올려봐요.","그 습관이 나를 편안하게 하나요, 바꾸고 싶나요?",재작성,재작성,오늘 + 무의식 행동 자각 어려움
426,426,오늘 나의 에너지를 가장 많이 잡아먹은 일은 무엇인가요?,요즘 나의 에너지를 가장 많이 쓰게 하는 일은 무엇인가요?,에너지를 가장 많이 쓰는 곳에 요즘의 내가 있어요.,"일, 관계, 걱정, 공부 중에 떠올려봐요.",그 소모가 보람차게 느껴지나요?,재작성,재작성,오늘 기반
427,427,오늘 몸이 가장 바쁘게 움직였던 시간은 언제인가요?,하루 중 몸이 가장 바쁜 시간은 언제인가요?,몸이 가장 바쁜 시간에 하루의 리듬이 보여요.,"출근 준비, 점심시간, 퇴근 후를 떠올려봐요.",그 시간을 조금 여유롭게 만들 방법이 있을까요?,재작성,재작성,오늘 기반
428,428,계속 미루고 있는 일 하나를 지금 꺼낸다면 무엇인가요?,계속 미루고 있는 일 하나는 무엇인가요?,마음 한구석에 얹혀 있는 숙제 같은 일이 있죠.,"정리, 연락, 병원, 서류 같은 일을 떠올려봐요.",5분 안에 할 수 있는 첫 단계는 뭐예요?,재작성,재작성,'지금 꺼낸다면' 모호한 표현
429,429,요즘 내 삶에 기분 좋게 스며든 나만의 루틴은 무엇인가요?,요즘 기분 좋게 자리 잡은 나의 루틴은 무엇인가요?,반복할수록 마음이 편안해지는 나만의 루틴이 생겼나요?,그 리듬이 나에게 참 잘 맞는다고 느끼는 이유는 무엇인가요?,이 건강한 흐름을 오래 지키기 위해 필요한 노력이 있다면?,유지,경미 수정,요즘 + '스며든' 은유 (관측 1/1)
430,430,오늘 조금 과하다 싶었던 나의 행동은 무엇이었나요?,나도 모르게 과하게 하는 것은 무엇인가요?,나도 모르게 과해지는 게 있죠.,"휴대폰, 간식, 걱정, 쇼핑 중에 떠올려봐요.",조금씩 줄여가는 나만의 방법이 있을까요?,재작성,재작성,오늘 + 과한 행동 인정 요구
431,431,오늘 하루 종일 가장 많이 반복한 행동은 무엇이었나요?,하루 중 가장 많이 반복하는 행동은 무엇인가요?,하루 중 가장 많이 반복하는 행동에 내 일상이 담겨 있어요.,"휴대폰 보기, 물 마시기, 한숨 쉬기처럼 떠올려봐요.",그 행동이 나에게 어떤 의미인가요?,재작성,재작성,오늘 + 행동 자각 어려움
432,432,오늘은 하루를 계획적으로 보냈나요 아니면 즉흥적으로 보냈나요?,"나는 계획적으로 사는 편인가요, 즉흥적으로 사는 편인가요?",하루를 보내는 방식에 나의 리듬이 담겨 있어요.,꽉 짜인 일정과 흘러가는 대로의 하루를 떠올려봐요.,나에게 가장 잘 어울리는 하루의 모양은 뭐예요?,재작성,재작성,오늘 + 하루 전체를 평가해야 함
433,433,오늘 루틴 중에서 나를 칭찬해주고 싶은 순간은 무엇인가요?,내 루틴 중에서 스스로 칭찬해주고 싶은 것은 무엇인가요?,어김없이 해내는 작은 약속이 있다면 칭찬해줄 만해요.,"물 마시기, 일찍 일어나기, 정리하기처럼 떠올려봐요.",그 루틴이 나에게 주는 힘은 뭐예요?,재작성,재작성,오늘 + 루틴 + 칭찬 이중
434,434,"아침이나 저녁, 평소와 달랐던 순간은 언제였나요?","아침형인가요, 저녁형인가요? 하루 중 가장 좋아하는 시간은?",하루 중 좋아하는 시간에 나의 리듬이 담겨 있어요.,상쾌한 아침과 고요한 밤을 떠올려봐요.,그 시간이 좋은 이유는 뭐예요?,재작성,재작성,'평소와 달랐던 순간' 모호 + 회상 (관측 3회 중 0회)
435,435,오늘 정리한 나의 생활이나 마음은 무엇이었나요?,요즘 정리하고 싶은 것은 무엇인가요? 물건도 마음도 좋아요.,정리하고 싶은 것에는 가벼워지고 싶은 마음이 담겨 있어요.,"옷장, 휴대폰 사진첩, 관계, 생각을 떠올려봐요.",그걸 정리하면 어떤 기분일 것 같아요?,재작성,재작성,오늘 + '정리한 생활이나 마음' 모호
437,437,"손이 안 가서 끝까지 붙잡고 있었던 일이 있다면, 어떤 건가요?",끝내지 못하고 붙잡고 있는 일은 무엇인가요?,끝내지 못한 일은 마음 한구석에 남아 있죠.,"손이 안 가는 일, 시작만 한 일을 떠올려봐요.",그 일을 끝내지 못하는 진짜 이유는 뭘까요?,재작성,재작성,'손이 안 가서 붙잡고 있던' 의미 모호 + 전제
438,438,"운동을 시작하게 된 계기가 있다면, 어떤 건가요?",몸을 움직이고 싶어지는 계기는 무엇인가요?,몸을 움직이고 싶어지는 계기는 사람마다 달라요.,"좋은 날씨, 스트레스, 건강 걱정, 친구의 권유를 떠올려봐요.",그 계기가 생기면 주로 어떻게 움직여요?,재작성,재작성,운동 경험 전제
439,439,좋아하는 운동은 어떤 운동인가요?,좋아하는 운동이나 몸을 움직이는 방법은 무엇인가요? 산책도 좋아요.,몸을 움직이는 방법은 운동만 있는 게 아니에요.,"산책, 스트레칭, 춤, 자전거를 떠올려봐요.",그 방법이 좋은 이유는 뭐예요?,재작성,재작성,운동 전제 (안 하는 사람 답 불가)
440,440,운동이 나에게 주는 가장 큰 선물은 무엇인가요?,몸을 움직이면 나에게 어떤 변화가 생기나요?,몸을 움직이고 나면 몸도 마음도 달라지곤 해요.,"체력, 기분, 잠, 자신감 중에 떠올려봐요.",그 변화가 나의 일상에 어떤 영향을 줘요?,재작성,재작성,운동 전제
443,443,"집중이 잘 되는 시간대가 있다면, 언제인가요?",집중이 가장 잘 되는 시간대는 언제인가요?,"아침, 낮, 밤 중 언제 머리가 가장 잘 돌아가는지 떠올려봐요.",그 시간대를 잘 활용하고 있나요?,내 집중 리듬을 안다는 게 나에게 어떤 도움을 주나요?,유지,경미 수정,전제형 (대부분 답 가능)
444,444,어디서 공부하는 게 가장 잘 되나요?,카페와 집 중 어디서 더 집중이 잘 되나요?,집중이 잘 되는 장소는 사람마다 달라요.,카페의 적당한 소음과 집의 편안함을 떠올려봐요.,그 장소의 어떤 점이 나에게 맞나요?,재작성,재작성,공부 전제
445,445,공부할 때 음악을 듣는 편인가요? 어떤 분위기의 음악인가요?,"집중할 때 음악을 듣는 편인가요, 조용한 게 좋은가요?",집중하는 환경에도 나만의 취향이 있어요.,음악이 흐르는 환경과 고요한 환경을 떠올려봐요.,소리가 있을 때와 없을 때 나는 어떻게 달라져요?,재작성,재작성,공부 전제 + 두 질문 연결
447,447,"여러 일을 동시에 챙기는 편인가요, 아니면 하나에 깊이 몰입하는 편인가요?","여러 일을 동시에 하는 편인가요, 하나에 몰입하는 편인가요?",한꺼번에 많은 일을 할 때 내 마음은 보통 어떤 상태인지 가만히 살펴보세요.,어느 쪽일 때 내가 더 편안하게 능력을 발휘한다고 느끼는지 궁금해요.,나만의 작업 스타일에서 비롯되는 결과물의 특징이 있을까요?,유지,재작성,문장이 김 (양자택일)
448,448,공부하다 막히면 어떻게 하나요?,무언가 하다 막히면 나는 어떻게 하나요?,막혔을 때의 반응은 사람마다 달라요.,"바로 물어보기, 혼자 끙끙대기, 잠시 쉬기를 떠올려봐요.",그 방식이 다른 상황에서도 비슷하게 나타나나요?,재작성,재작성,공부 전제
450,450,"집중이 안 될 때 나를 다시 잡아주는 나만의 방법이 있다면, 어떤 건가요?","집중이 안 될 때 잠깐 쉬는 편인가요, 억지로라도 버티는 편인가요?",집중이 풀릴 때 나만의 방법이 있으면 좋잖아요.,잠깐 쉬기와 억지로 버티기 중 뭐가 더 효과적인지 떠올려봐요.,그 방법이 통하는 이유는 뭘까요?,재작성,재작성,'나만의 방법'이 있어야 답할 수 있음
451,451,"번아웃이 온 적이 있다면, 어떤 상황에서였나요?",지쳤다는 걸 알려주는 나만의 신호는 무엇인가요?,지쳤다는 신호는 몸과 마음이 먼저 보내요.,"잠, 식욕, 말수, 표정의 변화를 떠올려봐요.",그 신호를 느끼면 나는 어떻게 해요?,재작성,재작성,번아웃 경험 전제 + 무게
452,452,공부하다 잠깐 쉴 때 주로 뭘 하나요?,무언가 하다가 잠깐 쉴 때 주로 무엇을 하나요?,쉬는 시간에 하는 일이 진짜 쉼이 되기도 해요.,"스트레칭, 휴대폰, 간식, 산책을 떠올려봐요.",그게 진짜 쉼이 되나요?,재작성,재작성,공부 전제 (관측 4회 중 3회 양호)
453,453,"쉬고 있는데도 불안했던 적이 있다면, 그 불안은 어디에서 오는 걸까요?",마음 편히 쉬기 어려울 때는 언제인가요?,쉬어도 마음이 편하지 않을 때가 있어요.,"할 일이 남았을 때, 남들이 바쁠 때를 떠올려봐요.",그 불안은 어디서 오는 걸까요?,재작성,재작성,경험 전제 + 원인 분석까지 요구(이중 질문)
456,456,"공부나 작업할 때 옆에 꼭 있어야 편한 것이 있다면, 어떤 건가요?",무언가에 집중할 때 옆에 꼭 있어야 하는 것은 무엇인가요?,옆에 있어야 마음이 놓이는 것들이 있잖아요.,"텀블러, 음악, 간식, 향처럼 나만의 안정 아이템을 떠올려봐요.",그것이 곁에 있으면 어떤 점이 달라지나요?,재작성,재작성,공부·작업 + 전제 (관측 2/2)
457,457,물건을 잘 버리는 편인가요? 버릴 때 기준이 있다면 어떤 건가요?,"물건을 잘 버리는 편인가요, 모아두는 편인가요?",물건을 대하는 방식에 내 성향이 보여요.,안 쓰는 물건 앞에서 고민하는 나를 떠올려봐요.,버리기 어렵거나 쉬운 이유는 뭘까요?,재작성,재작성,두 질문 연결 + 기준 전제
458,458,물건의 자리가 정해져 있는 편인가요? 나만의 정리 규칙이 있다면 어떤 건가요?,"물건의 자리를 정해두는 편인가요, 그때그때 두는 편인가요?",물건의 자리에도 나만의 규칙이 있어요.,"열쇠, 휴대폰 충전기, 자주 쓰는 물건을 떠올려봐요.",정해진 자리가 나에게 어떤 안정감을 주나요?,재작성,재작성,두 질문 연결 (관측 3회 중 2회)
459,459,지금 내 방 상태가 어떤가요?,지금 내 방을 한 단어로 표현하면 무엇인가요?,내 방은 요즘의 나를 닮아 있을지도 몰라요.,방을 둘러보면서 떠오르는 단어를 골라봐요.,지금 방 상태가 요즘 내 마음과 비슷한 것 같나요?,재작성,재작성,"'지금' + 방 상태 (답이 단조로움, 노출 0회)"
460,460,"주변이 어수선할 때 그대로 두는 편인가요, 아니면 정리를 해야만 마음이 편해지나요?","주변이 어수선하면 바로 치우는 편인가요, 그냥 두는 편인가요?",어수선한 공간에서의 나를 떠올려봐요.,정리 안 된 공간이 스트레스를 주나요?,정리 안 된 공간에서 어떤 행동을 취하는지 궁금해요.,유지,재작성,문장이 김 (양자택일)
462,462,"지금 당장 버리고 싶은 것이 있다면, 어떤 건가요?",지금 당장 버리고 싶은 것은 무엇인가요? 물건도 습관도 좋아요.,없어지면 시원할 것 같은 것들이 있죠.,"안 쓰는 물건, 버리고 싶은 습관, 쌓인 파일을 떠올려봐요.",왜 아직 버리지 못했을까요?,재작성,경미 수정,전제형
464,464,"운동할 때 꼭 듣는 음악이 있다면, 어떤 건가요?",몸을 움직일 때 꼭 듣는 음악은 무엇인가요?,움직일 때 듣는 음악에는 나만의 리듬이 있어요.,"신나는 곡, 잔잔한 곡, 팟캐스트를 떠올려봐요.",그 음악이 움직임에 어떤 힘을 줘요?,재작성,재작성,운동 전제 (관측 4회 중 3회 양호)
465,465,"운동 전에 꼭 하는 루틴이 있다면, 어떤 건가요?",운동 전에 꼭 하는 것은 무엇인가요? 운동을 안 한다면 해보고 싶은 운동을 알려주세요.,"스트레칭, 커피, 음악 틀기 등 작은 것도 괜찮아요.",그 루틴이 없으면 운동 느낌이 달라지나요?,준비 과정이 나에게 어떤 역할을 하나요?,유지,재작성,운동 루틴 전제
466,466,"운동 후에 꼭 하는 것이 있다면, 어떤 건가요?",운동 후에 꼭 하는 것은 무엇인가요? 운동을 안 한다면 나만의 휴식법을 알려주세요.,"샤워, 프로틴, 셀카 등 뭐든 떠올려봐요.",그게 왜 중요하게 느껴지나요?,운동 후 루틴이 성취감과 연결되나요?,유지,재작성,운동 루틴 전제
467,467,운동할 때 혼자하는 것과 같이 하는 것 중 무엇이 더 좋은가요?,"몸을 움직일 때 혼자가 좋나요, 함께가 좋나요?","함께와 혼자, 둘 다 즐거움이 달라요.","산책, 운동, 춤처럼 몸을 움직일 때를 떠올려봐요.",그 선호가 생긴 이유가 있나요?,재작성,재작성,운동 전제 (양자택일로는 무난)
468,468,운동하면서 나 자신에 대해 알게 된 점이 있나요?,무언가를 꾸준히 하면서 알게 된 나의 모습은 무엇인가요?,꾸준히 하다 보면 새로운 나를 발견하게 돼요.,"인내심, 한계, 좋아하는 것을 떠올려봐요.",그 발견이 나를 이해하는 데 어떤 도움이 됐나요?,재작성,재작성,운동 경험 전제 + 자기 발견 요구
469,469,운동하기 싫은 날은 어떻게 하나요?,"귀찮은 날 나는 쉬는 편인가요, 그래도 하는 편인가요?",귀찮은 날의 선택에 나의 기준이 보여요.,"쉬는 날도 있고, 그래도 해내는 날도 있죠.",그 선택의 기준은 뭔가요?,재작성,재작성,운동 전제
470,470,"운동 목표가 있다면, 어떤 목표인가요?",몸과 관련해 이루고 싶은 목표는 무엇인가요?,몸과 관련된 목표는 구체적이든 막연하든 괜찮아요.,"건강, 체력, 자세, 잠처럼 떠올려봐요.","그 목표가 나를 움직이게 하나요, 부담을 주나요?",재작성,재작성,운동 목표 전제
471,471,"나만의 작은 성취를 기록하는 방식이 있다면, 어떤 건가요?",작은 성취를 느낄 때 나는 어떻게 스스로를 챙기나요?,작은 성취도 챙겨주면 뿌듯함이 오래가요.,"기록하기, 나에게 선물하기, 자랑하기를 떠올려봐요.",그렇게 챙기면 어떤 힘이 생겨요?,재작성,재작성,기록 습관 전제
472,472,"운동으로 성취감을 느낀 적이 있다면, 어떤 순간이었나요?",몸으로 해내서 뿌듯했던 순간은 언제인가요?,몸으로 해낸 순간은 오래 기억에 남아요.,"오래 걷기, 등산, 처음 해본 동작처럼 떠올려봐요.",그 성취감이 삶의 다른 부분에도 영향을 줬나요?,재작성,재작성,운동 성취 경험 전제
473,473,"물건을 살 때 가격을 꼼꼼히 따져보는 편인가요, 아니면 가격보다 더 중요하게 여기는 나만의 기준이 있나요?","물건을 살 때 가격이 먼저인가요, 마음에 드는 게 먼저인가요?",물건을 고르는 기준에 나의 우선순위가 담겨 있어요.,가격 비교와 첫눈에 반한 물건을 떠올려봐요.,그 기준으로 산 물건에 대체로 만족하나요?,재작성,재작성,문장 매우 김 + 두 선택지가 비대칭
476,476,"소비 습관 중 바꾸고 싶은 게 있다면, 어떤 건가요?",바꾸고 싶은 나의 소비 습관은 무엇인가요?,후회했던 소비들의 공통점이 있나요?,"왜 후회하는지, 그리고 왜 아직 못 바꿨는지 떠올려봐요.",이상적인 나의 소비 모습은 어떤 건가요?,유지,재작성,전제형
478,478,"돈 때문에 고민했던 경험이 있다면, 어떤 상황이었나요?",돈 걱정을 덜어주는 나만의 습관은 무엇인가요?,돈 걱정을 덜어주는 작은 습관이 있으면 든든해요.,"가계부, 자동 저축, 소비 목록 점검처럼 떠올려봐요.",그 습관이 마음에 어떤 여유를 줘요?,재작성,재작성,돈 고민 경험 전제 + 민감 주제
481,481,지금 구독하고 있는 서비스는 무엇이 있나요?,가장 잘 쓰고 있는 구독 서비스나 앱은 무엇인가요?,자주 쓰는 서비스에는 나의 일상이 담겨 있어요.,"음악, 영상, 배달, 공부 앱을 떠올려봐요.",그 서비스가 나에게 주는 즐거움은 뭐예요?,재작성,재작성,구독 서비스 전제 + 목록 나열 요구
483,483,"꿈을 기록해본 적이 있다면, 어떤 경험이었나요?",꿈을 자주 기억하는 편인가요?,꿈을 기억하는 정도는 사람마다 달라요.,깨자마자 떠오르는 장면이 있는지 떠올려봐요.,꿈이 나에게는 어떤 의미일까요?,재작성,재작성,꿈 기록 경험 전제
485,485,"밤에 갑자기 마음이 무거워진 적이 있다면, 어떤 생각이 찾아왔나요?",밤이 되면 생각이 많아지는 편인가요?,밤이 되면 달라지는 마음이 있죠.,낮에는 괜찮다가 밤에 떠오르는 생각을 떠올려봐요.,밤의 생각을 가볍게 하는 나만의 방법이 있나요?,재작성,재작성,밤 + 무거운 생각 경험 전제
489,489,"생각할 틈도 없이 자동으로 나오는 나만의 반응이 있다면, 어떤 건가요?",당황하면 나도 모르게 나오는 말이나 행동은 무엇인가요?,당황하면 나도 모르게 튀어나오는 반응이 있어요.,"웃음, 말 더듬기, 얼굴 빨개지기를 떠올려봐요.",그 반응을 알게 되면 나를 더 잘 이해할 수 있을까요?,재작성,재작성,'자동 반응' 자각 어려움 + 전제
490,490,"겉으론 '응'이라고 하지만 속으론 '싫어' 하는 게 있다면, 어떤 건가요?",겉으로는 '응' 하지만 속으로는 '싫어' 하는 것은 무엇인가요?,"마음은 싫은데 ""응""이라고 할 때가 있죠.","부탁, 약속, 모임을 떠올려봐요.","""아니""라고 말하기 어려운 이유는 뭘까요?",재작성,경미 수정,전제형 (관측 3회 중 2회)
491,491,오늘 충분히 휴식했나요?,충분히 쉬었다고 느끼려면 무엇이 필요한가요?,충분한 쉼의 조건은 사람마다 달라요.,"잠, 혼자만의 시간, 좋아하는 일을 떠올려봐요.",그 조건을 채우기 위해 할 수 있는 작은 일은 뭐예요?,재작성,재작성,오늘 + 예/아니오
492,492,"오늘 일과 삶의 균형을 위해 노력한 게 있다면, 어떤 건가요?",일과 쉼의 균형을 위해 지키고 싶은 것은 무엇인가요?,일과 쉼의 균형에는 나만의 규칙이 필요해요.,"퇴근 후 연락 안 보기, 주말 하루는 쉬기처럼 떠올려봐요.",나만의 균형 유지 비결을 한 문장으로 정리해봐요.,재작성,재작성,오늘 + 노력 전제 + 추상('일과 삶의 균형')
493,493,절친을 이성에게 소개한다면 누구인가요?,절친을 소개할 때 가장 먼저 말하고 싶은 장점은 무엇인가요?,절친의 매력을 말할 때 우정의 깊이가 보여요.,"성격, 재능, 다정함, 유머를 떠올려봐요.",그 장점이 내 눈에 가장 먼저 보이는 이유는 뭘까요?,재작성,재작성,특정 인물 지목 (관측 2회 중 0회)
498,498,어떤 연락 스타일을 갖고 있나요?,메시지와 전화 중 어떤 연락이 더 편한가요?,연락 방식에도 편한 스타일이 있어요.,목소리로 바로 전하기와 글로 천천히 전하기를 떠올려봐요.,그 방식이 편한 이유는 뭐예요?,재작성,재작성,#218과 같은 의도(연락 스타일) 중복
502,502,사람들과의 관계가 가장 크게 바뀌었던 순간은 언제인가요?,나이가 들며 관계를 대하는 방식이 어떻게 달라졌나요?,나이가 들며 관계를 대하는 방식도 달라져요.,"친구 수, 연락 빈도, 기대하는 것을 떠올려봐요.",그 변화가 지금의 나에게 어떤 영향을 줬을까요?,재작성,재작성,"회상형 (관계가 크게 바뀐 순간, 노출 0회)"
506,506,"나만 노력하는 것 같은 관계가 있다면, 어떤 관계인가요?","관계에서 내가 더 노력하는 편인가요, 받는 편인가요?",관계 속에서 주고받는 균형은 사람마다 달라요.,"먼저 연락하기, 챙겨주기, 챙김 받기를 떠올려봐요.",그 균형에 만족하는 편이에요?,재작성,재작성,특정 관계 전제 + 부정적
507,507,"가족이라서 참고 있는 게 있다면, 어떤 건가요?",가족에게 가장 솔직해지기 어려운 부분은 무엇인가요?,가족이라서 오히려 솔직해지기 어려운 부분이 있어요.,"걱정, 진로, 연애, 속마음을 떠올려봐요.",솔직해지기 어려운 이유는 뭘까요?,재작성,재작성,가족 갈등 노출 부담 + 경험 전제
508,508,"오래 알았는데 멀어진 사람이 있다면, 어떤 사이였나요?",사람과 멀어지는 가장 흔한 이유는 무엇이라고 생각하나요?,멀어지는 데에도 흔한 이유가 있죠.,"연락 빈도, 생활의 변화, 작은 오해를 떠올려봐요.",멀어지는 걸 막고 싶을 때 나는 어떻게 해요?,재작성,재작성,멀어진 사람 전제
509,509,"부모님한테 인정받고 싶은 마음이 있다면, 어떤 부분에서 인정받고 싶나요?",가족에게 인정받고 싶은 부분은 무엇인가요?,가족에게 인정받고 싶은 마음은 자연스러운 거예요.,"노력, 선택, 성격, 성취 중에 떠올려봐요.",인정받고 싶은 마음의 크기는 어떻게 변하고 있나요?,재작성,재작성,부모 관계 전제 + 인정 욕구 고백 부담
512,512,"상황이 사람을 바꾼다고 느꼈던 적이 있다면, 어떤 경험이었나요?",상황에 따라 내가 달라지는 모습은 무엇인가요?,상황에 따라 달라지는 내 모습도 모두 나예요.,"일할 때, 친구와 있을 때, 가족과 있을 때를 떠올려봐요.",그중 가장 편한 나는 어떤 모습이에요?,재작성,재작성,경험 전제 + 추상
513,513,"외로움이 무서워서 관계를 유지한 적이 있다면, 어떤 관계였나요?","혼자가 편한 편인가요, 함께가 편한 편인가요?","혼자와 함께, 둘 다 편안함이 달라요.",혼자 있는 주말과 사람들과 보내는 주말을 떠올려봐요.,그렇게 느끼는 이유는 뭘까요?,재작성,재작성,외로움 관련 고백 요구 (무게 과다)
514,514,"요즘 가장 신경쓰이는 사람이 있다면, 어떤 이유인가요?",신경 쓰이는 사람이 생기면 나는 어떻게 하나요?,신경 쓰이는 사람이 생기면 나도 모르게 달라지죠.,"자꾸 연락하기, 멀리서 지켜보기, 모른 척하기를 떠올려봐요.","그 마음이 걱정인지, 호감인지, 불편함인지 구분해볼까요?",재작성,재작성,요즘 + 신경 쓰이는 사람 전제 + 이유 요구
515,515,최근에 가장 기분 좋게 이야기를 나눈 사람은 누구인가요?,대화가 즐거운 사람의 공통점은 무엇인가요?,대화가 즐거운 사람에게는 공통점이 있어요.,"잘 들어주는 사람, 리액션이 좋은 사람, 관심사가 비슷한 사람을 떠올려봐요.",그 사람과 있을 때 나는 어떤 모습이에요?,재작성,재작성,최근 + 특정 인물 지목
517,517,"나 자신과 했던 약속 중 아직 유효한 게 있다면, 어떤 건가요?",나 자신과 하고 싶은 약속은 무엇인가요?,나와의 약속은 나를 아끼는 방법 중 하나예요.,"건강, 쉼, 도전, 마음가짐 중에 떠올려봐요.",오늘부터 시작할 수 있는 아주 작은 행동 하나는 뭘까요?,재작성,재작성,나와의 약속 전제
518,518,"오늘 누군가에게 ""고마워""라고 말하고 싶었나요?",고마움을 표현하는 나만의 방식은 무엇인가요?,고마움을 표현하는 방식에도 나다움이 담겨요.,"말, 메시지, 작은 선물, 행동을 떠올려봐요.",그 방식이 가장 나다운 이유는 뭐예요?,재작성,재작성,오늘 + 예/아니오
519,519,나의 말이나 행동이 타인에게 기분 좋은 울림을 줬나요?,내가 누군가에게 힘이 되었다고 느낀 순간은 언제인가요?,내가 누군가에게 힘이 된 순간은 오래 마음에 남아요.,"작은 배려, 들어준 이야기, 건넨 한마디를 떠올려봐요.",그 순간 내 마음은 어땠어요?,재작성,재작성,예/아니오 닫힌 질문 + 타인 반응을 알아야 답할 수 있음
521,521,누군가와 '진짜 함께 있다'는 건 어떤 느낌일까요?,누군가와 함께 있어서 편안하다고 느끼는 순간은 언제인가요?,함께 있어서 편안한 순간에는 관계의 온도가 담겨 있어요.,"말없이 있어도 어색하지 않을 때, 같이 밥 먹을 때를 떠올려봐요.",그 편안함은 어디서 온다고 생각해요?,재작성,재작성,'진짜 함께 있다' 추상 + 은유
522,522,사람들과 더 가까워지는 걸 방해하는 게 있다면요?,사람들과 가까워질 때 가장 어려운 점은 무엇인가요?,가까워지는 과정은 누구에게나 쉽지 않아요.,"먼저 연락하기, 속마음 꺼내기, 약속 잡기를 떠올려봐요.",그 어려움을 조금 덜 수 있는 방법이 있을까요?,재작성,재작성,'~있다면요?' 미완 문장 + 추상
523,523,사람들과 이야기할 때 나는 사실 무엇을 원하나요?,대화할 때 나는 조언과 공감 중 무엇을 더 원하나요?,대화에서 원하는 게 무엇인지 알면 마음이 편해져요.,해결 방법을 듣고 싶을 때와 마음을 알아주길 바랄 때를 떠올려봐요.,그걸 상대에게 먼저 말해본 적 있어요?,재작성,재작성,속마음 추상 (관측 1회 중 0회)
524,524,"말을 건네고 싶었지만 꾹 참은 사람이 있다면, 어떤 말을 하고 싶었나요?","하고 싶은 말을 참는 편인가요, 하는 편인가요?",하고 싶은 말을 다루는 방식은 사람마다 달라요.,참았던 순간과 말했던 순간을 떠올려봐요.,참거나 말하고 나면 마음이 어떻게 달라져요?,재작성,재작성,특정 인물 + 참은 말 전제
525,525,오늘 누군가에게 미안한 마음이 가볍게 스쳤나요?,"미안할 때 나는 말로 하나요, 행동으로 하나요?",미안함을 전하는 방식에도 나다움이 담겨 있어요.,"""미안해""라는 말과 작은 행동을 떠올려봐요.",그 방식이 상대에게 잘 전해진다고 느껴요?,재작성,재작성,오늘 + 예/아니오
526,526,"오늘 관계 때문에 마음이 조금 무거웠다면, 어떤 일이었나요?",관계 때문에 마음이 무거울 때 나는 어떻게 하나요?,관계 때문에 마음이 무거울 때가 있죠.,"대화하기, 거리 두기, 혼자 정리하기를 떠올려봐요.",그렇게 하면 마음이 가벼워지나요?,재작성,재작성,오늘 + 무거운 일 전제
527,527,지금 내 곁에서 가장 소중하게 느껴지는 사람은 누구인가요?,지금 곁에 있는 사람 중 가장 소중한 사람의 어떤 점이 좋은가요?,소중한 사람의 좋은 점을 떠올리면 마음이 따뜻해져요.,"다정함, 믿음직함, 유머, 한결같음을 떠올려봐요.",그 점이 나에게 소중한 이유는 뭐예요?,재작성,재작성,'지금' + 특정 인물 지목
528,528,오늘 누군가와 진심이 닿는 대화를 나눴나요?,최근 대화 중 마음에 오래 남은 한마디는 무엇인가요?,마음에 오래 남는 말은 나에게 필요한 말이기도 해요.,"누군가의 응원, 조언, 무심코 한 말을 떠올려봐요.",그 말이 오래 남은 이유는 뭘까요?,재작성,재작성,오늘 대화가 없었다면 답할 수 없음 + 예/아니오로 끝나는 닫힌 질문
529,529,상대의 감정을 예민하게 읽어낸 순간이 있었나요?,다른 사람의 감정을 잘 알아채는 편인가요?,다른 사람의 마음을 읽는 정도는 사람마다 달라요.,"표정, 말투, 분위기의 변화를 알아챈 순간을 떠올려봐요.",그 감각이 나에게 어떤 의미인가요?,재작성,재작성,예/아니오 + 경험 전제
530,530,"오늘 내가 먼저 용기 내어 다가간 적이 있다면, 어떤 순간이었나요?","새로운 사람에게 먼저 다가가는 편인가요, 기다리는 편인가요?",새로운 사람에게 다가가는 방식은 사람마다 달라요.,처음 만난 자리에서의 나를 떠올려봐요.,그렇게 하는 이유는 뭐라고 생각해요?,재작성,재작성,오늘 + 전제 + 용기 행동 요구
531,531,오늘 내가 누군가를 소리 내어 웃게 만들었나요?,내가 사람들을 웃게 만드는 방식은 무엇인가요?,누군가를 웃게 하는 나만의 방식이 있어요.,"말장난, 리액션, 표정, 엉뚱한 행동을 떠올려봐요.",누군가 웃으면 내 기분은 어떻게 달라져요?,재작성,재작성,오늘 + 예/아니오
532,532,"가장 가까운 사람에게 꼭 전하고 싶은 말이 있다면, 어떤 말인가요?",가장 가까운 사람에게 꼭 전하고 싶은 말은 무엇인가요?,마음 깊은 곳에 담아두고 아직 꺼내지 못한 말이 있나요?,왜 그 말을 꺼내기가 그토록 어려웠을까요?,"부담 없이, 아주 담백하게 전할 수 있는 한마디를 적어봐요.",유지,경미 수정,전제형 (대부분 답 가능)
533,533,"이번 주, 존재만으로도 감사했던 사람이 있었나요?",존재만으로도 감사한 사람은 어떤 사람인가요?,존재만으로도 감사한 사람이 있다는 건 큰 행운이에요.,"힘들 때 곁에 있어준 사람, 늘 한결같은 사람을 떠올려봐요.",그 감사한 마음을 표현해본 적 있어요?,재작성,재작성,이번 주 + 예/아니오
534,534,"""조금 더 다정하게 말할걸"" 하고 후회되는 순간은 언제인가요?","말을 다정하게 하는 편인가요, 직설적으로 하는 편인가요?",말하는 온도에도 나만의 스타일이 있어요.,돌려 말하기와 바로 말하기를 떠올려봐요.,그 방식이 관계에 어떤 영향을 주나요?,재작성,재작성,후회 회상 (노출 0회)
535,535,"지금 이 순간, 문득 생각나서 연락하고 싶은 사람은 누구인가요?",문득 연락하고 싶어지는 사람은 어떤 사이인가요?,문득 떠오르는 사람에게는 이유가 있어요.,"오랜 친구, 가족, 예전 동료를 떠올려봐요.",그 사람이 떠오르는 순간은 주로 언제예요?,재작성,재작성,'지금 이 순간' + 특정 인물 지목
536,536,"이번 주, 소중한 사람과 함께한 기억을 한 줄로 적어볼까요?",소중한 사람과 함께할 때 가장 좋아하는 순간은 언제인가요?,소중한 사람과의 시간에는 좋아하는 장면이 있어요.,"함께 밥 먹을 때, 수다 떨 때, 말없이 걸을 때를 떠올려봐요.",그 순간이 특별한 이유는 뭘까요?,재작성,재작성,'이번 주'로 기간이 좁음 + 특정 인물·만남 전제 + 청유형이라 질문처럼 읽히지 않음
538,538,"다시 잡고 싶은 인연이 있다면, 어떤 사이였나요?",지나간 인연을 자주 떠올리는 편인가요?,지나간 인연을 떠올리는 정도는 사람마다 달라요.,문득 생각나는 순간이 있는지 떠올려봐요.,"떠오를 때 드는 마음은 그리움인가요, 담담함인가요?",재작성,재작성,다시 잡고 싶은 인연 전제 + 미련 고백 부담
539,539,인생에 가장 영향력 있던 사람은 누구인가요?,내 인생에 가장 큰 영향을 준 사람에게 배운 것은 무엇인가요?,어떤 사람은 내 삶에 오래 흔적을 남겨요.,"가족, 선생님, 친구, 책 속 인물을 떠올려봐요.",그 배움이 지금의 나에게 어떻게 남아 있나요?,재작성,재작성,특정 인물 지목
540,540,나에게 상처를 줬지만 덕분에 강해진 경험이 있나요?,상처를 겪고 나서 오히려 강해진 부분은 무엇인가요?,아팠던 경험이 나를 단단하게 만들기도 해요.,"관계, 일, 선택에서 강해진 부분을 떠올려봐요.",그 단단함이 지금의 나에게 어떤 힘이 되나요?,재작성,재작성,상처 경험 전제 + 예/아니오
541,541,"그때 하지 못한 말이 있다면, 지금은 할 수 있을까요?",그때 하지 못해서 아쉬운 말은 무엇인가요?,하지 못한 말은 마음 한구석에 남아요.,"고마움, 미안함, 서운함 중에 떠올려봐요.",지금 그 말을 전할 수 있다면 어떻게 말하고 싶어요?,재작성,재작성,'그때'가 무엇인지 모호 + 전제
542,542,남이 말해줘서 알게 된 나의 특징은 무엇인가요?,사람들이 나에 대해 자주 하는 말은 무엇인가요?,사람들이 자주 하는 말에 남들이 보는 내가 있어요.,"칭찬, 놀림, 특징을 짚는 말을 떠올려봐요.","그 말을 들으면 수긍이 되나요, 의외인가요?",재작성,재작성,타인 피드백 경험 전제
543,543,"주변 사람을 덕질해 본 적이 있다면, 누구였나요?",좋아하는 사람이 생기면 푹 빠지는 편인가요?,좋아하는 마음의 깊이는 사람마다 달라요.,좋아하는 사람이 생겼을 때의 나를 떠올려봐요.,"푹 빠질 때와 천천히 갈 때, 나는 어느 쪽이 편해요?",재작성,재작성,'덕질' 경험 전제 + 특정 인물 지목
544,544,나에게 우정이란 어떤 의미인가요?,좋은 친구라고 느끼는 순간은 언제인가요?,좋은 친구라고 느끼는 순간에 우정의 모양이 보여요.,"힘들 때 곁에 있을 때, 같이 웃을 때, 솔직할 때를 떠올려봐요.",나도 누군가에게 그런 친구인가요?,재작성,재작성,개념 정의형 (노출 0회)
545,545,소중한 사람에게 아직 전하지 못한 고마운 말이 있나요?,고마운 사람에게 해주고 싶은 작은 선물은 무엇인가요?,작은 선물에도 고마운 마음을 담을 수 있어요.,"손편지, 커피 한 잔, 좋아하는 간식을 떠올려봐요.",그 선물을 고른 이유는 뭐예요?,재작성,재작성,예/아니오 + 전제
547,547,어머니와의 관계에 대해 어떻게 생각하나요?,엄마(또는 보호자)와 닮은 점은 무엇인가요?,닮은 점을 찾다 보면 나를 이해하게 되기도 해요.,"외모, 말투, 성격, 습관을 떠올려봐요.",그 닮은 점이 마음에 드나요?,재작성,재작성,"부모 관계 평가 (무거움, 가족 상황 다양)"
548,548,아버지와의 관계에 대해 어떻게 생각하나요?,아빠(또는 보호자)와 닮은 점은 무엇인가요?,닮은 점을 찾다 보면 나를 이해하게 되기도 해요.,"외모, 말투, 성격, 습관을 떠올려봐요.",그 닮은 점이 나에게 어떤 의미인가요?,재작성,재작성,"부모 관계 평가 (무거움, 관측 2회 중 0회)"
549,549,"내가 자란 환경에서 바꾸 수 있다면, 뭘 바꾸고 싶나요?","내가 자란 환경에서 바꿀 수 있다면, 무엇을 바꾸고 싶나요?",어린 시절 환경이나 교육 방식을 떠올려봐요.,그때 바뀌었다면 지금의 나는 어떻게 달랐을까요?,바꾸고 싶은 부분이 지금의 나를 만든 면도 있나요?,유지,오류 수정,오탈자: '바꾸 수 있다면'
550,550,나의 가족은 얼마나 가깝고 따뜻한가요?,가족과 함께할 때 가장 편한 순간은 언제인가요?,가족과 함께하는 편안한 순간이 있어요.,"같이 밥 먹을 때, 여행할 때, 소파에 앉아 있을 때를 떠올려봐요.",그 순간이 편한 이유는 뭘까요?,재작성,재작성,"가족 친밀도 평가 (무거움, 가족 상황 다양)"
552,552,어린 시절이 행복했다고 느끼나요?,어린 시절 가장 좋아했던 놀이는 무엇인가요?,어린 시절 놀이에는 그때의 즐거움이 담겨 있어요.,"숨바꼭질, 소꿉놀이, 게임, 그림 그리기를 떠올려봐요.",그 놀이가 좋았던 이유는 뭐예요?,재작성,재작성,예/아니오 + 어린 시절 평가 (관측 1회 중 0회)
554,554,사랑과 좋아함의 차이는 무엇인가요?,좋아하는 마음이 사랑으로 바뀌었다고 느끼는 순간은 언제인가요?,좋아함과 사랑 사이에는 저마다의 기준이 있어요.,좋아하는 감정이 사랑으로 바뀌었다고 느낀 순간을 떠올려봐요.,그 차이는 무엇이라고 생각해요?,재작성,재작성,개념 정의형 (관측 2회 중 0회)
555,555,싸운 뒤 바로 풀려고 하는 편인가요 아니면 시간을 두고 대화하는 편인가요?,"싸우면 바로 푸는 편인가요, 시간을 두는 편인가요?",갈등을 푸는 속도는 사람마다 달라요.,바로 대화하기와 혼자만의 시간 갖기를 떠올려봐요.,상대와 푸는 방식이 다를 때는 어떻게 해요?,재작성,재작성,문장이 김 (양자택일)
564,564,이상형과 실제 사귄 사람이 같은 편인가요? 다르다면 어떤 점이 다른가요?,이상형은 시간이 지나며 바뀌는 편인가요?,이상형도 시간이 지나며 바뀌곤 해요.,예전의 이상형과 지금의 이상형을 비교해봐요.,이상형이 바뀐 계기가 있다면 뭐예요?,재작성,재작성,연애 경험 전제 + 두 질문
566,566,"처음엔 별로였는데 나중에 좋아진 적이 있다면, 어떤 경험이었나요?","처음엔 별로였다가 좋아지는 편인가요, 첫인상이 오래가는 편인가요?",사람을 알아가는 속도는 사람마다 달라요.,알수록 좋아진 사람과 첫인상이 그대로였던 사람을 떠올려봐요.,나는 첫인상을 얼마나 믿는 편이에요?,재작성,재작성,경험 전제
567,567,"이번 주, 마음이 몽글몽글한 순간은 언제였나요?",마음이 몽글몽글해지는 순간은 언제인가요?,마음이 몽글몽글해지는 순간은 소중해요.,"예상치 못한 다정함, 귀여운 장면, 따뜻한 말을 떠올려봐요.",그런 온기를 더 자주 느끼려면 뭐가 필요할까요?,재작성,재작성,이번 주 + '몽글몽글' 경험 전제
569,569,내 인생에서 사랑은 어떤 의미인가요?,내 인생에서 사랑은 몇 순위쯤인가요? 이유도 알려주세요.,사랑의 순위에는 내가 지금 중요하게 여기는 것이 담겨 있어요.,"일, 가족, 친구, 나 자신과 비교해봐요.",그 순위가 된 이유는 뭐예요?,재작성,재작성,개념 정의형 (관측 3회 중 1회)
570,570,"이상형 중 특이한 조건이 있다면, 어떤 건가요?",이상형 조건 중 가장 특이한 것은 무엇인가요?,그 조건에 강하게 끌리게 된 특별한 계기가 있었나요?,남들은 사소하다 할 그 점이 왜 나에겐 결정적인 조건인가요?,그 조건을 충족하는 사람을 만날 때 내 마음은 어떻게 반응하나요?,유지,경미 수정,'있다면' 전제 (관측 1회 중 1회)
571,571,데이트 중 가장 창피했던 일은 무엇인가요?,가장 해보고 싶은 데이트는 무엇인가요?,해보고 싶은 데이트에는 내가 바라는 연애가 담겨 있어요.,"피크닉, 여행, 집 데이트, 새로운 체험을 떠올려봐요.",그 데이트가 끌리는 이유는 뭐예요?,재작성,재작성,데이트 경험 전제 + 창피 회상 (관측 4회 중 0회)
573,573,가장 좋아했던 사람은 누구인가요?,가장 좋아했던 사람을 한 단어로 표현하면 무엇인가요?,좋아했던 사람을 한 단어로 표현하면 그때의 내가 보여요.,"따뜻함, 설렘, 아픔, 성장 같은 단어를 떠올려봐요.",그 단어를 고른 이유는 뭐예요?,재작성,재작성,특정 인물 지목 + 연애 경험 전제 + 자기노출
578,578,나에게 좀 더 다정해지고 싶은 순간이 있나요?,나에게 좀 더 다정해지고 싶은 순간은 언제인가요?,"나에게 엄격해지는 순간, 사실은 다정함이 더 필요한 때이기도 해요.",최근 나에게 좀 더 부드럽게 대했으면 좋았을 순간을 떠올려봐요.,나에게 다정해진다는 건 어떤 모습일까요?,유지,재작성,예/아니오 닫힌 질문
580,580,"바꾸고 싶은 나의 모습이 있다면, 어떤 건가요?",딱 하나 바꿀 수 있다면 바꾸고 싶은 나의 모습은 무엇인가요?,"진짜 바꾸고 싶은 건가요, 남들이 바꾸라고 해서인가요?","""이것만 달랐으면"" 하고 생각하는 것을 떠올려봐요.","왜 아직 안 바꿨나요? 못 한 건가요, 안 한 건가요?",유지,경미 수정,'~있다면' 전제 (대부분 있으므로 경미)
581,581,내가 틀렸다는 걸 인정하기 어려운 주제가 있다면 무엇인가요?,내 생각을 쉽게 굽히지 않는 주제는 무엇인가요?,쉽게 굽히지 않는 주제에는 나의 신념이 담겨 있어요.,"정치, 연애관, 일하는 방식, 음식 취향을 떠올려봐요.",그 생각이 확고해진 이유는 뭐예요?,재작성,재작성,자기 약점 인정 요구 + 전제
583,583,"편안함이 성장을 막고 있다고 느낀 적이 있다면, 어떤 순간이었나요?",편안함과 성장 중 요즘의 나는 어느 쪽을 더 원하나요?,"편안함과 성장, 시기에 따라 원하는 게 달라져요.",지금의 나에게 필요한 게 뭔지 떠올려봐요.,그 선택이 요즘 끌리는 이유는 뭐예요?,재작성,재작성,추상 개념(편안함-성장) + 경험 전제
584,584,삶에서 놓치고 있는 게 있다면 무엇인가요?,여유가 생기면 가장 먼저 챙기고 싶은 것은 무엇인가요?,여유가 생기면 챙기고 싶은 것에 요즘의 결핍이 보여요.,"잠, 운동, 사람, 취미를 떠올려봐요.",그걸 지금 조금이라도 챙길 방법이 있을까요?,재작성,재작성,'놓치고 있는 것'은 자각하기 어려움
587,587,가장 간절히 원했던 것은 무엇이었나요?,지금 가장 간절히 원하는 것은 무엇인가요?,간절히 원하는 것에는 지금의 내가 담겨 있어요.,"쉼, 성취, 관계, 변화 중에 떠올려봐요.",그걸 얻기 위해 할 수 있는 작은 일은 뭐예요?,재작성,재작성,회상형 (관측 2회 중 1회)
588,588,"과거의 나에게 '괜찮아, 그럴 수 있어'라고 말해주고 싶은 순간이 있나요?",과거의 나에게 '괜찮아'라고 말해주고 싶은 순간은 언제인가요?,지나고 보면 그때의 나도 최선을 다하고 있었을 거예요.,어린 시절이나 예전의 서툴러웠던 나를 떠올려봐요.,그때의 나에게 지금 건네고 싶은 한마디는 무엇인가요?,유지,재작성,예/아니오로 끝남 + 인용문 포함 길이
589,589,과거로 돌아가고 싶은 순간이 있나요?,과거로 돌아갈 수 있다면 언제로 돌아가고 싶나요?,돌아가고 싶은 때에는 그리운 무언가가 있어요.,"학창 시절, 특별했던 여행, 편안했던 시기를 떠올려봐요.",그때가 그리운 이유는 뭐예요?,재작성,재작성,예/아니오 닫힌 질문
590,590,"과거에 받은 상처 중 아직 아물지 않은 게 있다면, 어떤 건가요?",시간이 지나 괜찮아진 일 중 기억에 남는 것은 무엇인가요?,시간은 생각보다 많은 걸 괜찮게 만들어줘요.,"걱정했던 일, 속상했던 일, 창피했던 일을 떠올려봐요.",괜찮아지기까지 나에게 도움이 된 건 뭐였어요?,재작성,재작성,아물지 않은 상처 고백 요구 (무게 과다)
591,591,"잊고 싶은 기억이 있다면, 어떤 종류의 기억인가요?",잊고 싶은 기억이 생기면 나는 주로 어떻게 하나요?,잊고 싶은 기억을 다루는 방식은 사람마다 달라요.,"바쁘게 지내기, 털어놓기, 기록하기, 받아들이기를 떠올려봐요.","잊는 것과 받아들이는 것, 뭐가 다를까요?",재작성,재작성,부정 기억 소환 + 전제
594,594,성공은 어떤 의미인가요?,나에게 성공한 하루는 어떤 하루인가요?,성공한 하루의 기준은 사람마다 달라요.,"할 일을 끝낸 날, 누군가를 도운 날, 푹 쉰 날을 떠올려봐요.",그 기준을 가지게 된 이유는 뭐예요?,재작성,재작성,개념 정의형 (관측 2회 중 0회)
595,595,꿈과 현실의 균형을 어떻게 맞추고 있나요?,지금 나는 꿈과 현실 중 어느 쪽에 더 가까운가요?,꿈과 현실 사이에서 균형을 찾는 건 쉽지 않아요.,지금의 선택들이 어느 쪽에 가까운지 떠올려봐요.,"꿈을 위해 현실을, 현실을 위해 꿈을 어떻게 조절하고 있나요?",재작성,재작성,추상 + 균형 진단 (관측 2회 중 0회)
598,598,"좋은 의도의 나쁜 결과와 나쁜 의도의 좋은 결과, 뭐가 더 나쁜가요?",좋은 의도로 한 실수와 나쁜 의도로 한 선행 중 뭐가 더 나쁜가요?,"좋은 의도가 문제를 일으켰던 순간, 혹은 이기적인 행동이 뜻밖에 이득을 주었던 일을 떠올려봐요.",결과가 좋다면 과정은 덮어 둘 수 있는 걸까요?,반대로 과정이 좋지 않다면 결과는 중요하지 않은 걸까요?,유지,재작성,논리 퍼즐형 (관측 3회 중 1회)
604,604,최근에 가장 기억에 남는 뉴스는 뭔가요?,뉴스나 SNS에서 보면 꼭 클릭하게 되는 주제는 무엇인가요?,자꾸 눈이 가는 주제에 내 관심사가 보여요.,"연예, 경제, 사회, 동물, 음식 소식을 떠올려봐요.",그 주제에 관심이 가는 이유는 뭐예요?,재작성,재작성,뉴스를 안 보면 답 불가 + 최근 제한
605,605,"괜찮지 않은데 '괜찮아'라고 넘긴 적이 있다면, 어떤 순간이었나요?",괜찮지 않을 때도 '괜찮아'라고 말하는 편인가요?,괜찮다는 말 뒤에 숨은 마음이 있을 때가 있죠.,"걱정 끼치기 싫을 때, 설명하기 귀찮을 때를 떠올려봐요.",진짜 괜찮아지려면 나에게 뭐가 필요할까요?,재작성,재작성,경험 전제 + 부정 감정 노출 부담
607,607,어떤 순간에 나를 더 안아주고 싶어지나요?,스스로를 위로해주고 싶은 순간은 언제인가요?,가끔은 나 자신을 꼭 안아주고 싶은 날이 있잖아요.,"지칠 때, 서운할 때, 애썼을 때를 떠올려봐요.",나를 위로할 때 가장 필요한 말 한마디는 무엇일까요?,재작성,재작성,'나를 안아주고 싶어지는' 은유 (관측 2회 중 0회)
608,608,채워지지 않는 결핍이 있다면 무엇인가요?,요즘 마음이 더 채워졌으면 하는 부분은 무엇인가요?,더 채워지고 싶은 마음은 나에게 필요한 걸 알려줘요.,"사랑, 인정, 안정감, 여유 중에 떠올려봐요.",그 부분을 채우기 위해 할 수 있는 작은 일은 뭐예요?,재작성,재작성,'결핍' 단어의 무게 + 전제
609,609,회피하고 있는게 있다면 무엇인가요?,자꾸 미루게 되는 일은 무엇인가요?,자꾸 미루게 되는 일에는 이유가 있어요.,"연락, 정리, 병원, 공부 같은 일을 떠올려봐요.",미루게 되는 진짜 이유는 뭘까요?,재작성,재작성,회피 인정 요구 + 맞춤법('있는게')
610,610,"가장 최근에 생각이 바뀐 주제가 있다면, 어떤 건가요?",생각이 바뀐 주제 중 가장 기억에 남는 것은 무엇인가요?,생각이 바뀌는 건 내가 자라고 있다는 뜻이기도 해요.,"누군가 때문일 수도, 경험 때문일 수도 있죠.",생각이 바뀌면서 달라진 점이 있나요?,재작성,경미 수정,최근 + 전제 (관측 성과는 양호)
612,612,"절대 바뀌지 않을 것 같은 생각이 있다면, 어떤 건가요?",절대 바뀌지 않을 것 같은 내 생각은 무엇인가요?,오래 지켜온 신념 같은 게 있을 수 있죠.,왜 이렇게 확고한 믿음을 갖게 된 건지 떠올려봐요.,이 가치관이 나를 어떻게 바꾸고 있나요?,유지,경미 수정,전제형이지만 대부분 답할 수 있음
613,613,예전엔 중요했는데 지금은 중요하지 않은 것이 있다면 무엇인가요?,예전엔 중요했지만 지금은 아닌 것은 무엇인가요?,"가을방학이라는 노래처럼, 예전엔 너무 소중했던 것들도 이젠 소중히 여겼던 기억조차 희미해지곤 하죠.","그게 뭐였는지 떠올려볼까요? 계절, 색깔 또는 어떤 사람일 수 있어요.",덜 중요해진 게 아쉬운가요?,유지,재작성,전제 + 문장 김
616,616,"자존심 때문에 놓친 게 있다면, 어떤 건가요?","자존심 때문에 손해를 보는 편인가요, 자존심을 쉽게 굽히는 편인가요?",자존심을 대하는 방식은 사람마다 달라요.,자존심을 지킨 순간과 굽힌 순간을 떠올려봐요.,그 선택이 대체로 나에게 도움이 됐나요?,재작성,재작성,자존심 때문에 놓친 경험 전제
618,618,"예전보다 조심스러워진 부분이 있다면, 어떤 건가요?",예전보다 조심스러워진 부분은 무엇인가요?,나이가 들면서 경험에 따라 성향이 변화하곤 해요.,도전에 대한 나의 생각이 어떻게 변화했는지 떠올려봐요.,조심스러워졌나요 아니면 더 새로움을 추구하고자 노력하고 있나요?,유지,경미 수정,전제형
619,619,"확신이 무너졌던 경험이 있다면, 어떤 일이었나요?",믿고 있던 게 흔들릴 때 나는 어떻게 하나요?,믿고 있던 게 흔들리면 누구나 당황하게 돼요.,"사람, 생각, 나 자신에 대한 믿음을 떠올려봐요.",흔들린 뒤 나는 어떻게 다시 중심을 잡아요?,재작성,재작성,확신 붕괴 경험 전제 + 무게
622,622,요즘 내 인생에서 과감히 덜어내기로 한 것은 무엇인가요?,내 인생에서 덜어내고 싶은 것은 무엇인가요?,덜어내면 가벼워지는 것들이 있어요.,"걱정, 욕심, 관계, 물건 중에 떠올려봐요.",비운 자리에 무엇을 채우고 싶어요?,재작성,재작성,'과감히 덜어내기로 한 것'이 있어야 함
623,623,돌아보니 칭찬해주고 싶은 오늘의 선택은 무엇인가요?,망설이다가 해서 다행이었던 일은 무엇인가요?,망설이다가 해낸 일은 오래 뿌듯함으로 남아요.,"고백, 도전, 연락, 여행 같은 일을 떠올려봐요.",그때 나를 움직이게 한 건 뭐였어요?,재작성,재작성,오늘 + '선택'이라는 추상 단위를 떠올리기 어려움
624,624,이번 주가 나에게 조용히 건네준 교훈은 무엇인가요?,요즘 새삼 깨달은 것은 무엇인가요?,새삼 깨닫는 것들이 삶을 조금씩 바꿔요.,"사람, 건강, 시간, 나 자신에 대한 깨달음을 떠올려봐요.",그 깨달음이 앞으로 어떤 영향을 줄까요?,재작성,재작성,이번 주 + 의인화('주가 건네준 교훈')
625,625,"예전이라면 크게 흔들렸을 상황에서, 의외로 덤덤해진 나를 발견한 순간이 있었나요?",예전보다 덤덤해진 일은 무엇인가요?,예전보다 덤덤해진 일에서 나의 성장이 보여요.,예전엔 크게 흔들렸던 상황을 떠올려봐요.,나를 단단하게 만들어준 건 뭐라고 생각해요?,재작성,재작성,조건이 긴 문장 + 예/아니오
626,626,오늘 나를 움직이게 한 가장 큰 동력은 무엇인가요?,요즘 나를 움직이게 하는 가장 큰 동력은 무엇인가요?,귀찮음을 이기고 행동하게 만든 나의 동기는 무엇인가요?,"의무감 때문이었나요, 아니면 진짜 하고 싶은 열망이었나요?",나를 진짜 춤추게 만드는 동기가 무엇인지 정의해봐요.,유지,재작성,오늘 기반
627,627,시간을 되돌린다면 오늘을 어떻게 다르게 살까요?,하루를 다시 산다면 무엇을 다르게 하고 싶나요? (저녁 노출 권장),아쉬움이 남는 장면을 다시 떠올려보는 것도 의미 있어요.,"말, 선택, 시간 쓰는 방식 중에 떠올려봐요.",내일 비슷한 상황이 온다면 어떻게 해보고 싶어요?,재작성,노출 시간 조정 + 재작성,오늘 기반 + 하루가 끝나지 않으면 답 불가
628,628,오늘 누구의 눈치도 보지 않고 오직 내 마음대로 정한 건 무엇인가요?,누구 눈치도 보지 않고 내 마음대로 정하고 싶은 것은 무엇인가요?,눈치 보지 않고 정하고 싶은 것에 나의 진짜 바람이 있어요.,"옷, 시간, 진로, 쉬는 방식을 떠올려봐요.",그걸 내 마음대로 정한다면 어떤 기분일 것 같아요?,재작성,재작성,오늘 기반 + 문장 김
629,629,"예전에는 당연했는데 지금은 다르게 보이는 것이 있다면, 어떤 건가요?",예전엔 당연했는데 지금은 다르게 보이는 것은 무엇인가요?,세상을 바라보는 나의 시선이나 기준이 바뀐 부분이 있나요?,그 변화를 이끈 결정적인 사건이나 대화가 있었나요?,달라진 가치관이 나의 앞날을 어떻게 바꿔놓을지 상상해봐요.,유지,경미 수정,전제형
630,630,어제보다 나아졌다고 느낀 점은 뭔가요?,예전보다 나아졌다고 느끼는 점은 무엇인가요?,예전보다 나아진 점은 작아도 충분히 소중해요.,"습관, 말투, 마음가짐, 관계를 떠올려봐요.",그 변화를 만든 나의 노력은 뭐였어요?,재작성,재작성,'어제보다' 시점 + 회상 (관측 2회 중 1회)
631,631,지난 7일을 되돌아보면 머릿속을 스치는 단어는 무엇인가요?,요즘 머릿속에 가장 자주 떠오르는 단어는 무엇인가요?,자주 떠오르는 단어에 요즘의 내가 담겨 있어요.,"걱정, 기대, 계획, 사람 이름을 떠올려봐요.",그 단어가 자꾸 떠오르는 이유는 뭘까요?,재작성,재작성,'지난 7일' 기간 회상 (노출 0회)
632,632,문득 나 자신이 어른스러워졌다고 느낀 최근의 순간은 언제인가요?,어른이 되었다고 느끼는 순간은 언제인가요?,어른이 되었다고 느끼는 순간은 사람마다 달라요.,"책임을 질 때, 감정을 다스릴 때, 부모님을 이해할 때를 떠올려봐요.","그 변화가 나를 더 편안하게 하나요, 어색한가요?",재작성,재작성,최근 + 경험 전제 + 문장 길이
633,633,"오늘 나의 원칙을 잘 지켜냈다면, 어떤 방식으로 지켰나요?",원칙과 융통성 중 나는 어느 쪽에 더 가깝나요?,원칙과 융통성 사이에서 나의 기준이 보여요.,규칙을 지킨 순간과 상황에 맞춰 바꾼 순간을 떠올려봐요.,그 방식이 나에게 잘 맞는 이유는 뭐예요?,재작성,재작성,오늘 + 원칙을 지켰다는 전제
635,635,지금 당장 감사하다고 말하고 싶은 단 한 가지는 무엇인가요?,요즘 감사한 것 하나를 떠올려 볼까요?,너무 당연해서 잊고 있던 감사가 있어요.,"건강, 사람, 날씨, 작은 편리함을 떠올려봐요.",그 감사한 마음이 하루를 어떻게 바꿔주나요?,재작성,재작성,'지금 당장' + 단 한 가지 (관측 2회 중 0회)
636,636,이번 주에 얻은 가장 값진 인생의 힌트는 무엇인가요?,요즘 나에게 도움이 된 말이나 조언은 무엇인가요?,도움이 된 말은 오래 마음에 남아요.,"누군가의 조언, 책 속 문장, 우연히 들은 말을 떠올려봐요.",그 말이 도움이 된 이유는 뭘까요?,재작성,재작성,이번 주 + '인생의 힌트' 추상적
637,637,나를 키우는 가장 나다운 성장 방식은 무엇인가요?,"나는 혼자 배우며 크는 편인가요, 사람들 속에서 크는 편인가요?",성장하는 방식은 사람마다 달라요.,혼자 파고들 때와 사람들과 부딪힐 때를 떠올려봐요.,그 방식이 나에게 맞는 이유는 뭐예요?,재작성,재작성,추상 + 은유 ('가장 나다운 성장 방식')
638,638,가보지 않은 길에 대한 미련을 지우는 나만의 방식은 무엇인가요?,선택을 후회하지 않기 위한 나만의 방법은 무엇인가요?,선택 뒤의 후회를 다루는 방식은 사람마다 달라요.,"충분히 고민하기, 결정 후 돌아보지 않기를 떠올려봐요.",그 방법이 나에게 도움이 되나요?,재작성,재작성,'가보지 않은 길의 미련' 깊은 성찰 (노출 0회)
640,640,나의 생각과 삶의 태도에 가장 큰 변화를 준 사람은 누구인가요?,나의 생각을 가장 크게 바꾼 사람에게 배운 것은 무엇인가요?,어떤 사람은 내 생각을 크게 바꿔놓아요.,"가족, 친구, 선생님, 책 속 인물을 떠올려봐요.",그 배움이 지금의 나를 어떻게 만들었나요?,재작성,재작성,특정 인물 지목 + 긴 문장
641,641,오늘의 작은 선택이 미래의 나를 어떻게 바꿀까요?,10년 뒤 나에게 고마울 습관은 무엇일까요?,오늘의 작은 습관이 10년 뒤의 나를 만들어요.,"운동, 기록, 저축, 잠 습관을 떠올려봐요.",그 습관을 이어가려면 뭐가 필요할까요?,재작성,재작성,오늘 + 미래 추론까지 이중 부담
642,642,오늘 겪은 시련이나 실수에서 찾은 뜻밖의 배움은 무엇이었나요?,"실수에서 배우는 편인가요, 금방 잊는 편인가요?",실수를 대하는 방식은 사람마다 달라요.,실수한 뒤의 나를 떠올려봐요.,그 방식이 나에게 도움이 되나요?,재작성,재작성,오늘 시련·실수 전제
643,643,"이번 주, 나에 대해 새롭게 발견한 의외의 면은 무엇인가요?",사람들이 잘 모르는 나의 반전 매력은 무엇인가요?,반전 매력은 나를 더 입체적으로 보여줘요.,"겉모습과 다른 취향, 성격, 재주를 떠올려봐요.",그 매력을 알게 된 사람들은 어떤 반응이에요?,재작성,재작성,이번 주 + 새로운 발견 전제
644,644,"무언가를 포기했던 순간, 내 마음은 어땠나요?",포기할 때 나는 어떤 마음이 드나요?,포기에도 여러 가지 마음이 담겨 있어요.,"아쉬움, 후련함, 미안함을 떠올려봐요.",포기가 나에게 도움이 된 적도 있나요?,재작성,재작성,포기 회상 (관측 2회 중 1회)
645,645,"성장했다고 느낀 순간이 있다면, 어떤 때였나요?",성장했다고 느낀 순간은 언제인가요?,예전엔 못 했던 일을 담대하게 해냈던 최근의 기억은?,성장을 가능하게 했던 나의 숨은 노력들을 칭찬해줘요.,더 멋지게 성장할 나의 내일을 위해 어떤 약속을 할까요?,유지,경미 수정,전제형 (관측 성과 양호)
646,646,"지금보다 나은 나를 위해 요즘 시도하고 있는 것이 있다면, 어떤 건가요?",더 나은 나를 위해 해보고 싶은 것은 무엇인가요?,더 나은 나를 위한 시도는 작을수록 시작하기 쉬워요.,"운동, 배우기, 기록, 정리를 떠올려봐요.",내일 당장 해볼 수 있는 가장 쉬운 방법은 뭘까요?,재작성,재작성,요즘 + 시도 전제 + 문장 김
647,647,"모든 물건이 있는 집에 불이 났을 때, 소중한 가족과 애완동물을 대피시킨 후 하나의 물건만 가져나올 수 있다면 뭘 고를 것인가요?",불이 나서 딱 하나만 챙길 수 있다면 무엇을 가지고 나올까요?,딱 하나만 챙긴다면 무엇이 가장 소중한지 보여요.,"추억이 담긴 물건, 꼭 필요한 물건을 떠올려봐요.",그 물건을 고른 이유는 뭐예요?,재작성,재작성,문장이 매우 김(60자+) + 조건 과다
648,648,"절대 장난스럽게 얘기할 수 없는 진지한 주제가 있다면, 무엇인가요?",절대 장난스럽게 말할 수 없는 주제는 무엇인가요?,누군가 가볍게 다루면 속이 불편해지는 주제가 떠오를 거예요.,"그 주제가 민감한 이유가 경험인지, 가치관인지, 가까운 사람 때문인지 짚어봐요.",그 주제에 대한 나만의 생각도 적어볼까요?,유지,경미 수정,전제형
649,649,어떻게 죽게 될지에 대한 나만의 예감이 있나요?,내가 어떻게 생을 마무리할지 상상해본 적 있나요? 떠오르는 장면을 알려주세요.,"무겁게 느껴질 수 있지만, 떠오르는 장면이 있다면 솔직하게 꺼내봐요.",그 예감의 배경은 무엇일까요?,그 생각이 지금의 삶에 어떤 영향을 주고 있는지도 적어봐요.,유지,경미 수정,예/아니오 + 죽음 주제 (관측 성과 양호)
653,653,"능력과 상관없이 하고 싶은 직업이 있다면, 어떤 건가요?",능력과 상관없이 해보고 싶은 직업은 무엇인가요?,그 직업의 어떤 매력이 내 마음을 그토록 설레게 하나요?,그 일을 하는 나의 일상은 지금과 어떻게 달라질까요?,현실의 제약을 벗어나고 싶은 마음이 그 직업에 투영되었나요?,유지,경미 수정,전제형이지만 대부분 답할 수 있음
657,657,이 세상에서 가장 부러운 사람은 누구인가요?,가장 부러운 삶은 어떤 삶인가요?,부러운 삶에는 내가 바라는 모습이 담겨 있어요.,"자유로운 삶, 여유로운 삶, 사랑받는 삶을 떠올려봐요.",그 삶의 어떤 점이 가장 부러워요?,재작성,재작성,특정 인물 지목 + 부러움 인정
658,658,믿는 미신이 있다면 무엇인가요?,은근히 신경 쓰이는 미신이나 징크스가 있나요? 없다면 재밌다고 생각하는 미신을 알려주세요.,"연인에게 신발 선물하지 않기, 밤에 휘파람 불지 않기처럼 소소한 미신부터 떠올려봐요.",논리적으로 이해는 안되지만 걱정되는 마음 또는 습관으로 지키고 있는 미신이 있나요?,"언제부터 그 미신을 신경쓰기 시작했는지, 왜 지키기게 된 것 같은지도 떠올려봐요.",유지,재작성,미신을 안 믿으면 답 불가
660,660,인생의 마지막에 무엇을 남기고 싶나요?,먼 훗날 사람들이 나를 어떻게 기억해주면 좋겠나요?,시간이 흘러 내 삶이 끝날 때 사람들에게 어떤 기억으로 남고 싶나요?,그 마지막을 생각하면 지금 고민하는 일들이 조금은 가볍게 보이나요?,"""참 괜찮은 삶이었어""라고 말하려면 오늘 무엇을 소중히 해야 할까요?",유지,재작성,인생 마지막 추상 (노출 0회)
685,661,여러 나라를 도는 여행과 한 곳에 머무는 여행 중 뭐가 더 마음이 가나요?,여러 곳을 돌아보는 여행과 한 곳에 머무는 여행 중 뭐가 더 끌리나요?,여행에서 중요한 건 사람마다 달라요.,"경험의 폭과 한 곳의 깊은 여유, 뭘 원하나요?",그 스타일로 여행 가본 적 있어요?,유지,경미 수정,여행 전제 (양자택일로는 무난)
713,689,친구 한 명을 잃는 것과 나머지 모든 친구를 잃는 것 중 뭐가 더 아픈가요?,친한 친구 한 명과 여러 명의 친구 중 뭐가 더 소중한가요?,"깊은 한 사람과 여러 사람, 우정의 모양은 저마다 달라요.",속을 다 아는 친구와 함께 어울리는 친구들을 떠올려봐요.,지금의 나에게 더 소중한 건 어느 쪽이에요?,재작성,재작성,"친구 상실 가정 (무거움, 관측 3회 중 1회)"
721,697,연애는 SNS에 공개하는 것과 비공개로 두는 것 중 뭐가 더 편한가요?,"좋은 일이 생기면 주변에 알리는 편인가요, 조용히 간직하는 편인가요?",좋은 일을 나누는 방식에도 나다움이 보여요.,바로 알리는 나와 조용히 간직하는 나를 떠올려봐요.,그렇게 하는 이유는 뭐라고 생각해요?,재작성,재작성,연애·SNS 이중 전제
730,706,인성은 아쉽지만 능력 좋은 동료와 인성 좋지만 인성은 아쉬운 동료 중 누구와 함께하고 싶나요?,인성은 아쉽지만 능력 좋은 동료와 인성은 좋지만 능력은 아쉬운 동료 중 누구와 함께하고 싶나요?,실력과 인성 사이 고민은 누구나 공감할 거예요.,매일 부대낄 사람이라면 뭐가 중요한가요?,지금 팀에 그런 동료 있어요?,유지,오류 수정,문구 오류: '인성 좋지만 인성은 아쉬운'
752,728,"나쁜 연애를 지속하는 삶과 평생 혼자 지내는 삶 중, 어떤 쪽이 더 낫다고 생각하시나요?",나쁜 연애를 계속하는 것과 평생 혼자 지내는 것 중 뭐가 더 나은가요?,이런 상상만으로도 마음이 복잡해지는 게 당연해요.,"관계의 불안정함과 혼자만의 자유, 뭘 더 견디기 힘든가요?","그런 상상, 해본 적 있어요?",유지,재작성,문장 김 + 존댓말 어조 불일치('생각하시나요')
769,745,퇴사 못 하는 회사에서 월 600을 버는 것과 백수로 지내며 월 200을 받는 것 중 뭐가 더 나은가요?,하기 싫은 일로 월 600을 버는 것과 자유롭게 지내며 월 200을 받는 것 중 뭐가 더 나은가요?,돈과 자유 사이 고민은 누구에게나 어려워요.,"시간의 자유와 경제적 여유, 뭐가 급한가요?",그런 상황이면 실제로 어떨 것 같아요?,재작성,재작성,회사원 전제 (학생·구직자는 몰입 어려움)
772,748,바쁘지만 성장하는 회사와 여유롭지만 성장 없는 회사 중 뭐가 더 나은가요?,바쁘지만 성장하는 곳과 여유롭지만 성장 없는 곳 중 어디가 더 나은가요?,"성장과 여유, 둘 다 포기하기 아까운 가치예요.",지금 당장의 여유와 앞으로의 성장 중 뭘 우선하나요?,지금 내 생활은 어느 쪽에 가까워요?,재작성,재작성,회사원 전제
775,751,배울 게 많은 상사와 편한 상사 중 누가 더 좋은가요?,배울 게 많은 사람과 편한 사람 중 누구와 함께하고 싶나요?,편함과 배움 사이의 고민은 자연스러워요.,지금의 편안함과 나중의 성장 중 뭘 우선하나요?,내 주변에는 어떤 사람이 더 많아요?,재작성,재작성,상사 전제
779,755,존중하는 상사의 힘든 일과 무관심한 상사의 편한 일 중 뭐가 더 나은가요?,존중받으며 힘든 일을 하는 것과 무관심 속에 편한 일을 하는 것 중 뭐가 더 나은가요?,"존중받는 것과 편한 것, 둘 다 포기하기 아까운 가치예요.","인정받는 힘듦과 신경 쓰이지 않는 편안함, 뭘 원하나요?",지금의 나에게 더 필요한 건 어느 쪽이에요?,재작성,재작성,상사 전제 + 조건 복잡
811,787,학교에서 배운 것과 직접 부딪힌 경험 중 뭐가 더 크게 남나요?,책으로 배운 것과 직접 부딪혀 배운 것 중 뭐가 더 크게 남나요?,배움의 방식은 사람마다 다르게 몸에 새겨져요.,"정리된 지식과 몸으로 겪은 깨달음, 뭐가 오래 남나요?","가장 크게 배웠던 순간, 기억나요?",유지,재작성,학교 전제 (성인은 오래된 기억)
822,798,"지금 아니면 못 갈 것 같다면, 여행과 커리어 중 뭐가 더 끌리나요?",지금 하고 싶은 일과 해야 하는 일 중 무엇을 먼저 하나요?,하고 싶은 일과 해야 하는 일 사이의 순서는 사람마다 달라요.,하루를 시작할 때 무엇부터 손이 가는지 떠올려봐요.,그 순서가 나에게 잘 맞는다고 느껴요?,재작성,재작성,여행·커리어 양쪽 전제 + 가정 조건이 앞에 붙어 복잡
826,802,망해가는 회사의 사장과 잘나가는 대기업의 평사원 중 뭐가 더 편한가요?,작은 곳의 리더와 큰 곳의 구성원 중 뭐가 더 편한가요?,책임의 무게와 안정감 사이 고민은 흔해요.,"내가 원하는 건 결정권인가요, 안정감인가요?",어떤 자리에서 내가 더 빛나는 것 같아요?,재작성,재작성,회사 전제
831,807,야근 잦은 회사와 강도 높아도 칼퇴하는 회사 중 뭐가 더 끌리나요?,자주 늦게 끝나지만 여유로운 일과 빡빡해도 제시간에 끝나는 일 중 뭐가 더 끌리나요?,"일의 강도와 시간, 둘 다 하루를 좌우해요.","하루를 지키는 건 강도인가요, 시간인가요?",퇴근 후 삶이 나한테 얼마나 중요해요?,재작성,재작성,회사 전제
833,809,자유로운 프리랜서와 안정적인 직장인 중 누가 더 나에게 가깝나요?,자유로운 프리랜서와 안정적인 직장인 중 어느 쪽이 더 나에게 맞을까요?,자유와 안정 둘 다 포기하기 쉽지 않아요.,불확실함을 견딜 만큼 자유가 소중한가요?,지금 성향은 어느 쪽에 가까워요?,유지,경미 수정,직업 전제 (양자택일로는 무난)
851,827,"평소 '법을 어기더라도 불의에 맞서야 한다'고 생각하시나요, 아니면 '부당해도 법은 지켜야 한다'고 생각하시나요?","불의에 맞서려면 법을 어겨도 되나요, 부당해도 법은 지켜야 하나요?",규칙과 정의 사이 갈등은 답하기 어려워요.,"중요한 건 질서인가요, 옳음인가요?","그 기준, 언제부터 그랬어요?",유지,재작성,문장 매우 김(60자+) + 어조 불일치('생각하시나요')
898,874,완벽한 하루가 반복되는 삶과 굴곡 있는 진짜 삶 중 뭐가 더 나은가요?,조금씩 나아지는 삶과 크게 도약하는 삶 중 뭐가 더 나다운가요?,성장의 속도에도 나다움이 있어요.,꾸준한 한 걸음과 과감한 점프를 떠올려봐요.,요즘의 나는 어느 쪽에 더 가까워요?,재작성,재작성,#871과 완전히 같은 문구 (중복 노출)
899,875,선택지가 너무 많은 것과 하나의 길만 걷는 것 중 뭐가 더 답답한가요?,혼자 정하는 것과 함께 정하는 것 중 뭐가 더 마음 편한가요?,결정하는 방식에는 나만의 편안함이 있어요.,혼자 고민해서 정하기와 함께 의논해서 정하기를 떠올려봐요.,중요한 결정일수록 나는 어느 쪽이 편해요?,재작성,재작성,#872와 완전히 같은 문구 (중복 노출)
