id,status,choice,text,original,revAtChoice,at,appliedAt
1,chosen,o1,가장 좋아하는 색깔은 무엇인가요?,요즘 자주 찾는 색깔은 무엇인가요?,1.0,2026-09-30T23:14:57.200Z,
102,chosen,o1,자기 전에 주로 무엇을 하나요?,"매일 밤 자기 전 꼭 지키는 습관이 있다면, 어떤 건가요?",1.0,2026-10-01T04:58:19.074Z,
106,chosen,o1,식사 후에 주로 무엇을 하나요?,"식사 후에 습관적으로 하는 행동이 있다면, 어떤 건가요?",1.0,2026-10-01T05:21:10.736Z,
11,chosen,o1,새로 시도해서 재밌었던 일은 무엇인가요?,최근 새로 시도해서 재밌던 일은 무엇인가요?,1.0,2026-10-01T04:02:44.859Z,
110,chosen,custom,아침에 일어나 가장 먼저 하는 일은 뭔가요?,"하루를 시작할 때 듣는 음악 장르가 있다면, 어떤 장르인가요?",1.0,2026-09-30T22:56:31.548Z,
113,chosen,o1,스트레스가 쌓이면 나도 모르게 하는 행동은 무엇인가요?,"스트레스가 쌓였을 때 나도 모르게 하는 행동이 있다면, 어떤 건가요?",1.0,2026-10-01T05:13:22.931Z,
115,chosen,ai0,미루고 싶을 때 주로 어떻게 움직이나요?,"미루고 싶을 때 나를 움직이게 하는 나만의 방법이 있다면, 어떤 건가요?",1.0,2026-09-30T23:16:30.665Z,
118,chosen,custom,어떻게 일정을 관리하는 편인가요?,"하루 일정을 정리하는 나만의 도구가 있다면, 어떤 건가요?",1.0,2026-10-01T05:02:29.695Z,
119,chosen,custom,내 루틴 중 친구들에게도 추천하고 싶은 건 무엇인가요?,"내가 지키는 습관 중 남들에게 추천하고 싶은 게 있다면, 어떤 건가요?",1.0,2026-10-01T04:05:02.138Z,
123,chosen,custom,건강을 위해 챙기고 있는 것은 무엇인가요?,"건강을 위해 매일 챙겨 먹는 게 있다면, 어떤 건가요?",1.0,2026-10-01T04:16:30.299Z,
124,chosen,custom,약속에 늦지 않기 위해 무얼 하나요?,"약속 시간에 늦지 않기 위해 하는 준비가 있다면, 어떤 건가요?",1.0,2026-10-01T02:11:24.902Z,
125,chosen,custom,돈 관리를 어떻게 하나요?,"가계부를 쓰거나 돈을 관리하는 방법이 있다면, 어떤 건가요?",1.0,2026-10-01T02:13:00.759Z,
126,skipped,,,,,2026-10-01T04:50:09.374Z,
127,chosen,o1,하기 싫은 일을 할 때 나를 움직이게 하는 한마디는 무엇인가요?,"운동하기 싫을 때 나를 움직이게 하는 주문이 있다면, 어떤 건가요?",1.0,2026-10-01T04:58:48.524Z,
128,chosen,custom,여행 가방을 싸는 나만의 규칙은 무엇인가요?,"여행 가방을 싸는 나만의 규칙이 있다면, 어떤 건가요?",1.0,2026-10-01T04:07:39.609Z,
129,chosen,o2,특별한 날을 보내는 나만의 방식은 무엇인가요?,"기념일에 반복적으로 하는 일이 있다면, 어떤 건가요?",1.0,2026-09-30T23:16:23.560Z,
132,chosen,custom,중요한 일을 앞두고 하는 습관적인 행동은 무엇인가요?,"중요한 일을 앞두고 지키는 징크스 같은 행동이 있다면, 어떤 건가요?",1.0,2026-10-01T04:48:40.561Z,
133,chosen,custom,계절이 바뀔 때 가장 먼저 바꾸는 것은 무엇인가요?,"계절이 바뀔 때 집 안에서 바꾸는 게 있다면, 어떤 건가요?",1.0,2026-10-01T05:14:19.671Z,
136,chosen,ai0,하루를 기록할 때 주로 어떤 방법을 쓰나요?,"매일 일기를 쓰거나 기록을 남기는 습관이 있다면, 어떤 방식인가요?",1.0,2026-10-01T04:21:12.270Z,
138,chosen,custom,새로운 취미를 시작할 때 꼭 거치는 과정은 무엇인가요?,"새로운 취미를 시작할 때 거치는 과정이 있다면, 어떤 건가요?",1.0,2026-10-01T02:18:12.406Z,
140,chosen,o1,중요한 약속 전날 나는 주로 무엇을 하나요?,"중요한 약속 전날 꼭 하는 준비가 있다면, 어떤 건가요?",1.0,2026-10-01T05:17:50.553Z,
148,chosen,custom,예전과 비교하면 좋아진 습관은 무엇인가요?,과거의 나보다 좋아진 습관이 있다면 무엇인가요?,1.0,2026-10-01T02:09:26.634Z,
150,chosen,custom,가장 빨리 흘러가는 순간은 언제인가요?,오늘 하루를 기록한다면 어떤 제목을 붙이고 싶나요?,1.0,2026-10-01T05:18:32.860Z,
151,chosen,keep,가족 중 가장 편하게 대화하는 사람은 누구인가요?,가족 중 가장 편하게 대화하는 사람은 누구인가요?,1.0,2026-10-01T05:11:26.934Z,
153,chosen,custom,어떤 사람과 함께할 때 에너지가 채워지는 느낌을 받나요?,"만났을 때 기운을 얻게 되는 사람이 있다면, 누구인가요?",1.0,2026-10-01T04:51:22.944Z,
155,chosen,o2,가장 기억에 남는 누군가의 메시지는 무엇인가요?,최근 누군가에게 받은 기분 좋은 문자는 무엇인가요?,1.0,2026-10-01T04:37:06.517Z,
158,chosen,custom,어떤 사람과 함께할 때 계속 웃게 되나요?,"나를 웃게 만드는 재주가 있는 친구가 있다면, 어떤 사람인가요?",1.0,2026-10-01T05:03:36.179Z,
159,chosen,o1,처음 만난 사람에게 호감을 느끼는 포인트는 무엇인가요?,"요즘 새로 알게 된 사람 중 호감이 가는 사람이 있다면, 어떤 점이 끌리나요?",1.0,2026-09-25T02:19:33.467Z,
165,chosen,custom,주변 사람들로부터 자주 받는 부탁은 무엇인가요?,"주변 사람들로부터 자주 듣는 부탁이 있다면, 어떤 건가요?",1.0,2026-10-01T04:36:27.091Z,
17,chosen,keep,여행지에서 꼭 들르는 곳은 어디인가요?,여행지에서 꼭 들르는 곳은 어디인가요?,1.0,2026-10-01T04:25:59.333Z,
175,chosen,custom,힘들게 하는 사람과 어떻게 거리를 두는 편인가요?,"나를 힘들게 하는 사람과 거리를 두는 방법이 있다면, 어떤 건가요?",1.0,2026-10-01T05:25:14.821Z,
178,chosen,ai2,주로 어떤 사람과 함께 있으면 성장한다고 느끼나요?,나를 성장하게 한 인연이 있다면 누구인가요?,1.0,2026-10-01T05:20:59.298Z,
183,chosen,o1,"다투고 나면 먼저 사과하는 편인가요, 기다리는 편인가요?",다투면 먼저 사과하는 편인가요? 사과할 때 나만의 방식이 있나요?,1.0,2026-10-01T04:55:58.646Z,
185,pending,,,,,2026-10-01T05:22:06.965Z,
188,pending,,,,,2026-10-01T05:24:41.816Z,
190,chosen,o1,관계를 정리하게 되는 순간은 언제인가요?,"관계를 정리할 때 나만의 기준이 있다면, 어떤 건가요?",1.0,2026-10-01T04:23:55.966Z,
193,chosen,o2,주변 사람에게 배우고 싶은 점은 무엇인가요?,누군가에게 배운 삶의 자세가 있다면 무엇인가요?,1.0,2026-10-01T05:05:22.742Z,
198,chosen,custom,사람들과 빨리 친해지는 편인가요?,진심이 통했다고 느꼈던 특별한 순간은 언제인가요?,1.0,2026-10-01T05:33:30.023Z,
205,chosen,o1,누군가를 믿게 되는 순간은 언제인가요?,내가 생각하는 믿음의 무게는 어느 정도인가요?,1.0,2026-10-01T05:29:09.616Z,
21,chosen,custom,언제든 다시 보고픈 순간은 어떤 모습인가요?,"남들은 모르지만 혼자 발견한 풍경이 있다면, 어떤 풍경인가요?",1.0,2026-10-01T04:12:28.656Z,
211,chosen,custom,좋아하는 마음이 생길 때 가장 먼저 티 나는 행동은 무엇인가요?,"사랑이 시작될 때 나만 아는 신호가 있다면, 어떤 건가요?",1.0,2026-10-01T04:17:09.817Z,
213,chosen,custom,사랑은 설렘과 신뢰 중 어느쪽에 가까운가요?,내가 생각하는 사랑은 어떤 느낌인가요?,1.0,2026-10-01T04:58:03.129Z,
214,chosen,o1,"첫눈에 반하는 편인가요, 천천히 스며드는 편인가요?","첫눈에 반한 적이 있다면, 어떤 느낌이었나요?",1.0,2026-10-01T04:18:50.987Z,
219,chosen,ai0,누군가를 귀엽다고 느끼는 순간은 주로 언제인가요?,"사랑하는 사람의 습관 중 귀여운 점이 있다면, 어떤 건가요?",1.0,2026-10-01T04:58:29.532Z,
220,chosen,o1,받고 싶은 고백은 어떤 모습인가요?,가장 기억에 남는 고백의 순간은 언제인가요?,1.0,2026-10-01T05:23:36.850Z,
229,pending,,,,,2026-10-01T04:29:46.564Z,
231,chosen,custom,연애를 시작할 때 절대 넘어갈 수 없는 포인트는 무엇인가요?,나만의 독특한 연애관이 있다면 무엇인가요?,1.0,2026-10-01T04:53:08.240Z,
235,chosen,o2,"관계가 끝날 때 나는 빨리 정리하는 편인가요, 오래 걸리는 편인가요?",이별을 통해 배운 가장 큰 깨달음은 무엇인가요?,1.0,2026-10-01T05:33:03.532Z,
237,chosen,o2,연애에서 가장 조심하는 부분은 무엇인가요?,사랑에 대해 내가 가진 가장 큰 두려움은 무엇인가요?,1.0,2026-10-01T05:29:24.683Z,
245,chosen,o2,좋아하는 사람이 생기면 가장 먼저 변하는 것은 무엇인가요?,"사랑하는 사람 때문에 내가 바뀐 점이 있다면, 어떤 건가요?",1.0,2026-10-01T05:07:13.028Z,
247,chosen,o2,마음을 말로 표현하는 게 쉬운 편인가요?,"사랑하는 사람에게 끝내 하지 못한 말이 있다면, 어떤 말인가요?",1.0,2026-10-01T04:36:03.343Z,
25,chosen,keep,"나만 알고 있는 맛집이 있다면, 어떤 곳인가요?","나만 알고 있는 맛집이 있다면, 어떤 곳인가요?",1.0,2026-09-30T23:09:28.041Z,
252,chosen,ai0,지칠 때 주로 떠올리는 말은 무엇인가요?,"지칠 때 힘이 되는 나만의 문장이 있다면, 어떤 문장인가요?",1.0,2026-10-01T05:32:48.688Z,
263,chosen,custom,매일 지키려고 노력하는 마음가짐은 무엇인가요?,"매일 지키고 싶은 나만의 마음가짐이 있다면, 어떤 건가요?",1.0,2026-10-01T04:33:42.753Z,
270,chosen,keep,나에게 '약속'은 어떤 무게인가요?,나에게 '약속'은 어떤 무게인가요?,1.0,2026-10-01T05:24:51.555Z,
291,chosen,o2,그때 다른 선택을 했다면 어땠을까 싶은 순간은 언제인가요?,"과거로 돌아갈 수 있다면 바꾸고 싶은 선택이 있다면, 어떤 건가요?",1.0,2026-10-01T04:58:10.091Z,
3,chosen,custom,비오는 날 찾게 되는 노래는 무엇인가요?,"비 올 때 듣고 싶은 노래가 있다면, 어떤 노래인가요?",1.0,2026-10-01T02:11:50.824Z,
300,chosen,o2,버킷리스트 1순위는 무엇인가요?,"내 인생에서 꼭 한 번은 경험하고 싶은 순간이 있다면, 어떤 건가요?",1.0,2026-10-01T04:59:38.711Z,
301,chosen,o1,꼭 필요하진 않지만 사고 싶은 물건은 무엇인가요?,최근에 꼭 필요하지 않지만 산 물건은 무엇인가요?,1.0,2026-09-30T23:05:58.329Z,
306,chosen,keep,최근 산 것 중 가장 만족스러운 건 무엇인가요?,최근 산 것 중 가장 만족스러운 건 무엇인가요?,1.0,2026-09-30T23:11:52.042Z,
31,chosen,custom,좋아하는 말투와 목소리의 특징은 무엇인가요?,"좋아하는 목소리나 말투가 있다면, 어떤 느낌인가요?",1.0,2026-09-30T23:15:53.720Z,
315,chosen,o1,새로운 걸 배울 때 나에게 맞는 방식은 무엇인가요?,"나만의 공부 스타일이 있다면, 어떤 건가요?",1.0,2026-09-30T22:54:34.912Z,
32,chosen,o1,오래 간직하고 있는 물건은 무엇인가요?,"오래된 물건 중 버리지 못하는 게 있다면, 어떤 물건인가요?",1.0,2026-10-01T04:13:28.874Z,
320,chosen,custom,힘들 때마다 찾는 곳은 어디인가요?,"힘들 때마다 찾게 되는 곳이 있다면, 어디인가요?",1.0,2026-09-30T23:20:14.053Z,
325,chosen,custom,마음에 오래 남은 문장은 무엇인가요?,좋아하는 시의 제목이나 글귀가 있다면 어떤 건가요?,1.0,2026-09-30T23:09:17.714Z,
331,chosen,o1,기록으로 남기고 싶은 순간은 주로 어떤 때인가요?,SNS에 일상을 올리는 편인가요? 올린다면 어떤 순간을 주로 올리나요?,1.0,2026-10-01T04:09:54.591Z,
332,chosen,o1,기분까지 충전해주는 나만의 소울푸드는 무엇인가요?,오늘 먹은 것 중 기분까지 완벽하게 충전해준 메뉴는 무엇인가요?,1.0,2026-09-30T22:53:46.526Z,
333,chosen,o1,가장 좋아하는 소리나 향기는 무엇인가요?,"오늘 기억에 남는 소리나 향기가 있다면, 어떤 건가요?",1.0,2026-09-30T22:53:44.012Z,
335,chosen,o1,돈이 아깝지 않았던 소비는 무엇인가요?,오늘 쓴 돈이나 시간 중 가심비 최고였던 건 무엇이었나요?,1.0,2026-09-30T22:54:02.283Z,
336,chosen,o1,복잡한 마음을 잠시 쉬게 해주는 것은 무엇인가요?,오늘 내 복잡한 마음을 잠시 쉬게 해준 건 무엇이었나요?,1.0,2026-10-01T02:04:44.619Z,
337,chosen,o1,나에게 진짜 휴식은 어떤 모습인가요?,오늘 온전한 휴식시간을 보냈나요?,1.0,2026-09-30T22:53:49.216Z,
338,chosen,o1,더 깊이 알고 싶은 분야나 주제는 무엇인가요?,오늘 새롭게 알게 된 것 중 더 궁금해진 건 무엇이었나요?,1.0,2026-09-30T22:53:57.804Z,
344,chosen,o1,멍하니 있고 싶을 때는 언제인가요?,오늘 갑자기 멍해진 순간이 있었나요?,1.0,2026-09-30T22:53:59.826Z,
345,chosen,keep,최근 나에게 고생했다고 토닥여주고 싶은 날은 언제였나요?,최근 나에게 고생했다고 토닥여주고 싶은 날은 언제였나요?,1.0,2026-09-30T23:12:52.214Z,
347,chosen,o1,힘든 날 나를 달래주는 나만의 방법은 무엇인가요?,"오늘 속으로 나를 가만히 안아준 적이 있다면, 어떤 순간이었나요?",1.0,2026-09-25T02:14:45.244Z,
348,chosen,custom,요즘 하루를 한 단어로 표현하면 무엇일까요?,오늘 하루를 관통한 감정에 이름을 붙인다면 무엇일까요?,1.0,2026-09-30T23:05:56.530Z,
350,chosen,o1,몸과 마음이 기분 좋게 늘어지는 순간은 언제인가요?,몸과 마음이 기분 좋게 늘어진 순간이 있었나요?,1.0,2026-09-30T23:05:47.880Z,
351,chosen,custom,낯설게만 느껴지는 감정은 무엇인가요?,"내 안에서 낯선 감정이 고개를 들었던 적이 있다면, 어떤 느낌이었나요?",1.0,2026-10-01T02:12:23.738Z,
353,chosen,o1,내가 나에게 가장 듣고 싶은 칭찬은 무엇인가요?,오늘 내 자신에게 칭찬 한 마디를 남긴다면 무엇일까요?,1.0,2026-09-30T22:54:19.765Z,
354,chosen,custom,하루 중 가장 기분이 가라 앉는 순간은 언제인가요?,오늘 하루 감정 그래프를 그리면 어떤 모양일까요?,1.0,2026-10-01T04:33:10.950Z,
355,chosen,o1,감정을 억누르기 힘든 순간은 주로 언제인가요?,오늘 감정을 억누르기 힘든 순간이 있었나요?,1.0,2026-09-30T22:54:36.729Z,
356,chosen,o1,나를 기분 좋게 하는 사소한 것은 무엇인가요?,"오늘 아주 잠깐이라도 행복이 스친 순간이 있다면, 어떤 순간이었나요?",1.0,2026-09-30T22:53:53.129Z,
357,chosen,custom,기분이 가라앉았을 때 힘이 되는 것은 무엇인가요?,"축 처져 있다가 기분이 다시 살아난 계기가 있다면, 어떤 건가요?",1.0,2026-09-30T23:14:53.387Z,
358,chosen,o1,마음이 흐릿하고 가라앉는 날은 주로 어떤 날인가요?,"오늘 내 마음이 회색빛처럼 흐릿했던 때가 있다면, 어떤 순간이었나요?",1.0,2026-09-30T22:54:33.480Z,
359,chosen,o2,나를 버티게 하는 힘은 무엇인가요?,요즘 나를 든든하게 지탱해주는 감정은 무엇인가요?,1.0,2026-10-01T04:14:52.592Z,
360,chosen,o1,요즘 가장 자주 느끼는 감정은 무엇인가요?,오늘 하루 중 가장 단골손님처럼 찾아온 감정은 무엇인가요?,1.0,2026-09-30T23:05:50.413Z,
361,chosen,o2,기분이 예상과 다르게 흘러갈 때 어떻게 하나요?,오늘 감정이 내 예상과 전혀 다르게 흘러갔나요?,1.0,2026-09-30T22:54:52.448Z,
362,chosen,o1,기분이 갑자기 바뀌는 순간은 주로 언제인가요?,"오늘 감정의 온도가 급격히 변한 시점이 있다면, 어떤 때였나요?",1.0,2026-09-30T22:54:30.125Z,
364,chosen,o1,나를 가장 강하게 흔드는 감정은 무엇인가요?,최근 나를 가장 강하게 흔들어 놓은 감정은 무엇인가요?,1.0,2026-09-30T23:16:00.264Z,
365,chosen,o1,나를 가장 쉽게 지치게 만드는 것은 무엇인가요?,오늘 나를 가장 진 빠지게 만든 감정은 무엇인가요?,1.0,2026-09-30T22:53:50.629Z,
367,chosen,o2,요즘 누군가에게 털어놓고 싶은 마음은 무엇인가요?,"이번 주에 아직 꺼내지 못한 감정이 있다면, 무엇인가요?",1.0,2026-10-01T05:01:42.960Z,
368,chosen,o1,지금 내 기분을 한 단어로 말하면 무엇인가요?,지금 내 기분을 딱 한 단어로 정의한다면 뭘까요?,1.0,2026-10-01T05:10:59.437Z,
369,chosen,o1,가장 마주하기 싫은 감정은 무엇인가요?,오늘 내가 필사적으로 피하고 싶었던 감정은 무엇인가요?,1.0,2026-09-30T22:53:55.531Z,
370,chosen,o1,아침에 눈을 뜨면 가장 먼저 드는 기분은 주로 어떤가요?,"오늘 아침, 눈을 떴을 때 가장 먼저 든 기분은 무엇인가요?",1.0,2026-09-30T23:13:52.982Z,
373,chosen,o1,오래 간직하고 싶은 감정은 무엇인가요?,"오늘이 지나도 꼭 간직하고 싶은 감정이 있다면, 어떤 건가요?",1.0,2026-09-30T23:08:53.132Z,
374,chosen,o1,다시 느끼고 싶지 않은 감정은 무엇인가요?,오늘 느낀 감정 중 다시 느끼고 싶지 않은 건 무엇인가요?,1.0,2026-09-30T22:54:27.460Z,
376,chosen,custom,유독 티내기 힘든 감정은 무엇인가요?,"오늘 감정을 말로 설명하기 참 어려웠던 순간이 있다면, 어떤 때였나요?",1.0,2026-10-01T04:22:51.688Z,
377,chosen,o2,나의 에너지 충전 방법은 무엇인가요?,"오늘 완전히 방전됐다가 다시 충전된 순간이 있다면, 어떤 때였나요?",1.0,2026-09-30T23:11:02.030Z,
38,chosen,o2,"좋아하는 것을 즐길 때 혼자가 좋나요, 함께가 좋나요?","전시회에서 작품을 보는 나만의 방식이 있다면, 어떤 건가요?",1.0,2026-10-01T04:25:00.601Z,
383,chosen,o1,사람들이 잘 모르는 나의 의외의 모습은 무엇인가요?,내 모습을 숨김없이 다 보여준다면 어떤 일이 벌어질 것 같나요?,1.0,2026-10-01T04:23:34.586Z,
384,chosen,custom,나도 이해할 수 없는 내 모습은 무엇인가요?,"나도 이해 안 되는 내 모습이 있다면, 어떤 모습인가요?",1.0,2026-10-01T04:03:26.690Z,
386,chosen,custom,힘든 일이 생기면 어떻게 버티나요?,지금 겪고 있는 힘든 일이 있다면 무엇인가요?,1.0,2026-09-30T23:08:41.879Z,
396,chosen,o1,"참다가 폭발하는 편인가요, 그때그때 표현하는 편인가요?","참다 참다 폭발한 적이 있다면, 어떤 상황이었나요?",1.0,2026-09-30T23:09:21.177Z,
399,chosen,o1,"울고 싶을 때 참는 편인가요, 우는 편인가요?","울고 싶어도 꾹 참아야만 했던 순간, 주저하게 만든 건 무엇이었나요?",1.0,2026-10-01T05:26:17.150Z,
401,chosen,custom,감정이 몰려와 힘들 때 주로 무엇을 하나요?,슬픈 영화나 노래를 일부러 찾아보며 감정을 쏟아내고 싶었던 적이 있나요?,1.0,2026-09-30T22:56:19.117Z,
403,chosen,custom,밤마다 불안하게 만드는 고민은 주로 무엇인가요?,"밤에 갑자기 불안해진 적이 있다면, 어떤 생각이 찾아왔나요?",1.0,2026-10-01T05:08:09.651Z,
404,chosen,custom,가장 두려운 실패는 무엇인가요?,실패가 두려운 편인가요? 어떤 실패가 가장 무서운가요?,1.0,2026-10-01T05:33:41.885Z,
405,chosen,custom,요즘 가장 큰 걱정은 무엇인가요?,걱정이 많은 편인가요? 요즘 가장 큰 걱정은 뭔가요?,1.0,2026-10-01T05:11:46.519Z,
417,chosen,keep,"최근에 시작한 일 중 루틴에 넣고 싶은 일이 있다면, 어떤 건가요?","최근에 시작한 일 중 루틴에 넣고 싶은 일이 있다면, 어떤 건가요?",1.0,2026-09-30T23:10:44.196Z,
419,chosen,o1,잠들기 전 주로 무엇을 하나요?,"잠 들기 전 꼭 하는 일이 있다면, 어떤 건가요?",1.0,2026-10-01T02:13:46.760Z,
423,chosen,o2,바쁠 때 가장 먼저 포기하는 것은 무엇인가요?,오늘 나를 정신없이 달리게 만든 주범은 무엇인가요?,1.0,2026-10-01T02:11:27.736Z,
425,chosen,o1,아무 생각 없이 반복하는 나의 습관은 무엇인가요?,오늘 아무 생각 없이 기계적으로 반복한 행동은 무엇인가요?,1.0,2026-10-01T04:33:58.556Z,
426,chosen,o1,요즘 나의 에너지를 가장 많이 쓰게 하는 일은 무엇인가요?,오늘 나의 에너지를 가장 많이 잡아먹은 일은 무엇인가요?,1.0,2026-10-01T05:14:50.231Z,
427,chosen,o1,하루 중 몸이 가장 바쁜 시간은 언제인가요?,오늘 몸이 가장 바쁘게 움직였던 시간은 언제인가요?,1.0,2026-10-01T02:11:33.293Z,
428,chosen,custom,더이상 미루고 싶지 않은 일은 무엇인가요?,계속 미루고 있는 일 하나를 지금 꺼낸다면 무엇인가요?,1.0,2026-10-01T04:34:15.984Z,
429,chosen,o2,요즘 일상에서 가장 좋아하는 순간은 언제인가요?,요즘 내 삶에 기분 좋게 스며든 나만의 루틴은 무엇인가요?,1.0,2026-10-01T05:30:29.197Z,
43,chosen,custom,나의 인생책은 무엇인가요?,딱 한 권만 남길 수 있다면 어떤 책인가요?,1.0,2026-10-01T05:39:04.510Z,
430,chosen,o1,나도 모르게 과하게 하는 것은 무엇인가요?,오늘 조금 과하다 싶었던 나의 행동은 무엇이었나요?,1.0,2026-10-01T05:00:31.443Z,
431,chosen,custom,최근에 가장 많이 반복한 행동은 무엇인가요?,오늘 하루 종일 가장 많이 반복한 행동은 무엇이었나요?,1.0,2026-10-01T04:01:43.729Z,
432,chosen,o1,"나는 계획적으로 사는 편인가요, 즉흥적으로 사는 편인가요?",오늘은 하루를 계획적으로 보냈나요 아니면 즉흥적으로 보냈나요?,1.0,2026-09-30T23:15:31.988Z,
433,chosen,ai0,요즘 스스로를 칭찬하고 싶은 순간은 주로 언제인가요?,오늘 루틴 중에서 나를 칭찬해주고 싶은 순간은 무엇인가요?,1.0,2026-10-01T05:19:53.720Z,
435,chosen,custom,요즘 가장 정리하고 싶은 것은 무엇인가요?,오늘 정리한 나의 생활이나 마음은 무엇이었나요?,1.0,2026-10-01T05:14:43.670Z,
437,chosen,keep,"손이 안 가서 끝까지 붙잡고 있었던 일이 있다면, 어떤 건가요?","손이 안 가서 끝까지 붙잡고 있었던 일이 있다면, 어떤 건가요?",1.0,2026-10-01T05:13:47.517Z,
438,skipped,,,,,2026-10-01T04:56:37.607Z,
440,skipped,,,,,2026-10-01T05:00:38.761Z,
443,chosen,o1,집중이 가장 잘 되는 시간대는 언제인가요?,"집중이 잘 되는 시간대가 있다면, 언제인가요?",1.0,2026-10-01T04:24:51.342Z,
444,chosen,ai0,집중이 가장 잘 되는 장소는 주로 어디인가요?,어디서 공부하는 게 가장 잘 되나요?,1.0,2026-10-01T05:10:51.396Z,
445,chosen,o1,"집중할 때 음악을 듣는 편인가요, 조용한 게 좋은가요?",공부할 때 음악을 듣는 편인가요? 어떤 분위기의 음악인가요?,1.0,2026-10-01T05:31:36.214Z,
447,chosen,o1,"여러 일을 동시에 하는 편인가요, 하나에 몰입하는 편인가요?","여러 일을 동시에 챙기는 편인가요, 아니면 하나에 깊이 몰입하는 편인가요?",1.0,2026-10-01T05:28:51.499Z,
448,chosen,o2,"막힐 때 혼자 파고드는 편인가요, 도움을 요청하는 편인가요?",공부하다 막히면 어떻게 하나요?,1.0,2026-10-01T05:17:18.347Z,
450,chosen,custom,집중이 안될 때 다시 집중하는 나만의 방법은 무엇인가요?,"집중이 안 될 때 나를 다시 잡아주는 나만의 방법이 있다면, 어떤 건가요?",1.0,2026-10-01T02:10:49.617Z,
451,chosen,custom,어떤 상황에 주로 번아웃이 왔나요?,"번아웃이 온 적이 있다면, 어떤 상황에서였나요?",1.0,2026-10-01T04:32:45.764Z,
452,chosen,custom,휴식시간에 주로 무엇을 하나요?,공부하다 잠깐 쉴 때 주로 뭘 하나요?,1.0,2026-10-01T05:03:08.660Z,
453,chosen,o1,마음 편히 쉬기 어려울 때는 언제인가요?,"쉬고 있는데도 불안했던 적이 있다면, 그 불안은 어디에서 오는 걸까요?",1.0,2026-10-01T04:34:25.447Z,
456,chosen,custom,집중할 때 꼭 옆에 두어야하는 것은 무엇인가요?,"공부나 작업할 때 옆에 꼭 있어야 편한 것이 있다면, 어떤 건가요?",1.0,2026-10-01T04:16:11.841Z,
457,chosen,o2,버릴지 말지 고민될 때 나의 기준은 무엇인가요?,물건을 잘 버리는 편인가요? 버릴 때 기준이 있다면 어떤 건가요?,1.0,2026-10-01T04:07:46.204Z,
458,chosen,custom,나만의 정리 규칙은 무엇인가요?,물건의 자리가 정해져 있는 편인가요? 나만의 정리 규칙이 있다면 어떤 건가요?,1.0,2026-09-30T23:17:15.116Z,
460,chosen,o1,"주변이 어수선하면 바로 치우는 편인가요, 그냥 두는 편인가요?","주변이 어수선할 때 그대로 두는 편인가요, 아니면 정리를 해야만 마음이 편해지나요?",1.0,2026-10-01T05:26:20.049Z,
462,chosen,custom,지금 당장 버리고 싶은 것은 무엇인가요?,"지금 당장 버리고 싶은 것이 있다면, 어떤 건가요?",1.0,2026-10-01T05:21:23.903Z,
464,chosen,custom,이동할 때 어떻게 시간을 보내나요?,"운동할 때 꼭 듣는 음악이 있다면, 어떤 건가요?",1.0,2026-10-01T04:21:08.456Z,
467,chosen,keep,운동할 때 혼자하는 것과 같이 하는 것 중 무엇이 더 좋은가요?,운동할 때 혼자하는 것과 같이 하는 것 중 무엇이 더 좋은가요?,1.0,2026-10-01T04:56:08.974Z,
468,chosen,custom,주변인이 보는 '몰입하는 나'는 어떤 사람인가요?,운동하면서 나 자신에 대해 알게 된 점이 있나요?,1.0,2026-10-01T04:09:49.257Z,
469,chosen,custom,"모든 귀찮은 날엔 쉬는 편인가요, 그래도 하는 편인가요?",운동하기 싫은 날은 어떻게 하나요?,1.0,2026-10-01T04:38:26.726Z,
470,chosen,o2,건강을 위해 올해 해보고 싶은 것은 무엇인가요?,"운동 목표가 있다면, 어떤 목표인가요?",1.0,2026-10-01T05:04:29.264Z,
471,chosen,custom,나만의 작은 성취를 어떻게 축하하고 있나요?,"나만의 작은 성취를 기록하는 방식이 있다면, 어떤 건가요?",1.0,2026-10-01T02:14:16.412Z,
472,chosen,o2,성취감을 느끼는 순간은 주로 언제인가요?,"운동으로 성취감을 느낀 적이 있다면, 어떤 순간이었나요?",1.0,2026-10-01T04:32:27.030Z,
473,chosen,custom,물건을 살 때 포기 못하는 기준은 무엇인가요?,"물건을 살 때 가격을 꼼꼼히 따져보는 편인가요, 아니면 가격보다 더 중요하게 여기는 나만의 기준이 있나요?",1.0,2026-10-01T03:59:07.827Z,
476,chosen,o2,가장 돈을 아끼지 않는 분야는 무엇인가요?,"소비 습관 중 바꾸고 싶은 게 있다면, 어떤 건가요?",1.0,2026-10-01T05:13:27.048Z,
478,pending,,,,,2026-10-01T05:20:29.480Z,
481,chosen,o1,가장 잘 쓰고 있는 구독 서비스나 앱은 무엇인가요?,지금 구독하고 있는 서비스는 무엇이 있나요?,1.0,2026-10-01T04:56:39.939Z,
483,chosen,o2,기억에 남는 꿈 이야기를 들려주세요.,"꿈을 기록해본 적이 있다면, 어떤 경험이었나요?",1.0,2026-10-01T04:36:07.813Z,
485,chosen,o2,잠 못 드는 밤에 주로 떠오르는 생각은 무엇인가요?,"밤에 갑자기 마음이 무거워진 적이 있다면, 어떤 생각이 찾아왔나요?",1.0,2026-10-01T05:05:28.539Z,
489,chosen,o2,내 입버릇은 무엇인가요?,"생각할 틈도 없이 자동으로 나오는 나만의 반응이 있다면, 어떤 건가요?",1.0,2026-10-01T04:33:18.818Z,
490,chosen,ai1,남들에게 좋다고 말하지만 사실 꺼리는 건 무엇인가요?,"겉으론 '응'이라고 하지만 속으론 '싫어' 하는 게 있다면, 어떤 건가요?",1.0,2026-10-01T04:15:38.242Z,
491,chosen,custom,요즘 충분한 휴식을 갖고 있나요?,오늘 충분히 휴식했나요?,1.0,2026-10-01T04:22:25.125Z,
492,chosen,custom,일과 삶의 균형을 위해 노력하고 있는 건 무엇인가요?,"오늘 일과 삶의 균형을 위해 노력한 게 있다면, 어떤 건가요?",1.0,2026-09-30T23:18:55.808Z,
498,chosen,o1,메시지와 전화 중 어떤 연락이 더 편한가요?,어떤 연락 스타일을 갖고 있나요?,1.0,2026-10-01T05:29:15.628Z,
5,chosen,o1,계절이 바뀔 때 떠오르는 냄새는 무엇인가요?,"계절이 바뀌 때 기억나는 냄새가 있다면, 어떤 냄새인가요?",1.0,2026-09-30T23:12:59.101Z,
50,chosen,o1,예전과 비교해 가장 많이 바뀐 내 취향은 무엇인가요?,"예전엔 좋아했는데 지금은 아닌 취향이 있다면, 어떤 건가요?",1.0,2026-09-30T23:15:00.276Z,
506,chosen,o2,관계가 기울어졌다고 느낄 때 나는 어떻게 하나요?,"나만 노력하는 것 같은 관계가 있다면, 어떤 관계인가요?",1.0,2026-10-01T05:19:58.831Z,
507,chosen,custom,가족들에게 솔직하게 말하기 어려운 부분은 무엇인가요?,"가족이라서 참고 있는 게 있다면, 어떤 건가요?",1.0,2026-10-01T04:57:36.257Z,
508,chosen,keep,"오래 알았는데 멀어진 사람이 있다면, 어떤 사이였나요?","오래 알았는데 멀어진 사람이 있다면, 어떤 사이였나요?",1.0,2026-10-01T05:05:13.431Z,
509,chosen,o1,가족에게 인정받고 싶은 부분은 무엇인가요?,"부모님한테 인정받고 싶은 마음이 있다면, 어떤 부분에서 인정받고 싶나요?",1.0,2026-10-01T04:02:41.150Z,
512,chosen,custom,상황과 유전 중 사람을 더 크게 바꾸는 건 뭘까요?,"상황이 사람을 바꾼다고 느꼈던 적이 있다면, 어떤 경험이었나요?",1.0,2026-10-01T04:48:07.320Z,
513,chosen,custom,외로움이 밀려올 때 어떻게 행동하나요?,"외로움이 무서워서 관계를 유지한 적이 있다면, 어떤 관계였나요?",1.0,2026-10-01T05:13:14.018Z,
514,chosen,o2,요즘 마음을 가장 많이 쓰는 관계는 무엇인가요?,"요즘 가장 신경쓰이는 사람이 있다면, 어떤 이유인가요?",1.0,2026-10-01T04:37:45.897Z,
515,chosen,o1,대화가 즐거운 사람의 공통점은 무엇인가요?,최근에 가장 기분 좋게 이야기를 나눈 사람은 누구인가요?,1.0,2026-10-01T04:14:46.672Z,
517,chosen,o2,스스로에게 가장 자주 하는 다짐은 무엇인가요?,"나 자신과 했던 약속 중 아직 유효한 게 있다면, 어떤 건가요?",1.0,2026-10-01T04:55:11.023Z,
518,chosen,o2,요즘 '고마워'라고 말하고 싶은 사람은 어떤 사람인가요?,"오늘 누군가에게 ""고마워""라고 말하고 싶었나요?",1.0,2026-10-01T04:58:15.842Z,
52,chosen,o2,최근 가장 크게 웃었던 순간은 언제인가요?,오늘 나를 웃게 만든 장면은 무엇인가요?,1.0,2026-09-30T23:14:03.597Z,
522,chosen,o2,"친해지는 데 오래 걸리는 편인가요, 금방 친해지는 편인가요?",사람들과 더 가까워지는 걸 방해하는 게 있다면요?,1.0,2026-10-01T04:55:16.674Z,
524,chosen,keep,"말을 건네고 싶었지만 꾹 참은 사람이 있다면, 어떤 말을 하고 싶었나요?","말을 건네고 싶었지만 꾹 참은 사람이 있다면, 어떤 말을 하고 싶었나요?",1.0,2026-10-01T04:19:16.889Z,
525,chosen,o1,"미안할 때 나는 말로 하나요, 행동으로 하나요?",오늘 누군가에게 미안한 마음이 가볍게 스쳤나요?,1.0,2026-10-01T05:19:01.450Z,
526,chosen,o2,관계에서 가장 에너지가 많이 드는 순간은 언제인가요?,"오늘 관계 때문에 마음이 조금 무거웠다면, 어떤 일이었나요?",1.0,2026-10-01T04:15:45.291Z,
528,chosen,o2,최근 대화 중 마음에 오래 남은 한마디는 무엇인가요?,오늘 누군가와 진심이 닿는 대화를 나눴나요?,1.0,2026-09-25T02:14:35.243Z,
529,chosen,o1,다른 사람의 감정을 잘 알아채는 편인가요?,상대의 감정을 예민하게 읽어낸 순간이 있었나요?,1.0,2026-10-01T04:29:24.819Z,
53,chosen,o2,마음이 가장 고요해지는 장소나 시간은 언제인가요?,오늘 하루 중 가장 차분했던 때는 언제인가요?,1.0,2026-09-30T23:16:45.064Z,
530,chosen,o2,먼저 다가가고 싶은데 망설여지는 순간은 언제인가요?,"오늘 내가 먼저 용기 내어 다가간 적이 있다면, 어떤 순간이었나요?",1.0,2026-09-30T23:17:24.264Z,
531,chosen,o1,내가 사람들을 웃게 만드는 방식은 무엇인가요?,오늘 내가 누군가를 소리 내어 웃게 만들었나요?,1.0,2026-10-01T04:36:50.766Z,
533,chosen,custom,고마운 사람들의 특징은 무엇인가요?,"이번 주, 존재만으로도 감사했던 사람이 있었나요?",1.0,2026-10-01T04:18:44.440Z,
534,chosen,o1,"말을 다정하게 하는 편인가요, 직설적으로 하는 편인가요?","""조금 더 다정하게 말할걸"" 하고 후회되는 순간은 언제인가요?",1.0,2026-10-01T05:27:51.980Z,
536,chosen,o1,소중한 사람과 함께할 때 가장 좋아하는 순간은 언제인가요?,"이번 주, 소중한 사람과 함께한 기억을 한 줄로 적어볼까요?",1.0,2026-10-01T05:15:09.318Z,
538,chosen,o2,다시 연락이 닿는다면 반가울 사람은 어떤 사이인가요?,"다시 잡고 싶은 인연이 있다면, 어떤 사이였나요?",1.0,2026-10-01T05:04:15.127Z,
54,chosen,keep,"최근에 눈물이 났던 적이 있다면, 어떤 순간이었나요?","최근에 눈물이 났던 적이 있다면, 어떤 순간이었나요?",1.0,2026-10-01T02:05:03.522Z,
540,chosen,custom,나에게 가장 상처를 줬던 관계는 무엇이었나요?,나에게 상처를 줬지만 덕분에 강해진 경험이 있나요?,1.0,2026-10-01T05:20:51.516Z,
541,chosen,custom,'지금이면 더 잘할 수 있을텐데..' 아쉬움이 남는 순간은 언제인가요?,"그때 하지 못한 말이 있다면, 지금은 할 수 있을까요?",1.0,2026-10-01T05:02:12.780Z,
543,chosen,custom,인간적으로 반하게 되는 사람들의 매력은 무엇인가요?,"주변 사람을 덕질해 본 적이 있다면, 누구였나요?",1.0,2026-10-01T05:17:14.049Z,
545,chosen,custom,소중한 사람에게 전하지 못했지만 꼭 하고픈 말은 무엇인가요?,소중한 사람에게 아직 전하지 못한 고마운 말이 있나요?,1.0,2026-10-01T04:35:38.234Z,
555,chosen,o1,"싸우면 바로 푸는 편인가요, 시간을 두는 편인가요?",싸운 뒤 바로 풀려고 하는 편인가요 아니면 시간을 두고 대화하는 편인가요?,1.0,2026-10-01T04:34:29.149Z,
56,chosen,o1,들으면 기운이 나는 말은 무엇인가요?,오늘 나를 기운 나게 한 말은 무엇인가요?,1.0,2026-09-30T22:54:31.897Z,
564,chosen,custom,이상형 조건 중 가장 먼저 포기하는 포인트는 무엇인가요?,이상형과 실제 사귄 사람이 같은 편인가요? 다르다면 어떤 점이 다른가요?,1.0,2026-10-01T05:09:24.312Z,
566,chosen,custom,처음엔 별로였지만 나중에 좋아한 사람들의 특징은 무엇이었나요?,"처음엔 별로였는데 나중에 좋아진 적이 있다면, 어떤 경험이었나요?",1.0,2026-10-01T02:09:05.133Z,
567,chosen,custom,마음이 몽글몽글해졌던 순간은 언제였나요?,"이번 주, 마음이 몽글몽글한 순간은 언제였나요?",1.0,2026-10-01T04:39:31.192Z,
57,chosen,keep,최근에 가장 크게 웃었던 일은 무엇인가요?,최근에 가장 크게 웃었던 일은 무엇인가요?,1.0,2026-09-30T22:56:24.198Z,
570,chosen,o1,이상형 조건 중 가장 특이한 것은 무엇인가요?,"이상형 중 특이한 조건이 있다면, 어떤 건가요?",1.0,2026-10-01T05:22:59.421Z,
571,chosen,o1,가장 해보고 싶은 데이트는 무엇인가요?,데이트 중 가장 창피했던 일은 무엇인가요?,1.0,2026-10-01T05:28:56.365Z,
578,chosen,o2,스스로에게 가장 엄격해지는 순간은 언제인가요?,나에게 좀 더 다정해지고 싶은 순간이 있나요?,1.0,2026-10-01T05:03:14.891Z,
58,chosen,custom,요즘 가장 열정을 갖고 하고 있는 일은 무엇인가요?,지금 내 마음의 온도는 몇 도쯤 될까요?,1.0,2026-10-01T05:01:31.881Z,
581,chosen,o1,내 생각을 쉽게 굽히지 않는 주제는 무엇인가요?,내가 틀렸다는 걸 인정하기 어려운 주제가 있다면 무엇인가요?,1.0,2026-10-01T04:38:41.665Z,
584,chosen,o1,여유가 생기면 가장 먼저 챙기고 싶은 것은 무엇인가요?,삶에서 놓치고 있는 게 있다면 무엇인가요?,1.0,2026-10-01T05:20:32.800Z,
588,chosen,o1,과거의 나에게 '괜찮아'라고 말해주고 싶은 순간은 언제인가요?,"과거의 나에게 '괜찮아, 그럴 수 있어'라고 말해주고 싶은 순간이 있나요?",1.0,2026-10-01T05:00:11.495Z,
589,chosen,ai1,가장 살아보고 싶은 시대는 언제인가요?,과거로 돌아가고 싶은 순간이 있나요?,1.0,2026-10-01T05:01:07.724Z,
59,chosen,ai1,스스로에게 주로 실망하는 순간은 언제인가요?,오늘 하루 중 가장 아쉬웠던 순간은 언제인가요?,1.0,2026-10-01T04:14:19.557Z,
590,chosen,keep,"과거에 받은 상처 중 아직 아물지 않은 게 있다면, 어떤 건가요?","과거에 받은 상처 중 아직 아물지 않은 게 있다면, 어떤 건가요?",1.0,2026-10-01T05:13:31.557Z,
591,chosen,custom,꼭 잊고 싶은 기억은 무엇인가요?,"잊고 싶은 기억이 있다면, 어떤 종류의 기억인가요?",1.0,2026-10-01T05:16:17.514Z,
595,chosen,o1,지금 나는 꿈과 현실 중 어느 쪽에 더 가까운가요?,꿈과 현실의 균형을 어떻게 맞추고 있나요?,1.0,2026-10-01T05:27:48.362Z,
60,chosen,o1,지금 누군가에게 전하고 싶은 말은 무엇인가요?,지금 당장 하고 싶은 말이 있다면 무엇인가요?,1.0,2026-09-30T22:54:46.199Z,
604,chosen,custom,요즘 가장 관심 있는 주제는 무엇인가요?,최근에 가장 기억에 남는 뉴스는 뭔가요?,1.0,2026-10-01T05:28:17.870Z,
605,chosen,custom,"힘들지만 괜찮다고 넘긴 적 있다면, 어떤 순간이었나요?","괜찮지 않은데 '괜찮아'라고 넘긴 적이 있다면, 어떤 순간이었나요?",1.0,2026-10-01T02:06:43.704Z,
607,chosen,o1,스스로를 위로해주고 싶은 순간은 언제인가요?,어떤 순간에 나를 더 안아주고 싶어지나요?,1.0,2026-10-01T05:13:38.349Z,
608,chosen,custom,채워지지 않는 결핍은 무엇인가요?,채워지지 않는 결핍이 있다면 무엇인가요?,1.0,2026-10-01T05:23:32.285Z,
609,chosen,custom,자꾸만 미루게 되는 일은 무엇인가요?,회피하고 있는게 있다면 무엇인가요?,1.0,2026-10-01T04:17:33.086Z,
61,chosen,o2,요즘 나를 답답하게 만드는 것은 무엇인가요?,최근 나를 가장 답답하게 만든 일은 무엇인가요?,1.0,2026-09-30T23:16:37.515Z,
610,chosen,o2,예전과 지금 생각이 가장 달라진 주제는 무엇인가요?,"가장 최근에 생각이 바뀐 주제가 있다면, 어떤 건가요?",1.0,2026-09-30T23:13:51.498Z,
612,chosen,o1,절대 바뀌지 않을 것 같은 내 생각은 무엇인가요?,"절대 바뀌지 않을 것 같은 생각이 있다면, 어떤 건가요?",1.0,2026-10-01T05:19:50.022Z,
613,chosen,custom,시간이 지나며 더이상 중요하지 않게 된 건 무엇인가요?,예전엔 중요했는데 지금은 중요하지 않은 것이 있다면 무엇인가요?,1.0,2026-10-01T04:11:14.975Z,
616,chosen,custom,자존심 때문에 놓친 가장 소중한 것은 무엇인가요?,"자존심 때문에 놓친 게 있다면, 어떤 건가요?",1.0,2026-10-01T05:12:41.686Z,
618,chosen,o1,예전보다 조심스러워진 부분은 무엇인가요?,"예전보다 조심스러워진 부분이 있다면, 어떤 건가요?",1.0,2026-10-01T05:13:34.681Z,
619,chosen,custom,믿음이 가장 크게 무너졌던 순간은 언제였나요?,"확신이 무너졌던 경험이 있다면, 어떤 일이었나요?",1.0,2026-10-01T05:15:39.853Z,
62,chosen,custom,불안 속에서 나를 잡아주는 것은 무엇인가요?,"불안한 마음이 들 때 나를 잡아주는 문장이 있다면, 어떤 문장인가요?",1.0,2026-10-01T02:07:21.521Z,
622,chosen,o1,내 인생에서 덜어내고 싶은 것은 무엇인가요?,요즘 내 인생에서 과감히 덜어내기로 한 것은 무엇인가요?,1.0,2026-10-01T05:10:26.527Z,
623,chosen,o2,최근 내가 내린 선택 중 잘했다 싶은 건 무엇인가요?,돌아보니 칭찬해주고 싶은 오늘의 선택은 무엇인가요?,1.0,2026-09-30T23:06:08.559Z,
624,chosen,o2,최근에 배운 작은 교훈은 무엇인가요?,이번 주가 나에게 조용히 건네준 교훈은 무엇인가요?,1.0,2026-10-01T05:29:36.026Z,
625,chosen,custom,예전과 달리 지금은 덤덤해진 일은 무엇인가요?,"예전이라면 크게 흔들렸을 상황에서, 의외로 덤덤해진 나를 발견한 순간이 있었나요?",1.0,2026-10-01T04:00:04.091Z,
626,chosen,o1,요즘 나를 움직이게 하는 가장 큰 동력은 무엇인가요?,오늘 나를 움직이게 한 가장 큰 동력은 무엇인가요?,1.0,2026-10-01T04:37:57.531Z,
627,chosen,o2,다시 살아보고 싶은 하루는 언제인가요?,시간을 되돌린다면 오늘을 어떻게 다르게 살까요?,1.0,2026-10-01T04:21:47.687Z,
628,chosen,ai0,평소 남 눈치 안 보고 정하는 건 주로 무엇인가요?,오늘 누구의 눈치도 보지 않고 오직 내 마음대로 정한 건 무엇인가요?,1.0,2026-10-01T04:35:13.357Z,
629,chosen,o1,예전엔 당연했는데 지금은 다르게 보이는 것은 무엇인가요?,"예전에는 당연했는데 지금은 다르게 보이는 것이 있다면, 어떤 건가요?",1.0,2026-10-01T05:13:17.801Z,
63,chosen,o1,다가오는 일 중 가장 기대되는 것은 무엇인가요?,"내일 일어날 일 중 설레는 게 있다면, 어떤 건가요?",1.0,2026-09-30T22:54:39.212Z,
632,chosen,o1,어른이 되었다고 느끼는 순간은 언제인가요?,문득 나 자신이 어른스러워졌다고 느낀 최근의 순간은 언제인가요?,1.0,2026-09-30T23:10:55.982Z,
633,chosen,ai0,평소 원칙을 지키려고 주로 어떤 방법을 쓰나요?,"오늘 나의 원칙을 잘 지켜냈다면, 어떤 방식으로 지켰나요?",1.0,2026-10-01T04:21:22.171Z,
638,chosen,o1,선택을 후회하지 않기 위한 나만의 방법은 무엇인가요?,가보지 않은 길에 대한 미련을 지우는 나만의 방식은 무엇인가요?,1.0,2026-10-01T05:03:59.378Z,
641,chosen,o2,미래의 나를 위해 요즘 하고 있는 작은 일은 무엇인가요?,오늘의 작은 선택이 미래의 나를 어떻게 바꿀까요?,1.0,2026-10-01T04:11:54.394Z,
642,chosen,custom,최근 실수에서 배웠던 건 무엇이었나요?,오늘 겪은 시련이나 실수에서 찾은 뜻밖의 배움은 무엇이었나요?,1.0,2026-10-01T04:19:05.835Z,
643,chosen,o1,사람들이 잘 모르는 나의 반전 매력은 무엇인가요?,"이번 주, 나에 대해 새롭게 발견한 의외의 면은 무엇인가요?",1.0,2026-10-01T05:14:25.352Z,
645,chosen,custom,크게 성장했던 순간들의 공통점은 무엇인가요?,"성장했다고 느낀 순간이 있다면, 어떤 때였나요?",1.0,2026-10-01T04:23:29.559Z,
646,chosen,custom,더 나은 내가 되기 위해 노력하고 있는 것은 무엇인가요?,"지금보다 나은 나를 위해 요즘 시도하고 있는 것이 있다면, 어떤 건가요?",1.0,2026-10-01T02:13:19.002Z,
647,chosen,custom,어떤 일이 있어도 꼭 지키고 싶은 하나의 물건은 무엇인가요?,"모든 물건이 있는 집에 불이 났을 때, 소중한 가족과 애완동물을 대피시킨 후 하나의 물건만 가져나올 수 있다면 뭘 고를 것인가요?",1.0,2026-10-01T04:49:17.843Z,
648,chosen,o1,절대 장난스럽게 말할 수 없는 주제는 무엇인가요?,"절대 장난스럽게 얘기할 수 없는 진지한 주제가 있다면, 무엇인가요?",1.0,2026-10-01T04:32:53.384Z,
649,chosen,keep,어떻게 죽게 될지에 대한 나만의 예감이 있나요?,어떻게 죽게 될지에 대한 나만의 예감이 있나요?,1.0,2026-10-01T04:57:13.592Z,
653,chosen,o1,능력과 상관없이 해보고 싶은 직업은 무엇인가요?,"능력과 상관없이 하고 싶은 직업이 있다면, 어떤 건가요?",1.0,2026-10-01T04:36:56.778Z,
657,chosen,keep,이 세상에서 가장 부러운 사람은 누구인가요?,이 세상에서 가장 부러운 사람은 누구인가요?,1.0,2026-10-01T05:29:31.782Z,
66,chosen,keep,최근에 가장 뿌듯했던 순간은 언제인가요?,최근에 가장 뿌듯했던 순간은 언제인가요?,1.0,2026-09-30T23:10:06.828Z,
661,chosen,o1,여러 곳을 돌아보는 여행과 한 곳에 머무는 여행 중 뭐가 더 끌리나요?,여러 나라를 도는 여행과 한 곳에 머무는 여행 중 뭐가 더 마음이 가나요?,1.0,2026-10-01T05:25:54.721Z,
67,chosen,o1,나는 주로 어떤 상황에서 질투를 느끼나요?,최근에 질투를 느꼈던 순간이 있다면 어떤 상황이었나요?,1.0,2026-09-30T22:54:25.894Z,
689,chosen,ai1,친구 관계에서 깊이와 넓이 중 뭐가 더 중요한가요?,친구 한 명을 잃는 것과 나머지 모든 친구를 잃는 것 중 뭐가 더 아픈가요?,1.0,2026-10-01T05:22:48.399Z,
69,chosen,custom,가장 큰 용기를 내봤던 순간 언제인가요?,"최근에 용기를 냈던 경험이 있다면, 어떤 순간이었나요?",1.0,2026-09-30T23:13:46.627Z,
697,chosen,o2,"연애를 하면 주변에 공개하는 편인가요, 비밀로 하는 편인가요?",연애는 SNS에 공개하는 것과 비공개로 두는 것 중 뭐가 더 편한가요?,1.0,2026-10-01T05:03:19.962Z,
74,chosen,custom,자주 느끼지만 남들에게 티내지 않으려고 노력하는 감정은 무엇인가요?,"최근에 느낀 감정 중 이름 붙이기 힘든 게 있었다면, 어떤 느낌이었나요?",1.0,2026-10-01T05:00:07.806Z,
745,chosen,o1,하기 싫은 일로 월 600을 버는 것과 자유롭게 지내며 월 200을 받는 것 중 뭐가 더 나은가요?,퇴사 못 하는 회사에서 월 600을 버는 것과 백수로 지내며 월 200을 받는 것 중 뭐가 더 나은가요?,1.0,2026-10-01T05:07:27.428Z,
748,chosen,o2,성장과 여유 중 요즘 더 필요한 것은 무엇인가요?,바쁘지만 성장하는 회사와 여유롭지만 성장 없는 회사 중 뭐가 더 나은가요?,1.0,2026-10-01T05:28:47.866Z,
751,chosen,o1,배울 게 많은 사람과 편한 사람 중 누구와 함께하고 싶나요?,배울 게 많은 상사와 편한 상사 중 누가 더 좋은가요?,1.0,2026-10-01T05:29:58.611Z,
755,chosen,custom,힘들어도 성장하는 것과 편하지만 성장하기는 어려운 것 중 뭐가 나은가요?,존중하는 상사의 힘든 일과 무관심한 상사의 편한 일 중 뭐가 더 나은가요?,1.0,2026-10-01T05:27:28.930Z,
78,chosen,o1,과거의 나에게 해주고 싶은 위로의 말은 무엇인가요?,"과거의 나에게 해주고 싶은 위로가 있다면, 어떤 말인가요?",1.0,2026-09-30T23:15:06.749Z,
79,chosen,keep,행복의 기준이 있다면 무엇인가요?,행복의 기준이 있다면 무엇인가요?,1.0,2026-09-30T23:13:50.097Z,
794,chosen,custom,먼 미래를 먼저 생각하고 연애를 시작하는 편인가요?,먼 미래를 계획하는 연애와 지금을 즐기는 연애 중 뭐가 더 편한가요?,1.0,2026-10-01T04:55:05.757Z,
798,chosen,o2,한 달의 자유 시간이 생긴다면 여행과 자기계발 중 무엇을 고를까요?,"지금 아니면 못 갈 것 같다면, 여행과 커리어 중 뭐가 더 끌리나요?",1.0,2026-10-01T05:15:03.153Z,
80,chosen,o1,"용서가 쉬운 편인가요, 어려운 편인가요?","최근에 누군가를 용서했던 경험이 있다면, 어떤 일이었나요?",1.0,2026-09-30T22:54:24.392Z,
802,chosen,ai0,리더와 팔로워 중 어느 쪽에 더 가까운가요?,망해가는 회사의 사장과 잘나가는 대기업의 평사원 중 뭐가 더 편한가요?,1.0,2026-10-01T05:01:36.263Z,
807,chosen,o2,"일과 삶의 경계가 확실한 게 좋나요, 유연한 게 좋나요?",야근 잦은 회사와 강도 높아도 칼퇴하는 회사 중 뭐가 더 끌리나요?,1.0,2026-10-01T05:29:02.948Z,
81,chosen,o1,"감정을 솔직하게 말하는 편인가요, 참는 편인가요?","감정을 솔직하게 표현해서 후련했던 순간이 있다면, 어떤 때였나요?",1.0,2026-09-30T22:56:34.129Z,
82,chosen,custom,생각만해도 두려움이 몰려오는 것은 무엇인가요?,"두려움을 극복하고 무언가 해낸 적이 있다면, 어떤 일이었나요?",1.0,2026-10-01T04:28:46.267Z,
827,chosen,o1,"불의에 맞서려면 법을 어겨도 되나요, 부당해도 법은 지켜야 하나요?","평소 '법을 어기더라도 불의에 맞서야 한다'고 생각하시나요, 아니면 '부당해도 법은 지켜야 한다'고 생각하시나요?",1.0,2026-10-01T05:04:24.078Z,
83,chosen,custom,감정을 다스리는 나만의 루틴은 무엇인가요?,"내 감정을 다스리는 나만의 루틴이 있다면, 어떤 건가요?",1.0,2026-10-01T04:02:03.163Z,
84,chosen,custom,남에게 말하지 못한 비밀스러운 걱정은 무엇인가요?,"남에게 말하지 못한 비밀스러운 걱정이 있다면, 어떤 건가요?",1.0,2026-10-01T03:59:28.743Z,
85,chosen,keep,누군가에게 깊은 감동을 받았던 순간은 언제인가요?,누군가에게 깊은 감동을 받았던 순간은 언제인가요?,1.0,2026-10-01T05:26:06.719Z,
86,chosen,o1,슬플 때 나를 건져주는 것은 무엇인가요?,한참 슬펐을 때 나를 건져준 건 무엇인가요?,1.0,2026-10-01T05:27:57.530Z,
875,chosen,o2,새 질문 없이 중복만 제거,선택지가 너무 많은 것과 하나의 길만 걷는 것 중 뭐가 더 답답한가요?,1.0,2026-10-01T05:29:42.864Z,
88,chosen,o1,한계에 부딪혔다고 느낄 때 나는 어떻게 하나요?,"최근에 나의 한계를 느꼈던 적이 있다면, 어떤 순간이었나요?",1.0,2026-09-30T23:05:54.416Z,
90,chosen,keep,지금 내가 가장 필요한 감정은 뭘까요?,지금 내가 가장 필요한 감정은 뭘까요?,1.0,2026-10-01T05:22:55.534Z,
93,chosen,custom,소소하지만 살아있길 잘했다 싶은 순간은 언제인가요?,"내가 세상에 태어나길 잘했다고 느낀 순간이 있다면, 어떤 때였나요?",1.0,2026-09-30T23:13:48.395Z,
94,chosen,custom,가장 힘들었던 순간에서 배운 것은 무엇인가요?,가장 힘들었던 순간에서 배운게 있다면 무엇인가요?,1.0,2026-10-01T02:10:22.508Z,
D661,chosen,o1,작은 일인데 괜히 뿌듯해지는 순간은 언제인가요?,최근에 가장 뿌듯했던 순간은 언제인가요?,0.0,2026-09-30T14:10:45.340Z,
D662,chosen,custom,내가 생각하는 사랑은 무엇인가요?,사랑이라는 감정을 어떻게 정의하고 싶나요?,0.0,2026-09-30T23:06:43.759Z,
D663,chosen,o1,하루 중 가장 많이 웃는 시간은 언제인가요?,최근에 가장 크게 웃었던 일은 무엇인가요?,0.0,2026-09-30T14:11:01.573Z,
D664,chosen,o1,좋아하는 사람이 가장 멋있어 보이는 순간은 언제인가요?,내가 가장 아름답다고 느끼는 사람의 모습은 무엇인가요?,0.0,2026-09-30T14:11:17.641Z,
D665,chosen,ai0,두려운 일을 마주하면 주로 어떻게 하나요?,두려움을 극복하고 무언가 해낸 적이 있나요?,0.0,2026-09-30T14:12:49.820Z,
D666,chosen,o1,"나는 질투가 많은 편인가요, 없는 편인가요?",질투라는 감정을 느낀 적이 있나요?,0.0,2026-09-30T14:12:56.540Z,
D670,chosen,custom,화가 날 때 마음을 풀기 위해 무엇을 하나요?,내 감정을 다스리는 나만의 루틴이 있나요?,0.0,2026-09-30T23:07:23.230Z,
