출처,참고 원문,관심사,레벨,문구,T,P,E,W,S,F,C
Drive·나답 질문 리스트,스트레스를 받으면 몸 어디가 가장 먼저 아픈가요?,감정,1,스트레스를 받으면 몸의 어디가 가장 먼저 신호를 보내나요?,0,0,1,1,1,t,0
Drive·나답 질문 리스트,외로움을 느끼는 순간은 주로 언제인가요?,감정,2,외로움을 느끼는 순간은 주로 언제인가요?,0,0,2,2,2,t,0
Drive·나답 질문 리스트,나의 미적 기준은 무엇인가요?,취향,2,예쁘다고 느끼는 것들의 공통점은 무엇인가요?,0,0,2,1,1,t,0
Drive·나답 질문 리스트,책이나 영화를 한 번만 깊게 보는 편인가요 아니면 여러 번 반복해서 보는 걸 좋아하나요?,취향,1,"좋아하는 콘텐츠는 한 번만 보는 편인가요, 여러 번 다시 보는 편인가요?",0,0,1,1,1,c,0
Drive·나답 질문 리스트,누군가 내 일상을 관찰한다면 나를 어떤 사람이라 할까요?,루틴,2,누군가 내 하루를 몰래 본다면 나를 어떤 사람이라고 할까요?,0,0,2,1,1,h,0
Drive·통찰질문(고통의 언어),"힘들 때 당신을 위로하는 방법은 진짜 위로인가요, 아니면 고통을 미루는 것인가요?",감정,2,"힘들 때 나를 달래는 방법은 진짜 쉼인가요, 잠깐 미루는 건가요?",0,0,2,2,2,c,0
Drive·통찰질문(내면화된 목소리),"마음속 비판적인 목소리는 구체적으로 뭐라고 말하며, 그 목소리는 원래 누구의 것이었나요?",감정,2,마음속에서 나를 가장 자주 다그치는 말은 무엇인가요?,0,0,2,2,2,t,0
Drive·통찰질문(숨겨진 욕망),아무도 보지 않을 때 당신이 하는 일은 무엇이며 어떤 욕구를 채우나요?,취향,1,아무도 안 볼 때 나는 주로 무엇을 하나요?,0,0,1,1,2,t,0
Drive·통찰질문(의존),"힘들 때 연락하는 사람에게서 진짜 필요한 것은 해결책인가요, 공감인가요, 아니면 그냥 존재해주는 것인가요?",관계,1,"힘들 때 나에게 필요한 건 해결책인가요, 공감인가요?",0,0,1,1,1,c,0
Drive·통찰질문(거절),"거절했을 때 느끼는 죄책감은, 상대를 실망시킨 것에 대한 것인가요 아니면 나쁜 사람이 될까봐 두려운 것인가요?",관계,1,거절하고 나면 미안함과 후련함 중 뭐가 더 큰가요?,0,0,1,1,1,c,0
Drive·통찰질문(함께하는 외로움),"사람들 속에서 느끼는 외로움은, 누구도 진짜 당신을 모르기 때문인가요 아니면 진짜 당신을 보여주지 않기 때문인가요?",관계,2,여럿이 있을 때와 혼자일 때 중 언제 더 외로운가요?,0,0,2,2,2,c,0
Drive·통찰질문(내 기준의 성장),"당신이 추구하는 성장은 정말 당신이 원하는 것인가요, 아니면 누군가를 만족시키기 위한 것인가요?",가치관,2,"지금 애쓰는 일은 내가 원해서인가요, 남의 기대 때문인가요?",0,1,2,1,2,c,0
Drive·통찰질문(안전지대의 교환),컴포트 존을 벗어났을 때 잃은 것과 얻은 것을 비교하면 어느 쪽이 더 컸나요?,취향,1,익숙한 것과 새로운 것 중 뭐가 더 끌리나요?,0,0,1,1,1,c,0
Drive·통찰질문(돈의 의미),돈이 생기면 가장 먼저 하고 싶은 일은 무엇인가요?,가치관,1,갑자기 100만 원이 생기면 가장 먼저 무엇을 할까요?,0,0,1,1,1,h,0
Drive·통찰질문(몰입의 순간),일하면서 시간 가는 줄 모를 때는 어떤 일을 할 때인가요?,루틴,1,시간 가는 줄 모르고 빠져드는 일은 무엇인가요?,0,0,1,1,1,p,0
Drive·통찰질문(일과 삶의 경계),퇴근 후에도 일이 머릿속을 떠나지 않나요?,루틴,1,쉬는 시간에도 할 일이 자꾸 떠오르는 편인가요?,0,0,1,1,1,t,0
Drive·통찰질문(정체성과 직업),당신은 자신을 소개할 때 직업을 먼저 말하나요?,가치관,1,나를 소개할 때 가장 먼저 꺼내는 말은 무엇인가요?,0,0,1,1,1,t,0
Drive·통찰질문(완벽함),"당신이 추구하는 완벽함은 탁월함을 향한 것인가요, 아니면 비난을 피하기 위한 방어인가요?",가치관,2,"완벽하게 하고 싶은 마음은 잘하고 싶어서인가요, 실수가 싫어서인가요?",0,0,2,1,2,c,0
Drive·통찰질문(부모와의 관계),"당신은 부모로부터 무엇을 물려받았고, 무엇을 물려주지 않기로 결심했나요?",관계,1,가족에게 물려받아 좋았던 습관은 무엇인가요?,0,0,1,1,1,p,0
Drive·통찰질문(삶의 균형),"당신의 삶에서 ""해야 한다""와 ""하고 싶다""의 비율은 몇 대 몇이며, 이상적인 비율은 무엇인가요?",가치관,1,내 하루에서 '해야 해'와 '하고 싶어'의 비율은 몇 대 몇인가요?,0,0,1,1,1,t,0
Drive·통찰질문(시간의 사용),"당신이 죽기 전 마지막 1년이 남았다면, 지금 하고 있는 일 중 무엇을 멈추고 무엇을 시작할까요?",가치관,2,딱 1년만 자유롭게 살 수 있다면 가장 먼저 무엇을 할까요?,0,0,2,1,1,h,0
신규·관계 보강,,관계,1,친구와 만나면 주로 어디서 시간을 보내나요?,0,0,1,1,1,p,0
신규·관계 보강,,관계,1,"약속은 미리 잡는 편인가요, 즉흥적으로 만나는 편인가요?",0,0,1,1,1,c,0
신규·관계 보강,,관계,1,친구에게 가장 자주 보내는 이모티콘은 무엇인가요?,0,0,1,1,1,p,0
신규·관계 보강,,관계,1,"단체 대화방에서 나는 말하는 편인가요, 보는 편인가요?",0,0,1,1,1,c,0
신규·관계 보강,,관계,1,처음 만난 사람과 금방 친해지게 되는 대화 주제는 무엇인가요?,0,0,1,1,1,t,0
신규·관계 보강,,관계,1,오랜만에 연락할 때 가장 먼저 보내는 말은 무엇인가요?,0,0,1,1,1,t,0
신규·관계 보강,,관계,1,친구들 사이에서 나는 어떤 캐릭터인가요?,0,0,1,1,1,t,0
신규·관계 보강,,관계,1,선물로 물건과 손편지 중 뭐가 더 좋나요?,0,0,1,1,1,c,0
신규·관계 보강,,관계,2,나를 잘 아는 친구가 말하는 나의 버릇은 무엇일까요?,0,0,1,1,1,h,0
신규·관계 보강,,관계,1,함께 있으면 시간이 빨리 가는 사람은 어떤 사람인가요?,0,0,1,1,1,t,0
신규·관계 보강,,관계,2,사람을 만나고 나면 혼자만의 시간이 꼭 필요한 편인가요?,0,0,1,1,1,t,0
신규·선호형 보강,,루틴,1,가장 좋아하는 아침 메뉴는 무엇인가요?,0,0,1,1,1,p,0
신규·선호형 보강,,루틴,1,잠들기 전 마지막으로 보는 앱은 무엇인가요?,0,0,1,1,1,t,0
신규·선호형 보강,,루틴,1,비 오는 날 집에서 가장 하고 싶은 일은 무엇인가요?,0,0,1,1,1,p,0
신규·선호형 보강,,루틴,1,가장 좋아하는 산책 코스는 어떤 곳인가요?,0,1,1,1,1,p,0
신규·선호형 보강,,루틴,1,일주일 중 가장 기다려지는 순간은 언제인가요?,0,0,1,1,1,p,0
신규·선호형 보강,,루틴,1,샤워할 때 주로 무슨 생각을 하나요?,0,0,1,1,1,t,0
신규·선호형 보강,,루틴,1,가장 좋아하는 간식은 무엇인가요?,0,0,1,1,1,p,0
신규·선호형 보강,,루틴,1,편의점에 가면 꼭 사는 것은 무엇인가요?,0,0,1,1,1,t,0
신규·선호형 보강,,감정,1,기분이 좋을 때 나도 모르게 하는 행동은 무엇인가요?,0,0,1,1,1,t,0
신규·선호형 보강,,감정,2,"설렐 때와 긴장할 때, 내 몸은 어떻게 다르게 반응하나요?",0,0,2,1,1,t,0
신규·선호형 보강,,감정,1,좋은 기분을 오래 붙잡는 나만의 방법은 무엇인가요?,0,0,1,1,1,t,0
신규·선호형 보강,,사랑,1,좋아하는 사람에게 들으면 설레는 말은 무엇인가요?,0,0,1,1,2,p,0
신규·선호형 보강,,사랑,1,사랑 노래 중 가장 공감 가는 노래는 무엇인가요?,0,0,1,1,1,p,0
신규·선호형 보강,,사랑,1,"고백은 직접 만나서가 좋나요, 편지가 좋나요?",0,0,1,1,1,c,0
신규·선호형 보강,,가치관,1,하루가 25시간이 된다면 남는 1시간에 무엇을 할까요?,0,0,1,1,1,h,0
신규·선호형 보강,,가치관,1,나를 위한 소비와 남을 위한 소비 중 뭐가 더 기분 좋나요?,0,0,1,1,1,c,0
신규·선호형 보강,,가치관,2,10년 전의 나와 지금의 나 중 누가 더 행복할까요?,0,0,2,1,2,c,0
신규·선호형 보강,,취향,1,가장 좋아하는 글씨체는 어떤 느낌인가요?,0,0,1,1,1,p,0
신규·선호형 보강,,취향,1,가장 좋아하는 계절 음식은 무엇인가요?,0,0,1,1,1,p,0
신규·선호형 보강,,취향,1,가장 좋아하는 캐릭터는 무엇인가요?,0,0,1,1,1,p,0
신규·선호형 보강,,취향,1,방에 딱 하나만 들일 수 있다면 어떤 가구를 고를까요?,0,0,1,1,1,h,0
