신규 ID,문구,이전 관심사,새 관심사
N008,아무도 안 볼 때 나는 주로 무엇을 하나요?,취향,루틴
N011,여럿이 있을 때와 혼자일 때 중 언제 더 외로운가요?,관계,감정
N014,갑자기 100만 원이 생기면 가장 먼저 무엇을 할까요?,가치관,취향
N029,선물로 물건과 손편지 중 뭐가 더 좋나요?,관계,취향
N033,가장 좋아하는 아침 메뉴는 무엇인가요?,루틴,취향
N035,비 오는 날 집에서 가장 하고 싶은 일은 무엇인가요?,루틴,취향
N036,가장 좋아하는 산책 코스는 어떤 곳인가요?,루틴,취향
N039,가장 좋아하는 간식은 무엇인가요?,루틴,취향
N040,편의점에 가면 꼭 사는 것은 무엇인가요?,루틴,취향
N047,하루가 25시간이 된다면 남는 1시간에 무엇을 할까요?,가치관,루틴
S001,나도 모르게 자주 쓰는 말버릇은 무엇인가요?,취향,루틴
S006,하얀 거짓말을 하게 되는 순간은 주로 언제인가요?,가치관,관계
S011,노래를 흥얼거리게 되는 건 주로 언제인가요?,취향,감정
S018,혼자 생각에 잠기는 시간이 많은 편인가요?,가치관,루틴
S026,"새 물건을 사면 설명서부터 읽나요, 일단 써보나요?",취향,루틴
S033,"연락이 뜸해지면 불안해지는 편인가요, 크게 신경 안 쓰는 편인가요?",사랑,관계
S034,"가까워질수록 편해지나요, 가끔 거리를 두고 싶어지나요?",사랑,관계
S047,'매일이 이랬으면 좋겠다' 싶은 날은 어떤 날인가요?,감정,루틴
S048,내 이름의 뜻은 나와 얼마나 닮았나요?,취향,가치관
S061,남들은 잘 모르는 나의 숨은 재주는 무엇인가요?,취향,가치관
S081,다시 태어난다면 사람 말고 무엇으로 태어나고 싶나요?,취향,가치관
S082,주변에서 알려준 나의 잠버릇은 무엇인가요?,취향,루틴
S090,함께 사는 것과 혼자 사는 것 중 뭐가 더 편한가요?,루틴,취향
S095,당연하게 여겼지만 사실 고마운 것은 무엇인가요?,감정,가치관
S096,'나는 ___한 사람이다' 빈칸에 넣고 싶은 말은 무엇인가요?,감정,가치관
X011,스트레스를 받으면 당기는 음식은 무엇인가요?,루틴,감정
X016,선물을 고를 때 실용성과 의미 중 뭘 더 챙기나요?,관계,취향
X019,칭찬을 들으면 나는 어떻게 반응하는 편인가요?,관계,감정
X030,평생 무료로 받을 수 있다면 무엇을 고를까요?,가치관,취향
X037,휴대폰 사진첩에 가장 많이 있는 사진은 무엇인가요?,루틴,취향
X039,내 알고리즘에 자주 뜨는 영상은 어떤 종류인가요?,루틴,취향
X040,배달앱에서 가장 자주 시키는 메뉴는 무엇인가요?,루틴,취향
Y009,"사고 싶은 물건이 생기면 바로 사나요, 장바구니에 묵혀두나요?",취향,루틴
Y012,아는 길과 처음 가보는 길 중 어느 쪽으로 가고 싶나요?,루틴,취향
Y024,"머리가 복잡할 때 몸을 움직이나요, 가만히 쉬나요?",루틴,감정
