출처,분류,문구,가이드,n,최근접 기존,유사도
나답 질문 리스트,취향,비 올 때 듣고 싶은 노래가 있나요?,빗소리에 어울리는 노래는 즐거움을 줘요.,비올때듣고싶은노래가있나요,"비 올 때 듣고 싶은 노래가 있다면, 어떤 노래인가요?",0.78
나답 질문 리스트,취향,계절이 바뀔 때 기억나는 냄새가 있나요?,공기 속에도 계절마다 다른 향이 섞여 있어요.,계절이바뀔때기억나는냄새가있나요,"계절이 바뀌 때 기억나는 냄새가 있다면, 어떤 냄새인가요?",0.71
나답 질문 리스트,취향,가장 좋아하는 날씨는 어떤 상태인가요?,날씨에 따라 하고 싶은 일도 달라져요.,가장좋아하는날씨는어떤상태인가요,가장 좋아하는 날씨는 어떤 건가요?,0.73
나답 질문 리스트,취향,주말 아침에 가장 하고 싶은 활동은 무엇인가요?,쉬는 날의 시작을 상상하면 기분이 좋아져요.,주말아침에가장하고싶은활동은무엇인가요,주말 아침에 가장 하고 싶은 일은 무엇인가요?,0.77
나답 질문 리스트,취향,좋아하는 향수나 섬유유연제 향이 있나요?,향기는 공간의 분위기를 바꿔주기도 해요.,좋아하는향수나섬유유연제향이있나요,,0.0
나답 질문 리스트,취향,남들은 모르지만 혼자 발견한 풍경이 있나요?,자신만의 시선으로 세상을 보는 건 멋진 일이에요.,남들은모르지만혼자발견한풍경이있나요,"남들은 모르지만 혼자 발견한 풍경이 있다면, 어떤 풍경인가요?",0.86
나답 질문 리스트,취향,입었을 때 가장 본인다운 옷차림은 무엇인가요?,만족스러운 스타일이 최고의 옷차림이에요.,입었을때가장본인다운옷차림은무엇인가요,입었을 때 가장 나다운 옷차림은 무엇인가요?,0.78
나답 질문 리스트,취향,나만 알고 있는 맛집이 있나요?,소중한 사람에게만 알려주고 싶은 곳이 있죠.,나만알고있는맛집이있나요,"나만 알고 있는 맛집이 있다면, 어떤 곳인가요?",0.76
나답 질문 리스트,취향,스트레스를 받을 때 듣는 플레이리스트가 있나요?,음악은 마음을 진정시키는 좋은 방법이에요.,스트레스를받을때듣는플레이리스트가있나요,,0.0
나답 질문 리스트,취향,사진 찍을 때 주로 담는 피사체는 무엇인가요?,기억하고 싶은 순간이 사진에 남아요.,사진찍을때주로담는피사체는무엇인가요,사진 찍을 때 주로 담는 장면은 무엇인가요?,0.66
나답 질문 리스트,취향,최근에 꼭 필요하지 않지만 산 물건은 무멋인가요?,필요하진 않지만 꼭 사고 싶은 물건들이 있어요.,최근에꼭필요하지않지만산물건은무멋인가요,최근에 꼭 필요하지 않지만 산 물건은 무엇인가요?,0.86
나답 질문 리스트,취향,평생 한 가지 음식만 먹어야 할 때 선택하고 싶은 음식은 무엇인가요?,매일 먹어도 질리지 않는 음식이 하나쯤 있어요.,평생한가지음식만먹어야할때선택하고싶은음식은무엇인가요,,0.0
나답 질문 리스트,취향,야심 차게 시작했지만 딱 일주일 만에 포기한 취미는?,도전했다는 것만으로도 충분히 재미있는 경험이에요.,야심차게시작했지만딱일주일만에포기한취미는,"야심 차게 시작했다가 금방 포기한 취미가 있다면, 어떤 건가요?",0.47
나답 질문 리스트,취향,새로운 장소를 갈 때 미리 동선을 짜는 편인가요 아니면 발길 닿는 대로 걷는 걸 좋아하나요?,공간을 경험하는 방식에서 통제와 자유의 비중이 보여요.,새로운장소를갈때미리동선을짜는편인가요아니면발길닿는대로걷는걸좋아하나요,,0.0
나답 질문 리스트,취향,책이나 영화를 한 번만 깊게 보는 편인가요 아니면 여러 번 반복해서 보는 걸 좋아하나요?,"여러 번 고민하며 생각을 정리하는 것을 선호하기도 하고, 한 번뿐인 순간의 경험에 오롯이 집중하기도 해요.",책이나영화를한번만깊게보는편인가요아니면여러번반복해서보는걸좋아하나요,,0.0
나답 질문 리스트,취향,매력을 느끼는 목소리나 말투가 있나요?,대화할 때 기분을 좋게 만드는 포인트가 있어요.,매력을느끼는목소리나말투가있나요,"좋아하는 목소리나 말투가 있다면, 어떤 느낌인가요?",0.57
나답 질문 리스트,취향,오래된 물건 중 버리지 못하는 게 있나요?,물건에 담긴 기억은 쉽게 사라지지 않아요.,오래된물건중버리지못하는게있나요,"오래된 물건 중 버리지 못하는 게 있다면, 어떤 물건인가요?",0.81
나답 질문 리스트,취향,누군가에게 선물할 때 가장 고려하는 것은 무엇인가요?,나의 마음을 전달하는 나만의 기준이 있어요.,누군가에게선물할때가장고려하는것은무엇인가요,누군가에게 선물할 때 가장 신경 쓰는 건 무엇인가요?,0.63
나답 질문 리스트,취향,추구하는 라이프스타일이 있나요?,"와 저렿게 살고 싶다! 라고 생각되는 라이프스타일, 곰곰이 생각해보면 하나쯤은 떠오를 거에요.",추구하는라이프스타일이있나요,어떤 라이프스타일로 살고 싶나요?,0.54
나답 질문 리스트,취향,나만의 특별한 요리 레시피가 있나요?,나를 위해 만드는 음식은 특별한 정성이에요.,나만의특별한요리레시피가있나요,"나만의 특별한 요리 레시피가 있다면, 어떤 건가요?",0.9
나답 질문 리스트,취향,전시회에 가면 작품을 보는 나만의 방식이 있나요?,예술을 즐기는 태도도 중요한 취향이에요.,전시회에가면작품을보는나만의방식이있나요,"전시회에서 작품을 보는 나만의 방식이 있다면, 어떤 건가요?",0.77
나답 질문 리스트,취향,나의 미적 기준은 무엇인가요?,마음에 들어서 사 모은 물건들을 보면 공통점이 있어요.,나의미적기준은무엇인가요,내가 생각하는 '좋은 사람'의 기준은 무엇인가요?,0.36
나답 질문 리스트,취향,인생에서 딱 한 권의 책만 남긴다면 무엇인가요?,내 인생의 철학이 담긴 책을 고르는 일이에요.,인생에서딱한권의책만남긴다면무엇인가요,,0.0
나답 질문 리스트,취향,나의 취향이 다른 사람과 가장 다른 점은 무엇인가요?,나만의 개성을 발견하는 중요한 질문이에요.,나의취향이다른사람과가장다른점은무엇인가요,내 취향이 남들과 가장 다른 점은 뭘까요?,0.61
나답 질문 리스트,취향,꿈꾸는 완벽한 하루는 어떤 모습인가요?,내가 행복해지는 모든 요소가 담긴 하루예요.,꿈꾸는완벽한하루는어떤모습인가요,상상 속 완벽한 하루는 어떤 모습인가요?,0.74
나답 질문 리스트,취향,누군가 나에 대해 쓴다면 어떤 제목의 책일까요?,내 인생 전체를 하나의 주제로 요약해보는 거예요.,누군가나에대해쓴다면어떤제목의책일까요,누군가 나에 대한 책을 쓴다면 제목은 뭘까요?,0.51
나답 질문 리스트,취향,취향이 변했다면 그 계기는 무엇이었나요?,변화는 성장의 증거이기도 해요.,취향이변했다면그계기는무엇이었나요,,0.0
나답 질문 리스트,감정,최근에 눈물이 났던 적이 있나요?,눈물은 마음의 환기구가 되어주기도 해요.,최근에눈물이났던적이있나요,"최근에 눈물이 났던 적이 있다면, 어떤 순간이었나요?",0.79
나답 질문 리스트,감정,지금 마음의 온도는 몇 도쯤 될까요?,차갑거나 뜨거운 마음의 상태를 수치로 표현해봐요.,지금마음의온도는몇도쯤될까요,지금 내 마음의 온도는 몇 도쯤 될까요?,0.99
나답 질문 리스트,감정,불안한 마음이 들 때 나를 잡아주는 문장이 있나요?,흔들릴 때 중심을 잡아주는 말 한마디가 있어요.,불안한마음이들때나를잡아주는문장이있나요,"불안한 마음이 들 때 나를 잡아주는 문장이 있다면, 어떤 문장인가요?",0.85
나답 질문 리스트,감정,내일 일어날 일 중 설레는 게 있나요?,작은 기대감이 하루를 버티는 즐거움이 돼요.,내일일어날일중설레는게있나요,"내일 일어날 일 중 설레는 게 있다면, 어떤 건가요?",0.88
나답 질문 리스트,감정,가장 최근에 질투한 것은 무엇인가요?,질투는 내가 무엇을 원하는지 알려주는 신호예요.,가장최근에질투한것은무엇인가요,,0.0
나답 질문 리스트,감정,가장 편안하게 해주는 소리는 무엇인가요?,소리만으로도 긴장이 풀릴 때가 있어요.,가장편안하게해주는소리는무엇인가요,나를 가장 편안하게 해주는 소리는 무엇인가요?,0.97
나답 질문 리스트,감정,최근에 용기를 냈던 경험이 있나요?,아주 사소한 도전도 용기가 필요한 일이에요.,최근에용기를냈던경험이있나요,"최근에 용기를 냈던 경험이 있다면, 어떤 순간이었나요?",0.8
나답 질문 리스트,감정,기분이 울적할 때 찾는 음식이 있나요?,음식은 때로 따뜻한 위로가 되어주기도 해요.,기분이울적할때찾는음식이있나요,기분이 울적할 때 찾게 되는 음식은 무엇인가요?,0.61
나답 질문 리스트,감정,슬픈 기분을 충분히 표현하고 나면 어떤가요?,슬픔을 쏟아내는 건 마음을 씻어내는 일이에요.,슬픈기분을충분히표현하고나면어떤가요,,0.0
나답 질문 리스트,감정,남들의 시선을 얼마나 신경 쓰는 편인가요?,가끔은 타인의 눈이 부담스럽게 느껴지기도 해요.,남들의시선을얼마나신경쓰는편인가요,남들 시선을 많이 신경 쓰는 편인가요? 어떤 상황에서 특히 그런가요?,0.5
나답 질문 리스트,감정,최근에 느낀 감정 중 이름 붙이기 힘든 게 있었나요?,말 한마디로 정의하기 어려운 복잡한 마음이 있죠.,최근에느낀감정중이름붙이기힘든게있었나요,"최근에 느낀 감정 중 이름 붙이기 힘든 게 있었다면, 어떤 느낌이었나요?",0.77
나답 질문 리스트,감정,나를 가장 자부심 느끼게 하는 특징은 무엇인가요?,나만의 장점을 발견하는 건 정말 중요한 일이에요.,나를가장자부심느끼게하는특징은무엇인가요,,0.0
나답 질문 리스트,감정,실수했을 때 자신에게 어떤 말을 해주나요?,누구나 실수하지만 대처하는 방식은 다 달라요.,실수했을때자신에게어떤말을해주나요,실수했을 때 나 자신에게 어떤 말을 해주나요?,0.98
나답 질문 리스트,감정,가장 예민하게 반응하는 지점은 무엇인가요?,유독 마음이 상하거나 화가 나는 부분이 있어요.,가장예민하게반응하는지점은무엇인가요,내가 가장 예민하게 반응하는 포인트는 무엇인가요?,0.69
나답 질문 리스트,감정,과거의 나에게 해주고 싶은 위로가 있나요?,힘들었던 시간을 지나온 나를 안아주는 시간이에요.,과거의나에게해주고싶은위로가있나요,"과거의 나에게 해주고 싶은 위로가 있다면, 어떤 말인가요?",0.82
나답 질문 리스트,감정,최근에 누군가를 용서한 적이 있나요?,미움을 내려놓는 건 나를 위한 일이기도 해요.,최근에누군가를용서한적이있나요,"최근에 누군가를 용서했던 경험이 있다면, 어떤 일이었나요?",0.47
나답 질문 리스트,감정,감정을 솔직하게 표현해서 후련했던 적이 있나요?,진심을 말하는 건 나를 지키는 용기예요.,감정을솔직하게표현해서후련했던적이있나요,"감정을 솔직하게 표현해서 후련했던 순간이 있다면, 어떤 때였나요?",0.8
나답 질문 리스트,감정,두려움을 극복하고 무언가 해낸 적이 있나요?,두려움을 이겨낸 기억은 단단한 밑거름이 돼요.,두려움을극복하고무언가해낸적이있나요,"두려움을 극복하고 무언가 해낸 적이 있다면, 어떤 일이었나요?",0.86
나답 질문 리스트,감정,내 감정을 다스리는 나만의 루틴이 있나요?,마음의 관리하는 방법이 있다는 건 든든해요.,내감정을다스리는나만의루틴이있나요,"내 감정을 다스리는 나만의 루틴이 있다면, 어떤 건가요?",0.87
나답 질문 리스트,감정,남에게 말하지 못한 비밀스러운 걱정이 있나요?,속에 담아둔 걱정은 나를 무겁게 만들기도 해요.,남에게말하지못한비밀스러운걱정이있나요,"남에게 말하지 못한 비밀스러운 걱정이 있다면, 어떤 건가요?",0.91
나답 질문 리스트,감정,슬픔에 깊이 빠졌을 때 건져 올린 것은 무엇인가요?,다시 일어설 수 있게 도와준 무언가가 있을 거예요.,슬픔에깊이빠졌을때건져올린것은무엇인가요,,0.0
나답 질문 리스트,감정,내가 가장 아름답다고 느끼는 사람의 모습은 무엇인가요?,외적인 것보다 내면의 멋이 더 중요할 때가 있어요.,내가가장아름답다고느끼는사람의모습은무엇인가요,,0.0
나답 질문 리스트,감정,최근에 나의 한계를 느꼈던 적이 있나요?,한계를 인정하는 것도 성장의 한 과정이에요.,최근에나의한계를느꼈던적이있나요,"최근에 나의 한계를 느꼈던 적이 있다면, 어떤 순간이었나요?",0.8
나답 질문 리스트,감정,지금 이 순간 내가 가장 필요로 하는 감정은 무엇인가요?,내 마음이 무엇을 원하는지 물어보는 시간이에요.,지금이순간내가가장필요로하는감정은무엇인가요,지금 내가 가장 필요한 감정은 뭘까요?,0.48
나답 질문 리스트,감정,질투나 부러움을 느낄 때 어떻게 반응하나요?,비교하는 마음은 누구나 느끼는 감정이에요.,질투나부러움을느낄때어떻게반응하나요,질투심이 들 때 나는 어떻게 반응하나요?,0.46
나답 질문 리스트,감정,외로움을 느끼는 순간은 주로 언제인가요?,외로움은 누군가와 있는 것과는 별개로 느껴질 수 있어요.,외로움을느끼는순간은주로언제인가요,가장 보람을 느끼는 순간은 언제인가요?,0.48
나답 질문 리스트,감정,스트레스를 받으면 몸 어디가 가장 먼저 아픈가요?,마음의 긴장이 몸으로 전달되는 곳이 있어요.,스트레스를받으면몸어디가가장먼저아픈가요,,0.0
나답 질문 리스트,감정,불안할 때 무의식적으로 하는 행동이 있나요?,긴장된 마음이 작은 습관으로 드러나요,불안할때무의식적으로하는행동이있나요,,0.0
나답 질문 리스트,감정,감정을 숨기는 편인가요 아니면 바로 표현하는 편인가요?,감정을 드러내는 속도와 방식은 사람마다 다 달라요.,감정을숨기는편인가요아니면바로표현하는편인가요,감정을 말로 표현하는 게 쉬운 편인가요?,0.51
나답 질문 리스트,감정,가장 마주하기 어려운 감정은 무엇인가요?,다루기 힘든 감정을 인식하는 건 용기가 필요해요.,가장마주하기어려운감정은무엇인가요,가장 마주하기 싫은 감정은 무엇인가요?,0.79
나답 질문 리스트,감정,감정에 더 솔직해지고 싶은 순간은 언제인가요?,가끔은 내 마음을 감추기보다 있는 그대로 보여주고 싶을 때가 있어요.,감정에더솔직해지고싶은순간은언제인가요,,0.0
나답 질문 리스트,감정,내가 세상에 태어나길 잘했다고 느낀 순간이 있나요?,삶의 의미를 발견하는 가장 벅찬 질문이에요.,내가세상에태어나길잘했다고느낀순간이있나요,"내가 세상에 태어나길 잘했다고 느낀 순간이 있다면, 어떤 때였나요?",0.87
나답 질문 리스트,감정,고통스러운 순간이 나에게 준 가르침이 있다면 무엇인가요?,아픔은 때로 나를 더 깊은 사람으로 만들어요.,고통스러운순간이나에게준가르침이있다면무엇인가요,,0.0
나답 질문 리스트,감정,진정한 용기란 무엇이라고 생각하나요?,용기는 단순히 무서움이 없는 상태가 아니에요.,진정한용기란무엇이라고생각하나요,내가 생각하는 진짜 용기란 무엇인가요?,0.48
나답 질문 리스트,감정,인생에서 가장 큰 영향을 준 감정은 무엇인가요?,내 삶의 방향을 결정한 감정의 줄기가 있을 거예요.,인생에서가장큰영향을준감정은무엇인가요,인생에서 가장 큰 영향을 준 사건은 무엇인가요?,0.77
나답 질문 리스트,감정,죽기 전 마지막으로 느끼고 싶은 감정은 무엇인가요?,인생 전체를 돌아보게 하는 마지막 질문이에요.,죽기전마지막으로느끼고싶은감정은무엇인가요,"마지막 순간에 느끼고 싶은 감정이 있다면, 어떤 감정인가요?",0.41
나답 질문 리스트,감정,세상에 오직 나만 알고 있는 내 마음은 어떤 모양인가요?,누구에게도 말하지 못한 나만의 깊은 내면이에요.,세상에오직나만알고있는내마음은어떤모양인가요,,0.0
나답 질문 리스트,감정,사랑이라는 감정을 어떻게 정의하고 싶나요?,사랑은 세상에서 가장 다양한 얼굴을 가진 감정이에요.,사랑이라는감정을어떻게정의하고싶나요,,0.0
나답 질문 리스트,감정,지금까지의 내 인생을 한 줄의 감정으로 요약한다면 무엇인가요?,내 삶을 관통하는 하나의 느낌을 찾아보세요.,지금까지의내인생을한줄의감정으로요약한다면무엇인가요,내 인생을 감정 한 줄로 요약하면 뭘까요?,0.31
나답 질문 리스트,루틴,매일 밤 자기 전 꼭 지키는 습관이 있나요?,밤을 닫는 나만의 차분한 시간이에요.,매일밤자기전꼭지키는습관이있나요,"매일 밤 자기 전 꼭 지키는 습관이 있다면, 어떤 건가요?",0.88
나답 질문 리스트,루틴,식사 후에 습관적으로 하는 행동이 있나요?,밥을 먹고 난 뒤의 작은 여유를 보세요.,식사후에습관적으로하는행동이있나요,"식사 후에 습관적으로 하는 행동이 있다면, 어떤 건가요?",0.89
나답 질문 리스트,루틴,하루를 시작할 때 듣는 음악 장르가 있나요?,음악은 그날의 분위기를 결정하는 첫 신호예요.,하루를시작할때듣는음악장르가있나요,"하루를 시작할 때 듣는 음악 장르가 있다면, 어떤 장르인가요?",0.83
나답 질문 리스트,루틴,스트레스가 쌓였을 때 나도 모르게 하는 행동이 있나요?,나를 달래는 해소법을 아는 건 소중한 능력이에요.,스트레스가쌓였을때나도모르게하는행동이있나요,"스트레스가 쌓였을 때 나도 모르게 하는 행동이 있다면, 어떤 건가요?",0.91
나답 질문 리스트,루틴,할 일을 미루고 싶을 때 나를 움직이게 하는 방법이 있나요?,귀찮음을 이겨내는 나만의 요령이 있을 거예요.,할일을미루고싶을때나를움직이게하는방법이있나요,"미루고 싶을 때 나를 움직이게 하는 나만의 방법이 있다면, 어떤 건가요?",0.79
나답 질문 리스트,루틴,매일 반복되는 일상에서 가장 지루한 순간은 언제인가요?,반복의 권태로움을 느끼는 지점을 찾아보세요.,매일반복되는일상에서가장지루한순간은언제인가요,반복되는 일상에서 가장 지루하게 느끼는 순간은 언제인가요?,0.71
나답 질문 리스트,루틴,하루 일정을 정리하는 나만의 도구가 있나요?,시간을 관리하는 방식에 나의 성향이 묻어나요.,하루일정을정리하는나만의도구가있나요,"하루 일정을 정리하는 나만의 도구가 있다면, 어떤 건가요?",0.89
나답 질문 리스트,루틴,내가 지키는 습관 중 남들에게 추천하고 싶은 게 있나요?,나를 변화시킨 좋은 습관을 공유해보는 시간이에요.,내가지키는습관중남들에게추천하고싶은게있나요,"내가 지키는 습관 중 남들에게 추천하고 싶은 게 있다면, 어떤 건가요?",0.9
나답 질문 리스트,루틴,건강을 위해 매일 챙겨 먹는 게 있나요?,나를 가꾸는 습관은 몸에서 먼저 나타나요.,건강을위해매일챙겨먹는게있나요,"건강을 위해 매일 챙겨 먹는 게 있다면, 어떤 건가요?",0.89
나답 질문 리스트,루틴,약속 시간에 늦지 않기 위해 하는 준비가 있나요?,시간을 대하는 태도에 성격이 묻어있기 마련이에요.,약속시간에늦지않기위해하는준비가있나요,"약속 시간에 늦지 않기 위해 하는 준비가 있다면, 어떤 건가요?",0.9
나답 질문 리스트,루틴,가계부를 쓰거나 돈을 관리하는 방법이 있나요?,돈을 어떻게 쓰는지 아는 건 삶을 관리하는 일이에요.,가계부를쓰거나돈을관리하는방법이있나요,"가계부를 쓰거나 돈을 관리하는 방법이 있다면, 어떤 건가요?",0.91
나답 질문 리스트,루틴,업무나 공부를 시작하기 전 마음을 가다듬는 행동이 있나요?,집중하기 위해 나만의 의식이 필요할 때가 있어요.,업무나공부를시작하기전마음을가다듬는행동이있나요,"업무나 공부를 시작하기 전 마음을 가다듬는 행동이 있다면, 어떤 건가요?",0.93
나답 질문 리스트,루틴,운동하기 싫을 때 나를 움직이게 하는 주문이 있나요?,몸을 움직이는 건 누구에게나 큰 결심이 필요한 일이에요.,운동하기싫을때나를움직이게하는주문이있나요,"운동하기 싫을 때 나를 움직이게 하는 주문이 있다면, 어떤 건가요?",0.91
나답 질문 리스트,루틴,여행 가방을 싸는 나만의 규칙이 있나요?,짐을 싸는 방식에서 평소의 꼼꼼함이 보여요.,여행가방을싸는나만의규칙이있나요,"여행 가방을 싸는 나만의 규칙이 있다면, 어떤 건가요?",0.89
나답 질문 리스트,루틴,기념일에 반복적으로 하는 일이 있나요?,특별한 날을 기억하는 나만의 방식이 있어요.,기념일에반복적으로하는일이있나요,"기념일에 반복적으로 하는 일이 있다면, 어떤 건가요?",0.88
나답 질문 리스트,루틴,중요한 일을 앞두고 지키는 징크스 같은 행동이 있나요?,불안을 이겨내기 위해 하는 나만의 규칙이에요.,중요한일을앞두고지키는징크스같은행동이있나요,"중요한 일을 앞두고 지키는 징크스 같은 행동이 있다면, 어떤 건가요?",0.92
나답 질문 리스트,루틴,계절이 바뀔 때 집 안에서 바꾸는 게 있나요?,환경을 바꾸면 기분 전환에 큰 도움이 돼요.,계절이바뀔때집안에서바꾸는게있나요,"계절이 바뀔 때 집 안에서 바꾸는 게 있다면, 어떤 건가요?",0.89
나답 질문 리스트,루틴,화난 마음을 가라앉히는 나만의 루틴이 있나요?,감정을 다스리는 법을 아는 건 소중한 능력이에요.,화난마음을가라앉히는나만의루틴이있나요,"화난 마음을 가라앉히는 나만의 루틴이 있다면, 어떤 건가요?",0.9
나답 질문 리스트,루틴,매일 일기를 쓰거나 기록을 남기는 습관이 있나요?,기록은 나중에 나를 돌아보게 하는 힘이 돼요.,매일일기를쓰거나기록을남기는습관이있나요,"매일 일기를 쓰거나 기록을 남기는 습관이 있다면, 어떤 방식인가요?",0.85
나답 질문 리스트,루틴,새로운 취미를 시작할 때 거치는 과정이 있나요?,새로운 즐거움을 찾는 일은 언제나 설레는 일이에요.,새로운취미를시작할때거치는과정이있나요,"새로운 취미를 시작할 때 거치는 과정이 있다면, 어떤 건가요?",0.91
나답 질문 리스트,루틴,중요한 약속 전날 꼭 하는 준비가 있나요?,정성을 들이는 만큼 약속이 소중하게 느껴져요.,중요한약속전날꼭하는준비가있나요,"중요한 약속 전날 꼭 하는 준비가 있다면, 어떤 건가요?",0.87
나답 질문 리스트,루틴,지금 지키는 습관이 10년 뒤 나를 어디로 데려갈까요?,작은 반복이 나중에 큰 변화를 만들기도 해요.,지금지키는습관이10년뒤나를어디로데려갈까요,지금의 습관이 10년 뒤 나를 어디로 데려갈까요?,0.88
나답 질문 리스트,루틴,누군가 내 일상을 관찰한다면 나를 어떤 사람이라 할까요?,객관적으로 나를 바라보는 건 낯설지만 필요한 일이에요.,누군가내일상을관찰한다면나를어떤사람이라할까요,,0.0
나답 질문 리스트,루틴,내가 생각하는 '규칙적인 삶'의 정의는 무엇인가요?,삶의 질서는 스스로 정하는 거예요.,내가생각하는규칙적인삶의정의는무엇인가요,,0.0
나답 질문 리스트,루틴,나의 루틴 중 가장 자랑스러운 행동은 무엇인가요?,누가 시키지 않아도 스스로 해내는 멋진 일이에요.,나의루틴중가장자랑스러운행동은무엇인가요,,0.0
나답 질문 리스트,루틴,일상을 유지하는 것이 나에게 어떤 의미인가요?,평범한 하루를 지켜내는 건 사실 꽤 힘든 일이에요.,일상을유지하는것이나에게어떤의미인가요,일상을 꾸려간다는 게 나에게 어떤 의미인가요?,0.54
나답 질문 리스트,인간관계,고민이 있을 때 가장 먼저 생각나는 사람은 누구인가요?,떠오르는 이름 하나에 내 믿음의 깊이가 담겨 있어요.,고민이있을때가장먼저생각나는사람은누구인가요,고민이 있을 때 가장 먼저 생각나는 친구는 누구인가요?,0.85
나답 질문 리스트,인간관계,만났을 때 기운을 얻게 되는 사람이 있나요?,함께 있는 것만으로도 에너지가 충전되는 관계가 있죠.,만났을때기운을얻게되는사람이있나요,"만났을 때 기운을 얻게 되는 사람이 있다면, 누구인가요?",0.87
나답 질문 리스트,인간관계,나를 웃게 만드는 재주가 있는 친구가 있나요?,함께 웃을 수 있다는 건 정말 소중한 인연이에요.,나를웃게만드는재주가있는친구가있나요,"나를 웃게 만드는 재주가 있는 친구가 있다면, 어떤 사람인가요?",0.85
나답 질문 리스트,인간관계,요즘 새로 알게 된 사람 중 호감 가는 사람이 있나요?,새로운 인연은 일상에 신선한 공기를 불어넣어 줘요.,요즘새로알게된사람중호감가는사람이있나요,"요즘 새로 알게 된 사람 중 호감이 가는 사람이 있다면, 어떤 점이 끌리나요?",0.72
나답 질문 리스트,인간관계,사람들이 말하는 나의 첫인상은 어떠한가요?,남이 보는 내 모습은 내가 아는 것과 다를 수 있어요.,사람들이말하는나의첫인상은어떠한가요,사람들이 말하는 나의 첫인상은 어떤가요?,0.76
나답 질문 리스트,인간관계,친구를 사귈 때 중요하게 생각하는 포인트는 무엇인가요?,관계를 시작할 때 나도 모르게 보는 기준이 있어요.,친구를사귈때중요하게생각하는포인트는무엇인가요,친구를 사귈 때 가장 중요하게 보는 점은 무엇인가요?,0.67
나답 질문 리스트,인간관계,나와 반대되는 성격의 사람과 잘 지내는 편인가요?,다름을 받아들이는 건 마음의 폭을 넓히는 일이에요.,나와반대되는성격의사람과잘지내는편인가요,반대되는 성격의 사람과도 잘 지내는 편인가요?,0.83
나답 질문 리스트,인간관계,주변 사람들로부터 자주 듣는 부탁이 있나요?,남들이 나를 어떤 면에서 의지하는지 보여주는 증거예요.,주변사람들로부터자주듣는부탁이있나요,"주변 사람들로부터 자주 듣는 부탁이 있다면, 어떤 건가요?",0.91
나답 질문 리스트,인간관계,타인에게 내 이야기를 어디까지 털어놓나요?,마음의 문을 여는 깊이는 사람마다 다 달라요.,타인에게내이야기를어디까지털어놓나요,다른 사람에게 내 이야기를 어디까지 털어놓나요?,0.81
나답 질문 리스트,인간관계,진정한 친구는 몇 명이면 충분하다고 생각하시나요?,관계의 양보다 질이 더 중요할 때가 있죠.,진정한친구는몇명이면충분하다고생각하시나요,진정한 친구는 몇 명이면 충분하다고 생각하나요?,0.89
나답 질문 리스트,인간관계,관계에서 오는 스트레스를 어떻게 해결하시나요?,사람 때문에 힘든 마음을 다스리는 나만의 법이 필요해요.,관계에서오는스트레스를어떻게해결하시나요,관계에서 오는 스트레스를 어떻게 해결하나요?,0.83
나답 질문 리스트,인간관계,나를 힘들게 하는 사람과 거리를 두는 방법이 있나요?,나를 지키기 위해 적당한 간격을 두는 건 용기예요.,나를힘들게하는사람과거리를두는방법이있나요,"나를 힘들게 하는 사람과 거리를 두는 방법이 있다면, 어떤 건가요?",0.9
나답 질문 리스트,인간관계,누군가에게 실망했을 때 어떤 태도를 취하시나요?,실망감은 기대가 컸을 때 찾아오는 감정이에요.,누군가에게실망했을때어떤태도를취하시나요,누군가에게 실망했을 때 어떤 태도를 취하나요?,0.83
나답 질문 리스트,인간관계,타인의 칭찬에 인색하지 않은 편인가요?,좋은 점을 발견하고 말해주는 건 큰 능력이에요.,타인의칭찬에인색하지않은편인가요,,0.0
나답 질문 리스트,인간관계,갈등이 생기면 먼저 사과하는 편인가요?,사과는 관계를 지키려는 노력 중 하나예요.,갈등이생기면먼저사과하는편인가요,,0.0
나답 질문 리스트,인간관계,사람들에게 내 이야기를 잘 안 하는 이유가 있나요?,가끔은 내 마음을 보여주는 게 조심스러울 때가 있어요.,사람들에게내이야기를잘안하는이유가있나요,사람들에게 내 이야기를 잘 하는 편인가요?,0.75
나답 질문 리스트,인간관계,사람들 사이에서 소외감을 느낀 적이 있나요?,가까운 사이라도 가끔은 멀게 느껴질 때가 있어요.,사람들사이에서소외감을느낀적이있나요,"사람들 사이에서 소외감을 느꼈던 적이 있다면, 어떤 상황이었나요?",0.7
나답 질문 리스트,인간관계,누군가에게 의도치 않게 상처 준 적이 있나요?,말 한마디가 생각보다 큰 무게를 가질 때가 있어요.,누군가에게의도치않게상처준적이있나요,"누군가에게 의도치 않게 상처를 준 적이 있다면, 어떤 일이었나요?",0.75
나답 질문 리스트,인간관계,관계를 정리할 때 나만의 기준이 있나요?,모든 인연을 억지로 붙잡고 있을 수는 없어요.,관계를정리할때나만의기준이있나요,"관계를 정리할 때 나만의 기준이 있다면, 어떤 건가요?",0.87
나답 질문 리스트,인간관계,누군가에게 배운 삶의 태도가 있다면 무엇인가요?,만나는 사람들로부터 좋은 면을 닮아가기도 해요.,누군가에게배운삶의태도가있다면무엇인가요,누군가에게 배운 삶의 자세가 있다면 무엇인가요?,0.69
나답 질문 리스트,인간관계,나의 약점을 보여주는 게 두려운가요?,약함을 드러내는 건 사실 큰 용기가 필요한 일이에요.,나의약점을보여주는게두려운가요,나의 약한 모습을 보여주는 게 두려운가요?,0.69
나답 질문 리스트,인간관계,내가 꿈꾸는 성숙한 관계는 어떤 모습인가요?,서로에게 긍정적인 영향을 주는 사이를 그려보세요.,내가꿈꾸는성숙한관계는어떤모습인가요,내가 꿈꾸는 이상적인 관계는 어떤 모습인가요?,0.69
나답 질문 리스트,인간관계,타인의 성공을 진심으로 축하해주고 있나요?,남의 기쁨을 내 것처럼 느끼는 건 성숙함의 증거예요.,타인의성공을진심으로축하해주고있나요,"다른 사람의 성공을 축하해줄 때, 진심으로 기뻐할 수 있나요?",0.55
나답 질문 리스트,인간관계,사람들과의 만남이 끝나고 돌아오는 길에 드는 생각은?,사람들과 어울린 후의 느낌이 내 에너지를 말해줘요.,사람들과의만남이끝나고돌아오는길에드는생각은,,0.0
나답 질문 리스트,인간관계,내가 생각하는 신뢰의 무게는 어느 정도인가요?,믿음은 관계를 지탱하는 가장 단단한 뿌리예요.,내가생각하는신뢰의무게는어느정도인가요,내가 생각하는 믿음의 무게는 어느 정도인가요?,0.75
나답 질문 리스트,인간관계,사람들에게 받고 싶은 인정은 어떤 종류인가요?,누구에게나 인정받고 싶은 욕구가 있기 마련이에요.,사람들에게받고싶은인정은어떤종류인가요,,0.0
나답 질문 리스트,인간관계,나를 기억할 때 사람들이 떠올렸으면 하는 이미지는?,누구나 사람들에게 보여지고 싶은 모습이 있어요.,나를기억할때사람들이떠올렸으면하는이미지는,나를 기억할 때 사람들이 떠올렸으면 하는 이미지는 무엇인가요?,0.9
나답 질문 리스트,인간관계,관계에서 가장 힘들게 느껴지는 지점은 무엇인가요?,사람 사이의 문제는 늘 어렵고 복잡하죠.,관계에서가장힘들게느껴지는지점은무엇인가요,,0.0
나답 질문 리스트,인간관계,사람 사이의 진심은 언제 확인된다고 생각하시나요?,진짜 마음은 말보다 상황에서 드러날 때가 많아요.,사람사이의진심은언제확인된다고생각하시나요,사람 사이의 진심은 언제 확인된다고 생각하나요?,0.88
나답 질문 리스트,사랑,좋아하는 사람이 생기면 가장 먼저 알아차리는 신호가 있나요?,누군가 좋아지면 평소와 다른 행동을 하게 돼요.,좋아하는사람이생기면가장먼저알아차리는신호가있나요,,0.0
나답 질문 리스트,사랑,좋아하는 사람에게 가장 먼저 보여주고 싶은 장점은?,나의 매력을 어떻게 보여주고 싶은지 궁금해요.,좋아하는사람에게가장먼저보여주고싶은장점은,좋아하는 사람에게 제일 먼저 보여주고 싶은 내 모습은 뭘까요?,0.59
나답 질문 리스트,사랑,첫눈에 반하는 사랑을 믿으시나요?,운명적인 만남에 대한 나의 생각을 묻는 질문이에요.,첫눈에반하는사랑을믿으시나요,,0.0
나답 질문 리스트,사랑,사랑하는 사람과 매일 하고 싶은 사소한 일은?,거창한 것보다 소소한 일상이 사랑을 채워줘요.,사랑하는사람과매일하고싶은사소한일은,사랑하는 사람과 매일 하고 싶은 사소한 일은 무엇인가요?,0.86
나답 질문 리스트,사랑,좋아하는 사람의 외적인 매력 중 끌리는 점은?,취향이 드러나는 가장 솔직한 포인트예요.,좋아하는사람의외적인매력중끌리는점은,,0.0
나답 질문 리스트,사랑,내가 생각하는 설렘의 유통기한은 언제까지인가요?,뜨거운 감정이 편안함으로 바뀌는 시점이 궁금해요.,내가생각하는설렘의유통기한은언제까지인가요,설렘의 유통기한은 언제까지라고 생각하나요?,0.75
나답 질문 리스트,사랑,사랑하는 사람의 습관 중 귀여운 점이 있나요?,남들은 모르지만 나만 아는 매력 포인트가 있죠.,사랑하는사람의습관중귀여운점이있나요,"사랑하는 사람의 습관 중 귀여운 점이 있다면, 어떤 건가요?",0.88
나답 질문 리스트,사랑,좋아하는 사람에게 주고 싶은 선물은?,물건보다 그 안에 담긴 내 마음이 중요해요.,좋아하는사람에게주고싶은선물은,좋아하는 사람에게 주고 싶은 선물은 무엇인가요?,0.81
나답 질문 리스트,사랑,이상형과 실제로 사귀는 사람은 어떻게 다른가요?,머릿속으로 그린 모습과 실제 마음이 가는 사람은 다를 수 있어요.,이상형과실제로사귀는사람은어떻게다른가요,이상형과 실제로 끌리는 사람은 얼마나 닮았나요?,0.51
나답 질문 리스트,사랑,사랑과 우정의 경계선은 어디라고 생각하시나요?,친구에서 연인이 되는 순간의 차이가 궁금해요.,사랑과우정의경계선은어디라고생각하시나요,사랑과 우정의 경계선은 어디라고 생각하나요?,0.88
나답 질문 리스트,사랑,질투심을 느낄 때 내 반응은 어떠한가요?,질투는 사랑의 또 다른 얼굴이기도 해요.,질투심을느낄때내반응은어떠한가요,,0.0
나답 질문 리스트,사랑,연애할 때 가장 중요하게 생각하는 것은 무엇인가요?,각자 관계에서 포기할 수 없는 기준이 있어요.,연애할때가장중요하게생각하는것은무엇인가요,연애할 때 가장 중요하게 보는 성격은 무엇인가요?,0.66
나답 질문 리스트,사랑,내가 생각하는 좋은 연인의 조건은 무엇인가요?,함께 걸어갈 사람에게 바라는 모습을 그려보세요.,내가생각하는좋은연인의조건은무엇인가요,,0.0
나답 질문 리스트,사랑,연애할 때 혼자만의 시간도 중요한가요?,혼자 있는 시간이 필요하기도 해요.,연애할때혼자만의시간도중요한가요,연애할 때 혼자만의 시간은 어떤 의미인가요?,0.61
나답 질문 리스트,사랑,사랑하는 사람과 나누고 싶은 깊은 대화의 주제는?,서로의 내면을 공유하는 시간은 사랑을 깊게 해요.,사랑하는사람과나누고싶은깊은대화의주제는,"사랑하는 사람과 나누고 싶은 깊은 대화 주제가 있다면, 어떤 건가요?",0.64
나답 질문 리스트,사랑,사랑이 나를 더 나은 사람으로 만든 적이 있나요?,누군가를 아끼는 마음은 긍정적인 변화를 불러와요.,사랑이나를더나은사람으로만든적이있나요,"사랑이 나를 더 나은 사람으로 만든 적이 있다면, 어떻게 달라졌나요?",0.75
나답 질문 리스트,사랑,내가 생각하는 사랑에서의 헌신이란 무엇인가요?,상대를 위해 나를 내어주는 범위를 생각해보는 시간이에요.,내가생각하는사랑에서의헌신이란무엇인가요,,0.0
나답 질문 리스트,사랑,다시 뜨거운 사랑을 시작하고 싶은 순간은 언제인가요?,메마른 일상에 사랑의 온기가 필요할 때가 있어요.,다시뜨거운사랑을시작하고싶은순간은언제인가요,,0.0
나답 질문 리스트,사랑,사랑에 빠졌을 때 가장 두려워하는 것은 무엇인가요?,깊은 감정 뒤에는 나를 지키려는 본능이 숨어 있어요.,사랑에빠졌을때가장두려워하는것은무엇인가요,사랑에 빠졌을 때 가장 두려운 건 뭘까요?,0.58
나답 질문 리스트,사랑,사랑하는 사람을 위해 내가 바꾼 가장 큰 부분은 무엇인가요?,누군가를 위해 나를 변화시키는 건 큰 노력이 필요해요.,사랑하는사람을위해내가바꾼가장큰부분은무엇인가요,,0.0
나답 질문 리스트,사랑,내가 생각하는 '영원한 사랑'의 정의는 무엇인가요?,영원함에 대한 나만의 기준을 세워보는 시간이에요.,내가생각하는영원한사랑의정의는무엇인가요,,0.0
나답 질문 리스트,사랑,사랑하는 사람에게 끝내 하지 못한 말이 있나요?,마음속에 남겨둔 말은 나만의 비밀이 되기도 해요.,사랑하는사람에게끝내하지못한말이있나요,"사랑하는 사람에게 끝내 하지 못한 말이 있다면, 어떤 말인가요?",0.84
나답 질문 리스트,사랑,사랑이 인생에서 차지하는 비중은 몇 퍼센트인가요?,내 삶의 우선순위를 숫자로 확인해보는 질문이에요.,사랑이인생에서차지하는비중은몇퍼센트인가요,내 인생에서 사랑이 차지하는 비중은 몇 퍼센트쯤일까요?,0.76
나답 질문 리스트,사랑,내가 정의하는 '진정한 파트너십'이란 무엇인가요?,함께 걷는 사람과 나누고 싶은 핵심 가치를 찾아보세요.,내가정의하는진정한파트너십이란무엇인가요,,0.0
나답 질문 리스트,가치관,지칠 때 힘이 되는 나만의 문장이 있나요?,마음을 일으켜 세우는 말 한마디가 큰 힘이 돼요.,지칠때힘이되는나만의문장이있나요,"지칠 때 힘이 되는 나만의 문장이 있다면, 어떤 문장인가요?",0.81
나답 질문 리스트,가치관,내가 생각하는 '성공'은 어떤 모습인가요?,성공의 기준은 남이 정해주는 게 아니에요.,내가생각하는성공은어떤모습인가요,,0.0
나답 질문 리스트,가치관,가장 배우고 싶은 기술이나 지식은 무엇인가요?,시간이나 돈이 좀 더 있었다면 배우고 싶은 것이 있나요?,가장배우고싶은기술이나지식은무엇인가요,,0.0
나답 질문 리스트,가치관,나의 좌우명이나 생활 신조가 있나요?,삶의 기준이 되는 한 줄을 확인해보는 질문이에요.,나의좌우명이나생활신조가있나요,,0.0
나답 질문 리스트,가치관,가장 중요하게 생각하는 삶의 태도는 무엇인가요?,매일 지키려 노력하는 마음가짐이 삶을 결정해요.,가장중요하게생각하는삶의태도는무엇인가요,,0.0
나답 질문 리스트,가치관,나를 가장 성장시켰던 시련은 언제인가요?,아픈 기억도 지나고 보면 성장의 계기가 돼요.,나를가장성장시켰던시련은언제인가요,나를 가장 성장시켰던 어려움은 무엇인가요?,0.6
나답 질문 리스트,가치관,내가 생각하는 '성실함'의 정의는 무엇인가요?,꾸준함에 대한 나만의 기준을 묻는 질문이에요.,내가생각하는성실함의정의는무엇인가요,내가 생각하는 '성실하다'는 건 어떤 건가요?,0.37
나답 질문 리스트,가치관,타인에게 보여주고 싶은 나의 가치는 무엇인가요?,내가 세상에 증명하고 싶은 나의 모습이 있어요.,타인에게보여주고싶은나의가치는무엇인가요,사람들에게 보여주고 싶은 나의 모습은 무엇인가요?,0.51
나답 질문 리스트,가치관,내가 생각하는 공정함이란 무엇인가요?,세상을 바라보는 나만의 정의로운 기준을 찾아보세요.,내가생각하는공정함이란무엇인가요,,0.0
나답 질문 리스트,가치관,중요한 선택을 할 때 직감을 얼마나 믿나요?,가끔은 논리보다 느낌이 더 정확할 때가 있어요.,중요한선택을할때직감을얼마나믿나요,,0.0
나답 질문 리스트,가치관,사후 세계나 영혼의 존재를 믿으시나요?,삶 너머의 것에 대한 나의 가치관을 묻는 질문이에요.,사후세계나영혼의존재를믿으시나요,,0.0
나답 질문 리스트,가치관,내가 생각하는 자유의 범위는 어디까지인가요?,구속 없는 상태가 아닌 책임 있는 선택에 대해 생각해보세요.,내가생각하는자유의범위는어디까지인가요,,0.0
나답 질문 리스트,가치관,세상을 바꾸는 힘은 어디에서 나온다고 생각하시나요?,변화에 대한 나의 믿음을 확인해보는 시간이에요.,세상을바꾸는힘은어디에서나온다고생각하시나요,,0.0
나답 질문 리스트,가치관,내가 생각하는 삶의 균형이란 무엇인가요?,"일과 휴식,나와 타인 사이의 적당한 지점을 찾아보세요.",내가생각하는삶의균형이란무엇인가요,,0.0
나답 질문 리스트,가치관,가족이란 어떤 존재인가요?,가장 가깝고도 복잡한 관계에 대해 생각해보세요.,가족이란어떤존재인가요,나에게 '가족'이란 어떤 존재인가요?,0.51
나답 질문 리스트,가치관,삶의 의미를 어디에서 찾으시나요?,왜 살아야 하는지에 대한 나만의 답을 찾아보세요.,삶의의미를어디에서찾으시나요,삶의 의미를 어디에서 찾나요?,0.69
나답 질문 리스트,가치관,삶에서 일은 어떤 의미인가요?,일은 단순히 돈을 버는 것 이상의 의미가 있어요.,삶에서일은어떤의미인가요,성공은 어떤 의미인가요?,0.49
나답 질문 리스트,가치관,세상에 나누고 싶은 나의 좋은 영향은 무엇인가요?,작은 친절 하나가 세상을 따뜻하게 만들어요.,세상에나누고싶은나의좋은영향은무엇인가요,,0.0
나답 질문 리스트,가치관,내가 가장 중요하게 생각하는 도덕적 가치는 무엇인가요?,양심의 가책을 느끼는 지점을 보면 내 도덕성이 보여요.,내가가장중요하게생각하는도덕적가치는무엇인가요,,0.0
나답 질문 리스트,가치관,인간의 본성은 선하다고 믿나요 악하다고 믿나요?,사람에 대한 나의 근본적인 시각을 확인해보세요.,인간의본성은선하다고믿나요악하다고믿나요,,0.0
나답 질문 리스트,가치관,과거로 돌아갈 수 있다면 바꾸고 싶은 선택이 있나요?,후회와 아쉬움을 통해 지금의 나를 돌아보는 시간이에요.,과거로돌아갈수있다면바꾸고싶은선택이있나요,"과거로 돌아갈 수 있다면 바꾸고 싶은 선택이 있다면, 어떤 건가요?",0.91
나답 질문 리스트,가치관,고난을 겪고 있는 사람에게 해주고 싶은 말은 무엇인가요?,내가 겪은 아픔에서 얻은 지혜를 나누는 일이에요.,고난을겪고있는사람에게해주고싶은말은무엇인가요,,0.0
나답 질문 리스트,가치관,내가 세상에 남기고 싶은 유산은 무엇인가요?,죽음 이후에도 남겨질 나의 흔적에 대해 생각해보세요.,내가세상에남기고싶은유산은무엇인가요,,0.0
나답 질문 리스트,가치관,나에게 '도전'은 설레는 일인가요 아니면 두려운 일인가요?,새로운 시작을 앞둔 마음가짐에서 내 성향이 보여요.,나에게도전은설레는일인가요아니면두려운일인가요,,0.0
나답 질문 리스트,가치관,타인과 나를 비교하게 될 때 어떤 생각이 드나요?,남들과 비교하며 마음이 흔들리는 순간이 있기 마련이에요.,타인과나를비교하게될때어떤생각이드나요,남과 나를 비교하게 될 때 어떤 생각이 드나요?,0.8
나답 질문 리스트,가치관,죽음은 어떤 의미로 다가오나요?,인생의 마무리를 생각하는 건 지금을 더 소중히 살게 해요.,죽음은어떤의미로다가오나요,,0.0
통찰질문,내면 탐색/감정의 뿌리,"최근 가장 강렬하게 느낀 감정은 무엇이며, 그 감정 밑에 숨은 진짜 필요는 무엇이었나요?","화 밑에는 무시당한 느낌이, 슬픔 밑에는 상실이, 불안 밑에는 통제력 상실이 있습니다. 표면의 감정이 아닌 그 아래를 보세요",최근가장강렬하게느낀감정은무엇이며그감정밑에숨은진짜필요는무엇이었나요,,0.0
통찰질문,내면 탐색/억압된 감정,"당신이 느끼는 감정 중에서 ""내 것 같지 않은"" 감정이 있나요?","예를 들어, 늘 화가 나있어야 할 것 같은 느낌이나 행복해하면 안 될 것 같은 느낌처럼. 그 감정은 누구의 것일까요?",당신이느끼는감정중에서내것같지않은감정이있나요,,0.0
통찰질문,내면 탐색/고통의 언어,"힘들 때 당신을 위로하는 방법은 진짜 위로인가요, 아니면 고통을 미루는 것인가요?","술, 과식, 쇼핑, SNS... 일시적 도피와 진짜 회복을 구분해보세요. 진짜 회복은 어떤 모습인가요?",힘들때당신을위로하는방법은진짜위로인가요아니면고통을미루는것인가요,,0.0
통찰질문,내면 탐색/과거의 상처,별것 아닌 일에도 유독 민감하게 반응하는 순간의 밑바닥에는 어떤 오래된 상처가 있나요?,"과잉 반응은 현재가 아닌 과거의 상처를 건드린 것입니다. 그 상처는 언제, 어떻게 생긴 것인가요?",별것아닌일에도유독민감하게반응하는순간의밑바닥에는어떤오래된상처가있나요,,0.0
통찰질문,내면 탐색/내면화된 목소리,"마음속 비판적인 목소리는 구체적으로 뭐라고 말하며, 그 목소리는 원래 누구의 것이었나요?","부모, 선생님, 과거의 누군가... 내면화된 타인의 목소리를 알아채고, 그것이 지금도 유효한지 질문하세요",마음속비판적인목소리는구체적으로뭐라고말하며그목소리는원래누구의것이었나요,,0.0
통찰질문,내면 탐색/숨겨진 욕망,아무도 보지 않을 때 당신이 하는 일은 무엇이며 어떤 욕구를 채우나요?,숨기고 싶은 것일수록 진짜 당신에 가깝습니다. 그것을 부끄러워하지 말고 이해해보세요,아무도보지않을때당신이하는일은무엇이며어떤욕구를채우나요,,0.0
통찰질문,내면 탐색/현재 내면,요즘 당신의 마음을 색깔과 질감으로 표현한다면?,"회색 안개, 빨간 가시, 푸른 물... 은유로 표현하면 말로 하지 못한 것이 드러납니다",요즘당신의마음을색깔과질감으로표현한다면,,0.0
통찰질문,내면 탐색/불안의 정체,"밤에 잠들지 못하게 만드는 생각들의 공통점은 무엇이며, 그것이 당신에게 전하는 메시지는 무엇인가요?","불안, 후회, 미래에 대한 걱정... 반복되는 생각은 해결되지 않은 문제의 신호입니다",밤에잠들지못하게만드는생각들의공통점은무엇이며그것이당신에게전하는메시지는무엇인가요,,0.0
통찰질문,내면 탐색/감정의 주인,당신의 감정을 온전히 느끼고 표현하는 것을 막는 것은 무엇인가요?,"울면 약해 보인다, 화내면 나쁜 사람이다... 감정을 억압하게 만드는 믿음을 찾아보세요",당신의감정을온전히느끼고표현하는것을막는것은무엇인가요,,0.0
통찰질문,관계의 질/에너지의 흐름,"당신에게서 에너지를 빼앗는 사람과의 관계에서, 당신이 얻으려고 하는 것은 무엇인가요?","소진되는데도 관계를 유지한다면, 그 안에서 얻는 것(인정, 안전, 익숙함)이 있기 때문입니다",당신에게서에너지를빼앗는사람과의관계에서당신이얻으려고하는것은무엇인가요,,0.0
통찰질문,관계의 질/친밀함의 벽,"더 가까워지고 싶지만 스스로 거리를 두는 이유는, 가까워지면 무엇을 잃거나 들킬까봐 두렵기 때문인가요?","진짜 나를 보이면 거절당할까봐, 상처받을까봐, 통제력을 잃을까봐... 두려움을 직시하세요",더가까워지고싶지만스스로거리를두는이유는가까워지면무엇을잃거나들킬까봐두렵기때문인가요,,0.0
통찰질문,관계의 질/수용,"당신의 가장 어두운 면을 아는 사람 앞에서, 당신은 여전히 그 면을 숨기려 하나요 아니면 온전히 받아들여졌다고 느끼나요?",진짜 친밀함은 어둠까지 드러낼 수 있을 때입니다. 그런 관계가 있나요?,당신의가장어두운면을아는사람앞에서당신은여전히그면을숨기려하나요아니면온전히받아들여졌다고느끼나요,,0.0
통찰질문,관계의 질/반복되는 각본,"당신의 인간관계에서 반복되는 패턴은, 어린 시절 학습한 어떤 관계 방식을 재현하고 있나요?","가까워졌다 멀어지기, 의존과 독립... 어린 시절 중요한 사람과의 관계를 되풀이하고 있는 건 아닌가요?",당신의인간관계에서반복되는패턴은어린시절학습한어떤관계방식을재현하고있나요,,0.0
통찰질문,관계의 질/침묵의 이유,"하지 못하는 말 뒤에 숨은 진짜 두려움은 무엇인가요? 관계가 깨질까봐, 나를 보호하기 위해, 상대를 보호하기 위해?","말하지 않음으로써 잃는 것(진실함, 친밀함)과 지키는 것(안전, 관계)을 비교하세요",하지못하는말뒤에숨은진짜두려움은무엇인가요관계가깨질까봐나를보호하기위해상대를보호하기위해,,0.0
통찰질문,관계의 질/진짜 대화,최근 나눈 대화 중 표면적 질문(어떻게 지내?)이 아닌 진짜 궁금증에서 시작된 대화는 언제였나요?,"진짜 대화는 답을 아는 질문이 아닌, 진심으로 듣고 싶은 질문에서 시작됩니다",최근나눈대화중표면적질문어떻게지내이아닌진짜궁금증에서시작된대화는언제였나요,,0.0
통찰질문,관계의 질/친구의 조건,"당신이 정의하는 ""친구""는 어떤 사람이며, 그 기준은 당신이 스스로에게 하는 것과 얼마나 다른가요?","친구에게 바라는 것(이해, 공감, 수용)을 자신에게도 주고 있나요?",당신이정의하는친구는어떤사람이며그기준은당신이스스로에게하는것과얼마나다른가요,,0.0
통찰질문,관계의 질/함께하는 외로움,"사람들 속에서 느끼는 외로움은, 누구도 진짜 당신을 모르기 때문인가요 아니면 진짜 당신을 보여주지 않기 때문인가요?","외로움의 책임이 타인에게 있나요, 자신에게 있나요?",사람들속에서느끼는외로움은누구도진짜당신을모르기때문인가요아니면진짜당신을보여주지않기때문인가요,,0.0
통찰질문,관계의 질/의존,"힘들 때 연락하는 사람에게서 진짜 필요한 것은 해결책인가요, 공감인가요, 아니면 그냥 존재해주는 것인가요?","당신이 진짜 원하는 것을 정확히 알고, 그것을 요청할 수 있나요?",힘들때연락하는사람에게서진짜필요한것은해결책인가요공감인가요아니면그냥존재해주는것인가요,,0.0
통찰질문,관계의 질/거절,"거절했을 때 느끼는 죄책감은, 상대를 실망시킨 것에 대한 것인가요 아니면 나쁜 사람이 될까봐 두려운 것인가요?",거절할 수 없다면 진짜 선택도 없습니다. 거절은 나를 지키는 것입니다,거절했을때느끼는죄책감은상대를실망시킨것에대한것인가요아니면나쁜사람이될까봐두려운것인가요,,0.0
통찰질문,성장 여정/변화,1년 전에는 하지 못했던 일을 할 수 있게 만든 것은 기술이 아니라 어떤 두려움을 넘어섰기 때문인가요?,진짜 성장은 할 수 있음이 아니라 할 수 있다고 믿게 됨입니다,1년전에는하지못했던일을할수있게만든것은기술이아니라어떤두려움을넘어섰기때문인가요,,0.0
통찰질문,성장 여정/미루는 진짜 이유,"계속 미루는 것은 실패가 두려워서인가요, 성공이 두려워서인가요?",때로는 성공 후의 책임과 변화가 더 두렵습니다. 어느 쪽인가요?,계속미루는것은실패가두려워서인가요성공이두려워서인가요,,0.0
통찰질문,성장 여정/성장의 대가,"성장한 당신은 지금의 어떤 안전함, 편안함, 관계를 잃게 될까요? 그것이 당신을 붙잡고 있나요?",성장을 방해하는 것은 능력 부족이 아니라 잃는 것에 대한 두려움입니다,성장한당신은지금의어떤안전함편안함관계를잃게될까요그것이당신을붙잡고있나요,,0.0
통찰질문,성장 여정/내 기준의 성장,"당신이 추구하는 성장은 정말 당신이 원하는 것인가요, 아니면 누군가를 만족시키기 위한 것인가요?","부모, 사회, 타인의 기대에서 자유로운 진짜 당신의 성장 방향은 무엇인가요?",당신이추구하는성장은정말당신이원하는것인가요아니면누군가를만족시키기위한것인가요,,0.0
통찰질문,성장 여정/실패 후 성장,"최근의 실패는 당신에게 무엇을 배우라고 했고, 당신은 그 수업을 들었나요 아니면 회피했나요?","같은 실패를 반복한다면, 아직 그 교훈을 받지 않은 것입니다",최근의실패는당신에게무엇을배우라고했고당신은그수업을들었나요아니면회피했나요,,0.0
통찰질문,성장 여정/생존의 힘,"인생 최대의 위기를 극복한 힘은 어디서 왔으며, 그 힘을 지금도 쓸 수 있나요?",당신은 이미 강한 사람입니다. 과거가 그 증거입니다,인생최대의위기를극복한힘은어디서왔으며그힘을지금도쓸수있나요,,0.0
통찰질문,성장 여정/배움의 방식,당신은 주로 어떻게 배우나요? 그리고 그 방식은 누가 가르쳐준 것인가요?,당신에게 맞는 방식과 강요받은 방식을 구분하세요,당신은주로어떻게배우나요그리고그방식은누가가르쳐준것인가요,,0.0
통찰질문,성장 여정/안전지대의 교환,컴포트 존을 벗어났을 때 잃은 것과 얻은 것을 비교하면 어느 쪽이 더 컸나요?,"대부분의 경우, 두려움은 과대평가되고 보상은 과소평가됩니다",컴포트존을벗어났을때잃은것과얻은것을비교하면어느쪽이더컸나요,,0.0
통찰질문,성장 여정/미래로부터의 조언,5년 후의 당신이 지금의 당신에게 한 가지 조언을 한다면 무엇일까요?,당신은 이미 알고 있습니다. 듣고 싶지 않을 뿐이죠,5년후의당신이지금의당신에게한가지조언을한다면무엇일까요,,0.0
통찰질문,삶의 의미/핵심 가치관,어떤 대가를 치르더라도 지키고 싶은 당신의 가치는 무엇인가요?,최근에 그 가치를 지키기 위해 무언가를 포기한 적이 있는지 떠올려보세요,어떤대가를치르더라도지키고싶은당신의가치는무엇인가요,,0.0
통찰질문,삶의 의미/존재의 이유,당신이 이 세상에 존재하는 이유는 무엇이라고 생각하나요?,그 이유는 누군가 정해준 것인가요 스스로 발견한 것인가요?,당신이이세상에존재하는이유는무엇이라고생각하나요,,0.0
통찰질문,삶의 의미/후회의 시나리오,10년 후 지금의 선택을 후회하게 된다면 어떤 부분일까요?,그럼에도 지금 그 선택을 하는 이유는 무엇인가요?,10년후지금의선택을후회하게된다면어떤부분일까요,,0.0
통찰질문,삶의 의미/옳음과 원함,"최근 ""옳은 일""과 ""하고 싶은 일"" 사이에서 고민한 적이 있나요?","어떤 선택을 했고, 그 선택에 대해 지금은 어떻게 생각하는지 돌아보세요",최근옳은일과하고싶은일사이에서고민한적이있나요,,0.0
통찰질문,삶의 의미/의미의 순간,"최근 ""의미 있다""고 느낀 순간은 언제였나요?",그때 무엇이 당신에게 의미를 주었는지 생각해보세요,최근의미있다고느낀순간은언제였나요,,0.0
통찰질문,삶의 의미/우선순위의 진실,지금 당신의 인생에서 가장 중요한 것 3가지는 무엇인가요?,그것들에 실제로 시간과 에너지를 쓰고 있나요?,지금당신의인생에서가장중요한것3가지는무엇인가요,,0.0
통찰질문,삶의 의미/절대 하지 않을 것,절대 하지 않겠다고 정한 것이 있나요?,"왜 그것만큼은 안 되는지, 그 이유를 생각해보세요",절대하지않겠다고정한것이있나요,,0.0
통찰질문,삶의 의미/전환의 순간,당신의 인생에서 가장 중요한 결정은 무엇이었나요?,그 결정이 당신을 어떻게 바꿨는지 생각해보세요,당신의인생에서가장중요한결정은무엇이었나요,,0.0
통찰질문,삶의 의미/행복의 실체,"당신에게 ""행복""이란 무엇인가요?","추상적인 답이 아닌, 구체적인 상태나 순간으로 설명해보세요",당신에게행복이란무엇인가요,,0.0
통찰질문,일상의 균형/시간의 진실,지난주 시간을 가장 많이 쓴 것과 가장 쓰고 싶었던 것을 비교해보세요,그 차이는 당신의 삶에 대해 무엇을 말해주나요?,지난주시간을가장많이쓴것과가장쓰고싶었던것을비교해보세요,,0.0
통찰질문,일상의 균형/돈의 의미,돈이 생기면 가장 먼저 하고 싶은 일은 무엇인가요?,그것은 진짜 당신이 원하는 것인가요 아니면 불안을 달래는 방법인가요?,돈이생기면가장먼저하고싶은일은무엇인가요,여유가 생기면 가장 먼저 챙기고 싶은 것은 무엇인가요?,0.49
통찰질문,일상의 균형/에너지의 리듬,하루 중 에너지가 가장 높은 시간대는 언제인가요?,"그 시간에 지금 무엇을 하고 있고, 무엇을 하고 싶은지 비교해보세요",하루중에너지가가장높은시간대는언제인가요,하루 중 에너지가 가장 넘치는 시간은 언제인가요?,0.61
통찰질문,일상의 균형/몸의 신호,최근 당신의 몸이 보내는 가장 강력한 신호는 무엇인가요?,"피로, 통증, 불면 등이 당신에게 전하고 싶은 메시지는 무엇일까요?",최근당신의몸이보내는가장강력한신호는무엇인가요,,0.0
통찰질문,일상의 균형/불균형의 정체,지금 당신의 삶에서 가장 불균형하다고 느끼는 부분은 무엇인가요?,"언제부터 그랬고, 왜 바꾸지 못하고 있는지 생각해보세요",지금당신의삶에서가장불균형하다고느끼는부분은무엇인가요,,0.0
통찰질문,일상의 균형/하루의 시작,아침에 눈 뜨고 가장 먼저 하는 일은 무엇인가요?,그 습관이 하루를 어떻게 시작하게 만드는지 생각해보세요,아침에눈뜨고가장먼저하는일은무엇인가요,주말 아침에 가장 하고 싶은 일은 무엇인가요?,0.53
통찰질문,일상의 균형/회복의 방식,진짜 쉬고 싶을 때 당신은 무엇을 하나요?,"그것이 정말 당신을 회복시키나요, 아니면 또 다른 소모인가요?",진짜쉬고싶을때당신은무엇을하나요,,0.0
통찰질문,일상의 균형/지속의 비밀,최근 6개월 동안 꾸준히 지킨 습관이 있나요?,"어떻게 그 습관을 유지할 수 있었는지, 그것이 당신에게 준 변화는 무엇인지 생각해보세요",최근6개월동안꾸준히지킨습관이있나요,,0.0
통찰질문,일상의 균형/회피의 패턴,계속 미루고 있는 일상적인 일이 있나요?,"왜 미루는지, 그것을 미루는 것이 당신에게 어떤 영향을 주는지 생각해보세요",계속미루고있는일상적인일이있나요,계속 미루고 있는 일 하나는 무엇인가요?,0.56
통찰질문,일상의 균형/연결의 대가,하루에 스마트폰을 몇 시간이나 사용하나요?,"그 시간에 주로 무엇을 하는지, 그것이 당신에게 주는 것과 빼앗는 것은 무엇인지 생각해보세요",하루에스마트폰을몇시간이나사용하나요,스마트폰 없이 보내는 시간이 하루에 얼마나 되나요?,0.45
통찰질문,커리어/일의 의미,당신에게 일이란 무엇인가요?,"돈, 성장, 의미, 생존, 즐거움 등 여러 의미 중 지금 가장 큰 비중을 차지하는 것은 무엇인지 생각해보세요",당신에게일이란무엇인가요,,0.0
통찰질문,커리어/몰입의 순간,일하면서 시간 가는 줄 모를 때는 어떤 일을 할 때인가요?,그 일의 어떤 부분이 당신을 몰입하게 만드는지 구체적으로 떠올려보세요,일하면서시간가는줄모를때는어떤일을할때인가요,,0.0
통찰질문,커리어/전환의 결정,당신의 커리어에서 가장 중요한 전환점은 언제였나요?,"그 선택이 당신을 어떻게 바꿨고, 지금의 당신에게 어떤 영향을 미치고 있나요?",당신의커리어에서가장중요한전환점은언제였나요,,0.0
통찰질문,커리어/인정받는 강점,동료나 상사가 당신에게 가장 자주 부탁하는 일은 무엇인가요?,그것이 당신의 강점에 대해 무엇을 말해주나요? 그 강점을 더 키우고 싶나요?,동료나상사가당신에게가장자주부탁하는일은무엇인가요,,0.0
통찰질문,커리어/일과 삶의 경계,퇴근 후에도 일이 머릿속을 떠나지 않나요?,"그것이 열정 때문인가요, 불안 때문인가요? 당신이 원하는 일과 삶의 경계는 어떤 모습인가요?",퇴근후에도일이머릿속을떠나지않나요,,0.0
통찰질문,커리어/성취의 순간,최근 일에서 성취감을 느낀 순간은 언제였나요?,무엇이 당신에게 그런 느낌을 주었는지 구체적으로 떠올려보세요,최근일에서성취감을느낀순간은언제였나요,,0.0
통찰질문,커리어/떠남의 신호,지금 하는 일을 그만두고 싶다는 생각을 한 적이 있나요?,"그때 무엇이 당신을 그렇게 만들었고, 지금도 그 생각을 하는지 생각해보세요",지금하는일을그만두고싶다는생각을한적이있나요,,0.0
통찰질문,커리어/정체성과 직업,당신은 자신을 소개할 때 직업을 먼저 말하나요?,직업이 당신의 정체성에서 차지하는 비중은 얼마나 되나요?,당신은자신을소개할때직업을먼저말하나요,,0.0
통찰질문,커리어/배움의 갈망,일과 관련해서 배우고 싶은 것이 있나요?,"왜 그것을 배우고 싶고, 배운다면 무엇이 달라질까요?",일과관련해서배우고싶은것이있나요,무엇을 가장 배우고 싶나요?,0.4
통찰질문,커리어/이상적인 하루,당신의 이상적인 업무 하루는 어떤 모습인가요?,"지금의 하루와 얼마나 다른지, 그 차이를 어떻게 좁힐 수 있을지 생각해보세요",당신의이상적인업무하루는어떤모습인가요,내가 꿈꾸는 이상적인 관계는 어떤 모습인가요?,0.51
통찰질문,연간 이정표/자아의 핵심,"모든 역할(직업, 관계, 책임)을 벗어던졌을 때, 남는 당신은 누구인가요?","아들/딸, 부모, 직장인, 친구... 이 모든 것이 아닌 순수한 당신. 그 사람은 무엇을 좋아하고, 무엇을 믿으며, 어떻게 살고 싶어하나요?",모든역할직업관계책임을벗어던졌을때남는당신은누구인가요,,0.0
통찰질문,연간 이정표/거짓 자아,당신이 다른 사람들에게 보여주는 모습과 진짜 당신 사이의 가장 큰 간극은 무엇인가요?,왜 진짜 모습을 숨기나요? 진짜 당신을 보여줬을 때 무엇을 잃게 될까요? 그것은 정말 잃을 만한 가치가 있는 것인가요?,당신이다른사람들에게보여주는모습과진짜당신사이의가장큰간극은무엇인가요,,0.0
통찰질문,연간 이정표/정체성의 위기,"당신이 의지하는 정체성(직업, 역할, 관계)이 사라진다면, 당신은 누구인가요?","""엄마"", ""의사"", ""누군가의 파트너""가 아닌 당신은?",당신이의지하는정체성직업역할관계이사라진다면당신은누구인가요,,0.0
통찰질문,연간 이정표/진정성의 대가,"진짜 당신으로 사는 것과 안전한 가면을 쓰는 것 중, 지금 어느 쪽을 선택하고 있으며 그 이유는?","진정성의 대가와 가면의 대가, 어느 것이 더 큰가요?",진짜당신으로사는것과안전한가면을쓰는것중지금어느쪽을선택하고있으며그이유는,,0.0
통찰질문,연간 이정표/자기 배신,"올해 당신은 자신과의 어떤 약속을 지켰고, 어떤 약속을 저버렸나요?",저버린 약속 뒤에 숨은 진짜 이유는 무엇인가요? 능력 부족? 두려움? 아니면 애초에 진짜 원하지 않았던 것?,올해당신은자신과의어떤약속을지켰고어떤약속을저버렸나요,,0.0
통찰질문,연간 이정표/두려움,"올해 당신을 가장 오래 붙잡고 있는 두려움은 무엇이며, 그 두려움은 언제부터 시작되었나요?","단순한 걱정이 아닌, 당신의 선택과 행동을 제약하는 깊은 두려움을 찾아보세요. 그것이 실제로 일어날 확률과 당신이 느끼는 두려움의 크기를 비교해보세요",올해당신을가장오래붙잡고있는두려움은무엇이며그두려움은언제부터시작되었나요,,0.0
통찰질문,연간 이정표/진짜 원하는 삶,"돈, 타인의 시선, 의무를 모두 제거했을 때, 당신이 진짜 살고 싶은 삶은 어떤 모습인가요?","구체적으로 상상해보세요. 어디서, 누구와, 무엇을 하며 살고 있나요? 지금의 삶과 얼마나 다른가요? 그 차이를 만드는 것은 무엇인가요?",돈타인의시선의무를모두제거했을때당신이진짜살고싶은삶은어떤모습인가요,,0.0
통찰질문,연간 이정표/질투의 지도,"당신이 질투하는 대상들의 공통점은 무엇이며, 그것은 당신의 어떤 억압된 욕망을 드러내나요?",질투는 당신이 진짜 원하는 것의 지도입니다. 그 욕망을 인정하면 무엇이 두렵나요?,당신이질투하는대상들의공통점은무엇이며그것은당신의어떤억압된욕망을드러내나요,,0.0
통찰질문,연간 이정표/완벽함,"당신이 추구하는 완벽함은 탁월함을 향한 것인가요, 아니면 비난을 피하기 위한 방어인가요?","완벽주의가 당신을 성장시키나요, 아니면 시작을 막나요?",당신이추구하는완벽함은탁월함을향한것인가요아니면비난을피하기위한방어인가요,,0.0
통찰질문,연간 이정표/진짜 두려운 것,"성공이 두렵나요? 성공 후 변화, 책임, 시선이 더 두렵나요?",실패보다 성공을 두려워하는 사람들이 있습니다. 당신은 어느 쪽인가요?,성공이두렵나요성공후변화책임시선이더두렵나요,,0.0
통찰질문,연간 이정표/관계의 본질,당신이 가장 깊이 사랑하는 사람에게 아직 말하지 못한 진실은 무엇인가요?,"말하지 못하는 이유는 무엇인가요? 두려움 때문인가요, 상대를 보호하기 위해서인가요, 아니면 자신을 보호하기 위해서인가요?",당신이가장깊이사랑하는사람에게아직말하지못한진실은무엇인가요,,0.0
통찰질문,연간 이정표/부모와의 관계,"당신은 부모로부터 무엇을 물려받았고, 무엇을 물려주지 않기로 결심했나요?","좋은 것과 나쁜 것 모두. 그리고 물려주지 않기로 한 것을 실제로 끊었나요, 아니면 다른 형태로 반복하고 있나요?",당신은부모로부터무엇을물려받았고무엇을물려주지않기로결심했나요,,0.0
통찰질문,연간 이정표/사랑의 능력,당신은 사랑받을 자격이 있다고 믿나요? 조건 없이? 그 믿음은 어디서 왔나요?,"자격 있음을 증명해야 한다고 느낀다면, 누가 그렇게 가르쳤나요?",당신은사랑받을자격이있다고믿나요조건없이그믿음은어디서왔나요,,0.0
통찰질문,연간 이정표/용서하지 못한 것,"당신이 아직 용서하지 못한 것은 무엇이며(자신 또는 타인), 그것을 붙잡고 있는 것이 당신에게 주는 것과 빼앗는 것은 무엇인가요?","용서하지 못함으로써 얻는 것(정당함, 피해자 위치, 책임 회피)과 잃는 것(자유, 평화, 앞으로 나아감)을 비교해보세요",당신이아직용서하지못한것은무엇이며자신또는타인그것을붙잡고있는것이당신에게주는것과빼앗는것은무엇인가요,,0.0
통찰질문,연간 이정표/상실의 의미,"당신이 잃은 것 중 가장 큰 것은 무엇이며, 그 상실은 당신을 어떻게 바꿨나요?","사람, 꿈, 순수함, 신뢰... 잃은 것이 당신에게 남긴 공허함은 무엇으로 채워졌나요?",당신이잃은것중가장큰것은무엇이며그상실은당신을어떻게바꿨나요,,0.0
통찰질문,연간 이정표/분노의 뿌리,당신을 화나게 만드는 것들은 사실 당신의 어떤 무력감을 건드리나요?,"분노 밑에는 보통 통제력 상실, 무시당함, 불공정함에 대한 느낌이 있습니다",당신을화나게만드는것들은사실당신의어떤무력감을건드리나요,,0.0
통찰질문,연간 이정표/수치심의 뿌리,"당신이 가장 부끄러워하는 것은 무엇이며, 그것은 정말 부끄러운 일인가요?",수치심은 종종 타인이 심어놓은 것입니다. 그 목소리는 원래 누구의 것이었나요?,당신이가장부끄러워하는것은무엇이며그것은정말부끄러운일인가요,,0.0
통찰질문,연간 이정표/고통의 의미,올해 가장 고통스러웠던 경험은 당신에게 무엇을 가르쳐주었나요? 그 고통이 없었다면 당신은 무엇을 모르고 있었을까요?,"고통을 피하려 하지 말고, 그 속에서 배운 것을 찾아보세요. 같은 고통이 다시 온다면, 이제는 다르게 대응할 수 있나요?",올해가장고통스러웠던경험은당신에게무엇을가르쳐주었나요그고통이없었다면당신은무엇을모르고있었을까요,,0.0
통찰질문,연간 이정표/중독의 패턴,"당신이 반복적으로 도피하는 것(술, 일, SNS, 쇼핑)은 어떤 고통을 마취시키나요?",중독 뒤에는 항상 견딜 수 없는 고통이 있습니다. 그 고통은 무엇인가요?,당신이반복적으로도피하는것술일SNS쇼핑은어떤고통을마취시키나요,,0.0
통찰질문,연간 이정표/통제의 환상,당신이 통제하려고 애쓰는 것은 사실 통제할 수 없는 것에 대한 불안을 다루는 방식인가요?,"완벽한 계획, 과도한 준비... 진짜 두려운 것은 무엇인가요?",당신이통제하려고애쓰는것은사실통제할수없는것에대한불안을다루는방식인가요,,0.0
통찰질문,연간 이정표/시간의 사용,"당신이 죽기 전 마지막 1년이 남았다면, 지금 하고 있는 일 중 무엇을 멈추고 무엇을 시작할까요?",멈출 것과 시작할 것을 각각 3가지씩 적어보세요. 왜 지금은 그렇게 하지 않고 있나요? 진짜 이유는 무엇인가요?,당신이죽기전마지막1년이남았다면지금하고있는일중무엇을멈추고무엇을시작할까요,,0.0
통찰질문,연간 이정표/삶의 균형,"당신의 삶에서 ""해야 한다""와 ""하고 싶다""의 비율은 몇 대 몇이며, 이상적인 비율은 무엇인가요?",구체적으로 주간 시간을 계산해보세요. 의무 vs 진짜 원함. 그 차이를 좁히기 위해 포기해야 하는 것과 얻게 되는 것은 무엇인가요?,당신의삶에서해야한다와하고싶다의비율은몇대몇이며이상적인비율은무엇인가요,,0.0
통찰질문,연간 이정표/선택의 자유,"당신이 ""선택의 여지가 없었다""고 느낀 순간, 정말 선택지가 없었나요 아니면 다른 선택의 대가가 너무 컸나요?",대부분의 경우 우리는 선택합니다. 단지 그것을 인정하기 싫을 뿐이죠,당신이선택의여지가없었다고느낀순간정말선택지가없었나요아니면다른선택의대가가너무컸나요,,0.0
통찰질문,연간 이정표/변화의 저항,"당신이 바꾸고 싶지만 계속 똑같이 반복하는 것은 무엇이며, 그것을 붙잡고 있는 이유는 무엇인가요?","습관, 관계, 일... 바꾸면 좋을 텐데 바꾸지 못하는 것. 겉으로는 환경 탓을 하지만, 진짜로는 당신이 그것을 필요로 하고 있는 건 아닐까요?",당신이바꾸고싶지만계속똑같이반복하는것은무엇이며그것을붙잡고있는이유는무엇인가요,,0.0
통찰질문,연간 이정표/마지막 선택,"인생에서 딱 하나만 바꿀 수 있다면 무엇을 바꾸겠으며, 왜 지금은 바꾸지 않나요?",지금 바꿀 수 있는데 안 바꾸는 이유가 진짜 이유입니다,인생에서딱하나만바꿀수있다면무엇을바꾸겠으며왜지금은바꾸지않나요,,0.0
