신규 ID,empathy_guide,hint_guide,leading_question_guide
L001,고마운 마음과 서운한 마음이 동시에 들 수 있어요.,"이벤트의 설렘과 비밀 연락의 찜찜함, 뭐가 더 크게 다가오나요?",내가 연인에게 가장 바라는 투명함은 어디까지인가요?
L002,커플 사이에 유독 의견이 갈리는 상황이에요.,"내 친구를 믿는 마음과 괜히 신경 쓰이는 마음, 어느 쪽이 커요?",이런 일에 신경이 쓰인다면 그 이유는 뭘까요?
L003,사소해 보여도 은근히 마음이 쓰이는 논쟁이죠.,"그냥 노래일 뿐인가요, 둘만의 공간에 들어온 느낌인가요?",나에게 연인과 '둘만의 영역'은 어디까지인가요?
L004,돈을 대하는 방식은 연애에서도 크게 드러나요.,"아끼는 쪽과 쓰는 쪽, 어느 쪽이 더 답답하게 느껴지나요?",나는 연인에게 어떤 소비 스타일로 보일까요?
L005,"짝사랑의 아픔과 원치 않는 관심, 둘 다 쉽지 않아요.","내 마음이 닿지 않는 것과 남의 마음을 거절하는 것, 뭐가 더 무거워요?",거절하는 쪽과 거절당하는 쪽 중 나는 어디가 더 힘든 편이에요?
L006,고백은 받는 방식도 꽤 중요하죠.,"여러 사람 앞의 부담과 낯선 사람 앞의 당황, 뭐가 더 싫어요?",받고 싶은 고백 장면이 있다면 어떤 모습이에요?
L007,말하는 방식은 연애의 온도를 크게 바꿔요.,"배려 섞인 우회와 시원한 직구, 뭐가 더 편해요?",나는 연인에게 어떤 방식으로 말하는 편이에요?
L008,어떤 이별이든 아프지만 더 아픈 방식이 있죠.,"배신감과 허무함, 뭐가 더 오래 남을 것 같아요?",내가 생각하는 '좋은 이별'은 어떤 모습이에요?
L009,둘 다 쉽지 않은 선택이라 더 재밌는 질문이에요.,"친구와의 관계와 옛 연인의 그림자, 뭐가 더 걸리나요?",연애할 때 주변 관계를 얼마나 신경 쓰는 편이에요?
L010,연락 텀은 사람마다 편한 기준이 정말 달라요.,바쁜 날과 한가한 날을 나눠서 생각해봐요.,연락이 늦어질 때 나는 어떤 마음이 드나요?
L011,가까운 사이일수록 공유의 선이 궁금해져요.,편하게 열 수 있는 것과 끝까지 지키고 싶은 걸 나눠봐요.,나에게 연애 속 '사생활'은 어떤 의미인가요?
L012,사소한 양보에도 마음의 크기가 드러나요.,"하나는 양보, 둘 다는 고민인가요?",연애할 때 내가 기꺼이 양보하는 건 주로 뭐예요?
L013,말할지 말지 고민되는 순간이 있을 수 있어요.,"솔직하게 알리는 게 나은가요, 조용히 정리하는 게 나은가요?",연인이 같은 상황이라면 나는 어떻게 해주길 바라요?
L014,양쪽 다 소중해서 더 어려운 상황이에요.,"누가 옳은지가 먼저인가요, 누가 더 속상한지가 먼저인가요?",갈등 사이에서 나는 주로 어떤 역할을 맡아요?
L015,좋아하는 곳을 나누는 건 마음을 여는 일이에요.,"자주 가는 카페, 산책길, 동네 맛집을 떠올려봐요.",그곳을 함께 가고 싶은 이유는 뭐예요?
L016,연애할 때의 나는 평소와 다를 수도 있어요.,데이트 코스를 정할 때나 의견이 갈릴 때를 떠올려봐요.,"그 역할이 나에게 편한가요, 아니면 익숙해진 건가요?"
L017,끌리는 나이대에도 나만의 이유가 있죠.,"편안함, 설렘, 든든함 중 뭘 기대하나요?",그 나이대에 끌리는 이유를 한 단어로 말한다면요?
L018,이상형을 떠올리면 괜히 기분이 좋아지죠.,"외모, 분위기, 말투 중 뭐가 먼저 떠오르나요?",그 사람의 어떤 점이 가장 끌려요?
L019,썸은 연애보다 더 설렌다는 말도 있죠.,"연락이 올 때, 눈이 마주칠 때, 약속을 잡을 때를 떠올려봐요.",그 순간이 설레는 이유는 뭘까요?
L020,답장 하나에 마음이 오르락내리락하기도 해요.,"읽고 답이 없는 것과 아예 안 읽은 것, 뭐가 더 신경 쓰여요?",답장이 늦을 때 나는 주로 어떤 상상을 하나요?
L021,좋아하면 작은 변화에도 눈이 가게 돼요.,"프로필 사진, 배경, 상태 메시지 중 뭘 먼저 보나요?",그 변화에서 나는 주로 뭘 읽어내려고 하나요?
L022,애교에도 사람마다 스타일이 있어요.,"말투, 행동, 표정 중 어디서 애교가 나오나요?",그 점수가 나온 이유는 뭐예요?
L023,설렘 포인트는 말투에서 오기도 해요.,따뜻하게 챙겨주는 말과 장난스럽게 놀리는 말을 떠올려봐요.,그 말투에 설레는 이유는 뭘까요?
L024,커플템은 설렘과 쑥스러움이 함께 오죠.,"반지, 옷, 폰케이스처럼 종류마다 다를 수도 있어요.",티 나는 커플템과 은근한 커플템 중 뭐가 더 좋아요?
L025,부르는 이름 하나에도 관계의 온도가 담겨요.,"귀여운 별명, 이름, 둘만 아는 호칭을 떠올려봐요.",그 애칭으로 불리면 어떤 기분일 것 같아요?
L026,연애할 때의 나를 캐릭터로 보면 재밌어요.,"직진형, 신중형, 분위기 메이커, 반전 매력 중 뭘까요?",그 캐릭터라고 생각한 이유는 뭐예요?
L027,"사랑과 우정 사이, 서운함은 자연스러운 감정이에요.",약속의 중요도나 횟수에 따라 달라지나요?,내가 연인에게 가장 바라는 우선순위는 뭐예요?
L028,궁금함과 믿음 사이에서 고민될 수 있어요.,확인하고 싶은 마음과 믿고 싶은 마음 중 어느 쪽이 커요?,연애에서 나에게 '신뢰'는 어떤 모습이에요?
L029,연애 스타일도 음식처럼 맛이 다 달라요.,"달달한 디저트, 매운 떡볶이, 든든한 국밥처럼 떠올려봐요.",그 음식으로 고른 이유는 뭐예요?
L030,고백 타이밍은 사람마다 감이 달라요.,만남 횟수보다 중요한 신호가 있다면 뭘까요?,나는 마음을 확인할 때 뭘 보고 판단해요?
Y001,약속이 취소될 때의 기분에는 나도 몰랐던 내가 담겨 있어요.,아쉬움과 안도감 중 먼저 드는 감정을 떠올려봐요.,그 기분이 드는 이유는 뭐라고 생각해요?
Y002,빈 주말을 대하는 마음은 사람마다 정말 달라요.,아무 계획 없는 토요일 아침을 상상해봐요.,그런 주말을 보내고 나면 어떤 기분이 들어요?
Y003,누구나 한 번쯤 겪는 어색한 순간이죠.,"말을 걸 때와 휴대폰을 볼 때, 각각 내 마음을 떠올려봐요.",그런 순간 나를 움직이는 마음은 뭐예요?
Y004,혼자만의 시간이 주는 느낌은 사람마다 달라요.,"편안함, 자유로움, 심심함, 외로움 중 뭐에 가까워요?",그럴 때 나는 무엇으로 균형을 맞추나요?
Y005,마감을 대하는 방식에는 나만의 리듬이 있어요.,"과제, 업무, 약속 준비처럼 마감이 있던 일을 떠올려봐요.",그 방식이 나에게 잘 맞는다고 느껴요?
Y006,쌓인 알림을 보는 마음도 사람마다 달라요.,빨간 숫자가 보이면 어떤 기분이 드나요?,정리하고 싶은 마음은 다른 곳에서도 드러나나요?
Y007,책상은 나만의 질서를 보여주는 공간이에요.,지금 내 책상 위를 떠올려봐요.,내가 편하다고 느끼는 공간의 상태는 어떤 모습이에요?
Y008,할 일을 다루는 방식은 머릿속 정리 습관이기도 해요.,"메모앱, 다이어리, 포스트잇, 머릿속 중 어디에 두나요?",그 방식이 나에게 어떤 안정감을 주나요?
Y009,사고 싶은 마음을 다루는 방식은 저마다 달라요.,최근에 장바구니에 담았던 물건을 떠올려봐요.,"바로 사고 나서와 묵혀두고 나서, 언제 더 만족하나요?"
Y010,일이 쌓이면 누구나 딴짓이 하고 싶어지죠.,"청소, 휴대폰, 간식처럼 자꾸 손이 가는 게 있나요?",나를 결국 시작하게 만드는 건 뭐예요?
Y011,"익숙한 맛과 새로운 맛, 둘 다 즐거움이 있어요.",실패 없는 선택과 새로운 발견 중 뭐가 더 끌려요?,다른 일에서도 비슷한 선택을 하는 편이에요?
Y012,길을 고르는 방식에도 내 성향이 묻어나요.,익숙한 편안함과 낯선 설렘 중 뭐가 더 좋아요?,새로운 길을 가다 헤매면 어떤 기분이 들어요?
Y013,좋아하는 것을 고르는 기준은 사람마다 달라요.,모두가 좋아하는 것과 나만 알고 싶은 것을 떠올려봐요.,나만 알던 게 유명해지면 어떤 기분이 들어요?
Y014,노래 취향에는 익숙함과 새로움 사이의 내가 담겨요.,"반복 재생 목록과 새 노래 추천, 뭘 더 자주 켜요?",새로운 걸 찾게 되는 때는 주로 언제예요?
Y015,말할지 말지 잠깐 고민되는 순간이죠.,메뉴가 다르게 나왔던 상황을 떠올려봐요.,"말하지 못했다면, 말하고 나면 어떤 마음이 들어요?"
Y016,메뉴 정하기에도 관계 속 내 역할이 드러나요.,'아무거나'라고 해놓고 속으로 원하는 게 있던 적도 떠올려봐요.,그 역할이 편한 이유는 뭐예요?
Y017,기다림의 기준은 사람마다 조금씩 달라요.,"5분, 10분, 30분 중 어디부터 마음이 달라지나요?",그 시간을 넘기면 어떤 마음이 드나요?
Y018,같은 말에도 반응은 정말 다양하죠.,"""무슨 빵?""과 ""무슨 일 있어?"" 중 뭐가 먼저 나올까요?",그 답에 나의 어떤 면이 담겨 있다고 생각해요?
Y019,짧은 답장 하나에도 마음이 흔들릴 수 있어요.,"'ㅇㅇ', '응.' 같은 답을 받았을 때를 떠올려봐요.",신경이 쓰인다면 주로 어떤 생각이 드나요?
Y020,걱정이 흘러가는 방향은 사람마다 달라요.,걱정이 커질 때와 금방 잊힐 때의 차이를 떠올려봐요.,걱정이 커질 때 나를 진정시키는 건 뭐예요?
Y021,좋은 말보다 아픈 말이 오래 남기도 해요.,최근에 들었던 칭찬과 지적을 하나씩 떠올려봐요.,오래 남는 말은 나에게 어떤 영향을 주나요?
Y022,작은 실수를 떠나보내는 속도는 사람마다 달라요.,"하루, 일주일, 몇 년 후에 문득 떠오르는지 생각해봐요.",실수를 털어내는 나만의 방법이 있나요?
Y023,날씨는 생각보다 마음에 큰 영향을 줘요.,"빗소리, 흐린 하늘, 축축한 공기를 떠올려봐요.",날씨 말고도 내 기분을 바꾸는 환경이 있나요?
Y024,복잡한 머리를 식히는 방법은 저마다 달라요.,"걷기, 청소, 운동 또는 눕기, 멍때리기를 떠올려봐요.",그 방법을 하고 나면 어떤 변화가 있어요?
Y025,속상함을 다루는 방식에는 정답이 없어요.,"털어놓고 싶은 사람이 있는지, 혼자가 편한지 떠올려봐요.",그렇게 하고 나면 마음이 어떻게 달라져요?
Y026,버티게 하는 이유는 생각보다 작은 것일 수도 있어요.,"사람, 목표, 약속, 좋아하는 것 중 뭐가 떠오르나요?",그것이 나에게 힘이 되는 이유는 뭐예요?
Y027,기대고 싶은 마음을 전하는 방식은 사람마다 달라요.,"직접 말하기와 눈치채주길 기다리기, 뭐가 더 익숙해요?",기다리게 된다면 그 이유는 뭘까요?
Y028,좋아하는 마음은 숨기려 해도 드러나기도 하죠.,주변 사람들이 눈치챘던 순간을 떠올려봐요.,"티가 나는 게 좋나요, 들킬까 봐 신경 쓰이나요?"
Y029,둘 다 누군가에게는 좋은 삶이에요.,퇴근 후의 여유와 통장의 여유를 비교해봐요.,그 선택이 요즘의 나에게 더 끌리는 이유는 뭐예요?
Y030,힘이 나는 순간을 알면 나를 움직이는 법도 보여요.,칭찬을 들을 때와 마음대로 할 수 있을 때를 떠올려봐요.,그 조건을 일상에 더 늘릴 방법이 있을까요?
Y031,하기 싫은 일도 결국 해내게 만드는 힘이 있죠.,"끝나고 받을 보상과 해야 한다는 마음, 뭐가 더 커요?",그 힘이 떨어질 때는 어떻게 다시 채우나요?
Y032,승부 앞에서 진짜 내 모습이 드러나기도 해요.,"게임, 내기, 경쟁 상황을 떠올려봐요.",지고 나면 어떤 마음이 드는 편이에요?
Y033,같은 사람도 시기에 따라 끌리는 쪽이 달라져요.,지금 내 상황에서 더 필요한 게 뭔지 떠올려봐요.,1년 전의 나라면 어떻게 답했을까요?
Y034,메뉴 고르는 모습에 결정 스타일이 담겨 있어요.,배달앱이나 식당 메뉴판 앞의 나를 떠올려봐요.,다른 선택을 할 때도 비슷한 편이에요?
Y035,결정하는 방식에는 나만의 습관이 있어요.,최근에 고민했던 선택을 하나 떠올려봐요.,그렇게 결정했을 때 결과는 대체로 어땠어요?
Y036,후회에도 종류가 있어요.,해봐서 아쉬운 일과 못 해봐서 아쉬운 일을 떠올려봐요.,그 후회가 지금의 나에게 남긴 건 뭐예요?
Y037,나에게 하는 말은 나를 대하는 태도를 보여줘요.,"""괜찮아""와 ""또 그랬네"" 중 뭐가 먼저 나오나요?",친구가 같은 실수를 했다면 뭐라고 말해줄 것 같아요?
Y038,남에게는 너그러운데 나에게는 엄격할 때가 있죠.,같은 실수를 친구가 했을 때와 내가 했을 때를 비교해봐요.,그 차이는 어디서 온다고 생각해요?
Y039,쉬는 날을 대하는 마음은 사람마다 달라요.,하루 종일 누워 있던 날 저녁을 떠올려봐요.,나에게 '잘 쉬었다'는 건 어떤 날이에요?
Y040,새로운 자리 앞에서는 여러 감정이 함께 와요.,"처음 가는 모임, 첫 출근, 첫 수업 전날을 떠올려봐요.",그 마음을 다스리는 나만의 방법이 있나요?
Y041,모두에게 좋은 사람일 수는 없지만 신경은 쓰이죠.,"궁금함, 서운함, 억울함, 무덤덤함 중 뭐에 가까워요?",그럴 때 나를 지켜주는 생각은 뭐예요?
Y042,좋은 일 앞에서도 마음이 복잡할 수 있어요.,"기쁨이 먼저인지, '이래도 되나' 싶은 마음이 먼저인지 떠올려봐요.",기쁨을 온전히 누리게 해주는 건 뭐예요?
Y043,도움을 주고 난 뒤의 마음에 내 한계가 보여요.,기꺼이 도운 부탁과 억지로 도운 부탁을 나눠봐요.,거절해도 괜찮았을 부탁이 있었나요?
Y044,같은 지적도 받아들이는 방식은 다 달라요.,이유가 궁금한 마음과 서운한 마음 중 뭐가 먼저 와요?,지적을 잘 받아들이게 되는 조건은 뭐예요?
X001,짜증은 누구에게나 찾아오는 감정이에요.,"달달한 것 먹기, 음악 듣기, 잠깐 걷기처럼 떠올려봐요.",그 방법이 잘 통하는 이유는 뭘까요?
X002,웃음 버튼은 사람마다 정말 달라요.,"영상, 친구의 말투, 동물, 추억 중 뭐가 떠오르나요?",그걸 보면 왜 웃음이 나는 것 같아요?
X003,긴장은 몸이 먼저 알려주기도 해요.,"손, 배, 목소리, 얼굴 중 어디가 먼저 반응하나요?",그 신호를 느끼면 나는 어떻게 긴장을 풀어요?
X004,기분을 이모지로 고르면 의외로 정확해요.,평소 메시지에 자주 쓰는 이모지를 떠올려봐요.,그 이모지를 고른 이유는 뭐예요?
X005,혼자 있을 때 터지는 웃음은 진짜 내 웃음이죠.,"영상, 옛날 사진, 갑자기 떠오른 기억을 떠올려봐요.",그런 순간이 나에게 어떤 에너지를 주나요?
X006,알람 습관에도 나만의 아침이 담겨 있어요.,알람 개수와 스누즈 버튼을 떠올려봐요.,그렇게 일어나면 아침 기분이 어때요?
X007,예상치 못한 30분은 작은 선물 같아요.,"휴대폰, 산책, 낮잠, 밀린 일 중 뭘 하게 되나요?",그 30분을 가장 알차게 쓴다면 뭘 하고 싶어요?
X008,주말 아침의 나를 움직이는 건 뭘까요?,"배고픔, 햇살, 약속, 좋아하는 일 중에 떠올려봐요.",그게 없다면 언제까지 누워 있을 것 같아요?
X009,장바구니에는 나의 생활이 담겨 있어요.,"과일, 간식, 음료, 늘 떨어지는 생필품을 떠올려봐요.",그걸 매번 사게 되는 이유는 뭐예요?
X010,작지만 확실한 꿀팁은 나누고 싶어지죠.,"정리, 요리, 절약, 시간 관리 중 떠오르는 게 있나요?",그 꿀팁은 어떻게 알게 됐어요?
X011,스트레스 받을 때 당기는 음식은 마음의 신호예요.,"매운 것, 달콤한 것, 바삭한 것 중 뭐에 가까워요?",그 음식을 먹고 나면 기분이 어떻게 달라져요?
X012,씻는 시간에도 나만의 리듬이 있어요.,하루를 여는 샤워와 하루를 닫는 샤워를 떠올려봐요.,그 시간이 나에게 주는 의미는 뭐예요?
X013,첫인상에서 보는 곳에 내 기준이 담겨 있어요.,"눈빛, 표정, 말투, 옷차림 중 뭐가 먼저 보여요?",그 부분을 먼저 보게 된 이유는 뭘까요?
X014,친구들이 보는 나는 내가 아는 나와 다를 수도 있어요.,친구들이 나를 부를 때 자주 쓰는 말을 떠올려봐요.,"그 단어가 마음에 드나요, 의외인가요?"
X015,관계마다 편한 거리는 조금씩 달라요.,매일 연락하는 친구와 오랜만에 만나도 편한 친구를 떠올려봐요.,나에게 편한 관계의 조건은 뭐예요?
X016,선물 고르는 방식에 마음 쓰는 법이 담겨요.,꼭 필요한 물건과 추억이 담긴 물건 중 뭘 고르나요?,받을 때도 같은 기준인가요?
X017,무인도라는 상상에 내가 원하는 사람이 보여요.,"든든한 사람, 웃긴 사람, 손재주 있는 사람을 떠올려봐요.",그런 사람을 고른 이유는 뭐예요?
X018,대화 속 역할에도 내 성향이 담겨 있어요.,친구들과 모였을 때의 나를 떠올려봐요.,그 역할이 편한 이유는 뭐예요?
X019,칭찬 앞에서의 반응은 사람마다 달라요.,"쑥스러워하기, 고맙다고 하기, 손사래 치기 중 뭐에 가까워요?",칭찬을 편하게 받으려면 뭐가 필요할까요?
X020,민트초코는 영원한 국민 논쟁이죠.,"치약 맛인가요, 상쾌한 디저트인가요?",호불호가 갈리는 다른 음식도 있나요?
X021,아끼는 물건에는 이야기가 담겨 있어요.,"선물 받은 것, 오래 쓴 것, 추억이 있는 것을 떠올려봐요.",그 물건이 특별해진 이유는 뭐예요?
X022,좋아하는 색에는 내 분위기가 담겨 있어요.,옷장에서 가장 많이 보이는 색을 떠올려봐요.,그 색을 입으면 어떤 기분이 들어요?
X023,질리지 않는 노래는 마음의 단골 같아요.,언제 들어도 좋은 노래를 떠올려봐요.,그 노래가 계속 좋은 이유는 뭘까요?
X024,쉬는 곳을 고르는 데도 취향이 드러나요.,탁 트인 수평선과 초록빛 숲길을 떠올려봐요.,그곳에서 가장 하고 싶은 건 뭐예요?
X025,이름을 다시 짓는다면 새로운 나를 상상하게 돼요.,"부르기 좋은 이름, 뜻이 좋은 이름을 떠올려봐요.",그 이름에 담고 싶은 의미는 뭐예요?
X026,사소하지만 은근히 진지한 논쟁이죠.,바삭한 꼬리와 팥 가득한 머리를 떠올려봐요.,다른 음식에도 나만의 먹는 순서가 있나요?
X027,"큰돈과 연결 없는 일상, 상상만 해도 고민되죠.",휴대폰 없이 불편할 일과 편해질 일을 떠올려봐요.,휴대폰이 없다면 가장 먼저 채우고 싶은 시간은 뭐예요?
X028,고집에는 나만의 기준이 담겨 있어요.,"음식, 습관, 물건, 생활 방식 중에 떠올려봐요.",그 고집이 생긴 이유는 뭘까요?
X029,다른 직업을 상상하면 숨은 관심사가 보여요.,평소 궁금했던 직업이나 멋져 보였던 일을 떠올려봐요.,그 직업에서 가장 해보고 싶은 순간은 뭐예요?
X030,평생 무료라는 말은 생각만 해도 즐겁죠.,"매일 쓰는 것, 좋아하는 음식, 경험을 떠올려봐요.",그걸 고른 이유는 뭐예요?
X031,좋아하는 마음을 드러내는 방식은 사람마다 달라요.,"먼저 연락하기, 티 내기, 기다리기를 떠올려봐요.",그 방식이 나에게 편한 이유는 뭘까요?
X032,어떤 말은 오래도록 마음을 두근거리게 해요.,"""보고 싶어"", ""잘했어"", ""네 생각났어"" 같은 말을 떠올려봐요.",그 말이 설레는 이유는 뭘까요?
X033,위로가 되는 노래에는 내 마음이 담겨 있어요.,그 플레이리스트에 담긴 노래 분위기를 떠올려봐요.,그 제목을 짓게 된 이유는 뭐예요?
X034,어떤 단어는 듣기만 해도 기분이 좋아져요.,"휴가, 퇴근, 맛집, 칭찬 같은 단어를 떠올려봐요.",그 단어가 좋은 이유는 뭘까요?
X035,가라앉는 날에도 나를 끌어올리는 게 있어요.,"음식, 사람, 노래, 산책 중에 떠올려봐요.",그게 나에게 통하는 이유는 뭘까요?
X036,감동을 표현하는 방식은 사람마다 달라요.,"눈물, 말, 표정, 조용한 감사 중 뭐에 가까워요?",감동을 표현하고 나면 어떤 기분이에요?
X037,사진첩은 내 관심사를 가장 솔직하게 보여줘요.,"음식, 풍경, 사람, 캡처 중 뭐가 가장 많아요?",그 사진을 자주 찍는 이유는 뭘까요?
X038,검색 기록에는 요즘의 내가 담겨 있어요.,"맛집, 날씨, 궁금한 단어, 사람 이름을 떠올려봐요.",그 단어를 자주 찾게 되는 이유는 뭐예요?
X039,알고리즘은 나보다 내 관심사를 잘 알기도 해요.,추천 목록에 자주 뜨는 영상을 떠올려봐요.,그 영상들을 보면 나는 어떤 사람처럼 보일까요?
X040,자주 시키는 메뉴에는 나의 위로가 담겨 있어요.,주문 내역에서 가장 자주 보이는 메뉴를 떠올려봐요.,그 메뉴가 생각나는 날은 주로 어떤 날이에요?
X041,잠자는 자세에도 나만의 편안함이 있어요.,"바로 눕기, 옆으로 눕기, 엎드리기, 이불 꼭 안기를 떠올려봐요.",그 자세가 편한 이유는 뭘까요?
X042,단체 사진 속 자리에도 내 성향이 보여요.,"가운데, 끝자리, 뒷줄 중 어디에 있나요?",그 자리가 편한 이유는 뭐예요?
X043,모임 속 역할은 자연스럽게 정해지기도 해요.,"계산, 길 찾기, 분위기 살리기 중 내가 주로 맡는 건 뭐예요?",그 역할을 맡게 된 이유는 뭘까요?
X044,라면 레시피에는 나만의 고집이 담겨 있어요.,"계란, 파, 치즈, 김치 중 뭘 넣나요?",그 재료를 넣게 된 계기가 있나요?
X045,치킨 앞에서는 누구나 진지해지죠.,바삭한 후라이드와 달콤한 양념을 떠올려봐요.,반반을 시킬 때도 더 손이 가는 쪽이 있나요?
X046,계절 상관없이 커피 취향은 확고하죠.,한겨울 아이스와 한여름 따뜻한 커피를 떠올려봐요.,그 선택을 고집하는 이유는 뭐예요?
X047,중식당 앞 영원한 고민이죠.,달콤한 짜장과 얼큰한 짬뽕을 떠올려봐요.,그날의 기분에 따라 달라지나요?
X048,좋아하는 과자에는 추억이 담겨 있기도 해요.,어릴 때부터 먹던 과자나 요즘 꽂힌 과자를 떠올려봐요.,그 과자를 먹으면 어떤 기분이 들어요?
X049,복숭아 취향은 의외로 확고하게 갈리죠.,아삭한 식감과 말랑한 달콤함을 떠올려봐요.,다른 음식에서도 식감을 중요하게 보는 편이에요?
X050,투명인간 상상은 숨은 호기심을 보여줘요.,"가보고 싶던 곳, 보고 싶던 장면을 떠올려봐요.",그걸 하고 싶은 이유는 뭐예요?
X051,내가 만든 규칙에는 내 가치관이 담겨 있어요.,"꼭 지켜졌으면 하는 것, 없어졌으면 하는 것을 떠올려봐요.",그 법을 가장 먼저 만든 이유는 뭐예요?
X052,위기 상황의 나를 상상하면 의외의 모습이 보여요.,"리더, 정보통, 요리사, 겁쟁이 중 뭘까요?",그 역할을 떠올린 이유는 뭐예요?
X053,전생 상상에는 지금의 나다움이 담겨 있어요.,"동물, 직업, 시대, 물건처럼 자유롭게 떠올려봐요.",그렇게 생각한 이유는 뭐예요?
X054,"과거와 미래, 둘 다 궁금한 곳이죠.",다시 보고 싶은 순간과 미리 보고 싶은 순간을 떠올려봐요.,그곳에서 가장 먼저 하고 싶은 건 뭐예요?
X055,남들이 웃어도 나에게는 진지한 게 있죠.,"음식, 물건, 습관, 믿음 중에 떠올려봐요.",그 신념을 지키게 된 이유는 뭐예요?
X056,연애 스타일을 노래로 표현하면 재밌어요.,"달달한 발라드, 신나는 댄스곡, 잔잔한 인디곡을 떠올려봐요.",그 노래를 고른 이유는 뭐예요?
X057,연인의 칭찬은 유난히 오래 남아요.,"외모, 성격, 능력, 마음 씀씀이 중 뭐가 떠오르나요?",그 칭찬을 듣고 싶은 이유는 뭘까요?
X058,친구가 붙여준 이름에는 내가 보여요.,"별명, 이모지, 이름 뒤에 붙은 말을 떠올려봐요.",그렇게 저장됐다면 어떤 기분일 것 같아요?
X059,친해지는 속도는 사람마다 달라요.,"처음 만난 자리, 두 번째 만남을 떠올려봐요.",말을 놓고 나면 관계가 어떻게 달라져요?
X060,자주 듣는 말에는 남들이 보는 내가 담겨 있어요.,"칭찬, 놀림, 부탁, 걱정 중에 떠올려봐요.",그 말을 들으면 어떤 기분이 들어요?
S001,말버릇에는 나도 모르는 내 모습이 담겨 있어요.,"""대박"", ""진짜?"", ""아무튼"" 같은 말을 떠올려봐요.",그 말을 자주 쓰게 된 이유는 뭘까요?
S002,작은 사치가 하루를 버티게 해주기도 해요.,"비싼 디저트, 늦잠, 택시처럼 떠올려봐요.",그 즐거움이 나에게 주는 건 뭐예요?
S003,갖고 싶은 재능에는 바라는 내 모습이 담겨요.,"노래, 그림, 언어, 운동 신경 중 뭐가 끌려요?",그 재능이 생기면 가장 먼저 뭘 하고 싶어요?
S004,이름에도 좋아하는 느낌이 있죠.,"부르기 좋은 이름, 뜻이 예쁜 이름을 떠올려봐요.",그 이름이 좋은 이유는 뭐예요?
S005,모두가 좋다고 말하는 것에도 다른 생각이 들 수 있어요.,"성실, 겸손, 인내처럼 떠올려봐요.",그렇게 생각하게 된 계기가 있나요?
S006,하얀 거짓말은 누구에게나 있는 작은 배려예요.,"선물 받을 때, 음식 맛볼 때, 안부를 물을 때를 떠올려봐요.",그 거짓말은 누구를 위한 걸까요?
S007,이유 없이 싫은 단어도 있죠.,듣기만 해도 기분이 가라앉는 말을 떠올려봐요.,그 단어가 싫어진 이유가 있나요?
S008,소리에도 참기 힘든 게 있어요.,"쩝쩝 소리, 긁는 소리, 알람 소리를 떠올려봐요.",그 소리를 들으면 어떤 기분이 드나요?
S009,하기 싫은 일을 알면 내가 원하는 것도 보여요.,"직업, 역할, 상황 중에 떠올려봐요.",그 일이 싫은 이유는 뭐예요?
S010,잘 가던 기분이 한순간에 꺾일 때가 있죠.,"말투, 상황, 태도 중에 떠올려봐요.",그럴 때 나는 어떻게 기분을 되돌려요?
S011,흥얼거림은 마음이 편하다는 신호예요.,"샤워할 때, 걸을 때, 요리할 때를 떠올려봐요.",그때 주로 무슨 노래를 흥얼거려요?
S012,전화 한 통에도 준비가 필요한 사람이 있어요.,중요한 전화와 편한 전화를 나눠서 떠올려봐요.,연습하는 이유는 뭐라고 생각해요?
S013,"몸과 마음, 둘 다 소중한 선택이에요.",건강한 몸과 젊은 마음 중 뭐가 더 아쉬울 것 같아요?,그 선택에 담긴 나의 가치는 뭐예요?
S014,하나의 진실만 알 수 있다면 고민되죠.,"나의 미래, 누군가의 마음, 세상의 비밀을 떠올려봐요.",그 답을 알면 무엇이 달라질까요?
S015,미뤄둔 일에는 이루고 싶은 마음이 담겨 있어요.,"배우기, 여행, 정리, 도전처럼 떠올려봐요.",그 일을 시작하게 해줄 작은 계기는 뭘까요?
S016,좋은 걸 보면 함께 나누고 싶은 마음이 들어요.,"맛있는 음식, 멋진 풍경, 재밌는 콘텐츠를 떠올려봐요.",그걸 누구와 나누고 싶어요?
S017,주목받는 자리를 대하는 마음은 사람마다 달라요.,"발표, 생일 축하, 소개 자리를 떠올려봐요.",그 자리에서 나는 주로 어떤 모습이에요?
S018,생각에 잠기는 시간은 나를 알아가는 시간이기도 해요.,"이동 중, 잠들기 전, 샤워 중을 떠올려봐요.",그 시간에 주로 어떤 생각을 해요?
S019,일을 처리하는 속도에도 나만의 리듬이 있어요.,"메일 답장, 설거지, 과제를 떠올려봐요.",그 방식이 나에게 잘 맞는다고 느껴요?
S020,고민을 들을 때 반응은 사람마다 달라요.,"해결책을 찾아주고 싶은지, 마음을 알아주고 싶은지 떠올려봐요.",내가 고민을 털어놓을 때는 어떤 반응을 원해요?
S021,사소한 일이 마음에 남는 정도는 다 달라요.,"말실수, 작은 오해, 스쳐 간 표정을 떠올려봐요.",오래 남을 때 나는 어떻게 털어내요?
S022,"여린 마음과 단단한 마음, 둘 다 나의 모습이에요.",상처받는 순간과 버티는 순간을 떠올려봐요.,어떤 상황에서 내 마음이 달라지나요?
S023,이해하는 방식에도 순서가 있어요.,새로운 걸 배울 때의 나를 떠올려봐요.,그 방식으로 설명을 들으면 뭐가 달라져요?
S024,멍할 때 떠오르는 생각에 내 성향이 담겨 있어요.,할 일 목록과 엉뚱한 공상을 떠올려봐요.,그런 생각이 나에게 주는 건 뭐예요?
S025,짐 싸는 방식에 준비 스타일이 보여요.,출발 전날 밤과 며칠 전의 나를 떠올려봐요.,빠뜨린 물건이 생기면 나는 어떻게 해요?
S026,새 물건 앞에서의 나는 어떤 모습일까요?,설명서를 펼치는 나와 버튼부터 누르는 나를 떠올려봐요.,다른 일을 시작할 때도 비슷한 편이에요?
S027,듣고 싶은 말에는 바라는 나의 모습이 담겨 있어요.,세 단어를 하나씩 들었을 때를 상상해봐요.,그 말을 듣고 싶은 이유는 뭐예요?
S028,참기 힘든 상황을 알면 내가 지키고 싶은 게 보여요.,"자유, 존중, 재미 중 뭐가 가장 중요한지 떠올려봐요.",그런 상황이 오면 나는 어떻게 반응해요?
S029,옳음과 평화 사이에서 고민될 때가 있어요.,의견이 부딪혔던 순간을 떠올려봐요.,그 선택을 하고 나면 마음이 어때요?
S030,피하고 싶은 것에서 나의 욕구가 보여요.,"눈에 띄지 않는 것과 실수하는 것, 뭐가 더 신경 쓰여요?",그 마음은 언제부터 생긴 것 같아요?
S031,사랑을 느끼는 방식은 사람마다 달라요.,"다정한 말, 함께하는 시간, 작은 선물, 도움, 스킨십을 떠올려봐요.",나는 사랑을 줄 때도 같은 방식이에요?
S032,좋아하는 마음은 저마다의 방식으로 흘러나와요.,"연락, 선물, 챙겨주기, 표현하기를 떠올려봐요.",그 방식이 상대에게 잘 전해진다고 느껴요?
S033,연락이 뜸해질 때의 마음은 사람마다 달라요.,"하루, 사흘, 일주일을 떠올려봐요.",불안해진다면 무엇이 나를 안심시켜 줘요?
S034,가까워지는 속도와 거리는 사람마다 달라요.,친해진 뒤의 나를 떠올려봐요.,거리를 두고 싶을 때는 어떤 때예요?
S035,친해지는 데에도 나만의 방법이 있죠.,"같이 밥 먹기, 먼저 말 걸기, 취향 나누기를 떠올려봐요.",그 방법이 통하는 이유는 뭘까요?
S036,답장 속도에도 내 스타일이 담겨 있어요.,메시지 알림이 왔을 때의 나를 떠올려봐요.,답장이 늦어지는 건 주로 어떤 때예요?
S037,낯가림의 정도는 사람마다 정말 달라요.,처음 만난 자리의 첫 10분을 떠올려봐요.,낯가림이 풀리는 순간은 언제예요?
S038,호불호 갈리는 음식을 좋아하면 괜히 뿌듯하죠.,"오이, 고수, 가지, 파인애플 피자를 떠올려봐요.",그 음식의 매력은 뭐라고 생각해요?
S039,배경화면에는 요즘 내 마음이 담겨 있어요.,"사진, 그림, 기본 배경 중 뭔지 떠올려봐요.",그걸 볼 때마다 어떤 기분이 들어요?
S040,사소한 TMI가 의외로 나를 잘 보여줘요.,"특이한 습관, 의외의 취향, 신기한 경험을 떠올려봐요.",그 이야기를 하면 사람들은 어떤 반응이에요?
S041,한 줄로 남기는 말에는 내 삶의 태도가 담겨요.,"좌우명, 농담, 고마운 말을 떠올려봐요.",그 문장을 고른 이유는 뭐예요?
S042,"더위와 추위, 누구나 견디기 힘든 쪽이 있죠.","햇살과 눈, 에어컨과 이불을 떠올려봐요.",그 계절이 좋은 이유는 뭐예요?
S043,탕수육 앞의 논쟁은 끝나지 않죠.,바삭함과 촉촉함 중 뭐가 좋아요?,같이 먹는 사람과 방식이 다르면 어떻게 해요?
S044,"잊는 것과 잊히는 것, 둘 다 슬픈 상상이에요.",절친과의 추억을 떠올려봐요.,그 우정을 지키기 위해 내가 하는 건 뭐예요?
S045,연인을 소개하는 속도에도 내 성향이 보여요.,자랑하고 싶은 마음과 조심스러운 마음을 떠올려봐요.,천천히 한다면 그 이유는 뭐예요?
S046,다시 만나고 싶은 인연에는 이유가 있어요.,"함께 있으면 편한 사람, 배울 게 많은 사람을 떠올려봐요.",그 사람의 어떤 점이 좋아요?
S047,'매일 이랬으면' 싶은 날에 내가 원하는 삶이 보여요.,"날씨, 사람, 할 일, 기분을 떠올려봐요.",그런 날을 조금 더 늘리려면 뭐가 필요할까요?
S048,이름에는 누군가의 바람이 담겨 있어요.,내 이름의 뜻이나 느낌을 떠올려봐요.,그 이름과 나는 어디가 닮았어요?
S049,나에게 묻고 싶은 질문에는 궁금한 내가 담겨 있어요.,요즘 자주 드는 생각을 질문으로 바꿔봐요.,그 질문에 지금의 나는 뭐라고 답할까요?
S050,추천하고 싶은 경험은 나를 바꾼 경험이기도 해요.,"장소, 음식, 취미, 습관을 떠올려봐요.",그걸 추천하고 싶은 이유는 뭐예요?
S051,잃어버린 물건에는 추억이 담겨 있어요.,"어릴 때 물건, 선물 받은 것을 떠올려봐요.",그 물건을 되찾으면 뭘 하고 싶어요?
S052,가장 먼저 떠오르는 기억이 진짜 행복일지도 몰라요.,생각하지 말고 바로 떠오르는 장면을 적어봐요.,그 기억이 행복했던 이유는 뭐예요?
S053,배우고 싶은 악기에는 좋아하는 소리가 담겨 있어요.,"피아노, 기타, 드럼, 바이올린을 떠올려봐요.",그 악기로 가장 연주하고 싶은 곡은 뭐예요?
S054,없으면 허전한 것이 나를 채워주는 것이에요.,"사람, 물건, 습관, 음식 중에 떠올려봐요.",그게 나에게 주는 건 뭐예요?
S055,실패가 없다면 숨겨둔 꿈이 보여요.,"일, 취미, 관계, 여행 중에 떠올려봐요.",그 도전을 막고 있는 건 뭘까요?
S056,알고 싶지 않은 것도 있죠.,"사람의 속마음, 가격, 결과처럼 떠올려봐요.",모른 척하는 이유는 뭐예요?
S057,해주고 싶은 조언에는 내가 배운 게 담겨 있어요.,내가 그 나이 때 듣고 싶었던 말을 떠올려봐요.,그 조언을 떠올리게 된 경험이 있나요?
S058,남들이 보기엔 특이해도 나에겐 자연스러운 게 있죠.,"먹는 순서, 정리 방식, 잠버릇을 떠올려봐요.",그 습관은 언제부터 생겼어요?
S059,나를 세 단어로 줄이면 의외로 잘 보여요.,"성격, 취향, 요즘 관심사를 떠올려봐요.",그중 가장 나다운 해시태그는 뭐예요?
S060,자리 취향에도 나만의 이유가 있어요.,창밖 풍경과 편한 이동을 떠올려봐요.,그 자리가 편한 이유는 뭐예요?
S061,숨은 재주는 의외의 순간에 빛나죠.,"손재주, 기억력, 흉내, 요리 같은 걸 떠올려봐요.",그 재주를 처음 발견한 건 언제예요?
S062,동물 비유에는 내 분위기가 담겨 있어요.,"고양이, 강아지, 곰, 다람쥐를 떠올려봐요.",그 동물과 닮은 점은 뭐예요?
S063,기억에 남는 선물에는 마음이 담겨 있어요.,비싼 것보다 오래 남은 것을 떠올려봐요.,그 선물이 특별했던 이유는 뭐예요?
S064,어떤 칭찬은 오래도록 나를 지켜줘요.,누군가 무심코 해준 말을 떠올려봐요.,그 말이 오래 남은 이유는 뭘까요?
S065,하루를 여는 음료에도 취향이 보여요.,진한 커피 향과 따뜻한 차 한 잔을 떠올려봐요.,그 음료를 마시면 어떤 기분이 들어요?
S066,찍고 싶은 이야기에는 내 관심이 담겨 있어요.,"사람, 동물, 장소, 음식, 사회 이야기를 떠올려봐요.",그 이야기를 사람들에게 보여주고 싶은 이유는 뭐예요?
S067,잘하고 싶은 마음은 성장의 신호예요.,"취미, 일, 말하기, 운동처럼 떠올려봐요.",그걸 잘하게 되면 뭐가 달라질까요?
S068,몸에 새기고 싶은 건 오래 간직하고 싶은 것이에요.,"문장, 날짜, 그림, 상징을 떠올려봐요.",그걸 새기고 싶은 이유는 뭐예요?
S069,말소리에도 재미가 있죠.,"몽글몽글, 보들보들처럼 입에 붙는 단어를 떠올려봐요.",그 단어를 말하면 어떤 기분이 들어요?
S070,신발 고르는 기준에 내 우선순위가 보여요.,오래 걷는 날과 특별한 날을 떠올려봐요.,다른 물건을 고를 때도 비슷한 기준이에요?
S071,내 몸의 좋은 점을 찾아보는 것도 좋은 연습이에요.,"눈, 손, 웃는 얼굴, 목소리를 떠올려봐요.",그 부분이 마음에 드는 이유는 뭐예요?
S072,필수템에는 내 생활 방식이 담겨 있어요.,"가방 속, 책상 위, 침대 옆을 떠올려봐요.",그게 없으면 어떤 점이 불편할 것 같아요?
S073,남들이 몰라줘도 소중한 취향이 있죠.,"음식, 음악, 옷, 취미 중에 떠올려봐요.",그 취향이 좋은 이유는 뭐예요?
S074,눈이 반짝이는 주제에 진짜 관심이 있어요.,몇 시간이고 이야기할 수 있는 주제를 떠올려봐요.,그 주제에 빠지게 된 계기는 뭐예요?
S075,나와 함께하는 시간은 상대에게 어떤 느낌일까요?,"편안함, 재미, 든든함, 설렘 중에 떠올려봐요.",그렇게 느끼게 하는 나의 모습은 뭘까요?
S076,오래 함께하고 싶은 사람에게는 신호가 있어요.,"대화가 편할 때, 침묵이 어색하지 않을 때를 떠올려봐요.",나는 그런 사람에게 어떻게 다가가요?
S077,한순간에 마음이 식는 행동이 있죠.,"무례함, 거짓말, 뒷담화, 약속 어기기를 떠올려봐요.",그 행동이 유독 싫은 이유는 뭐예요?
S078,리즈 시절은 외모만의 이야기가 아니에요.,"가장 나다웠던 때, 빛났던 때를 떠올려봐요.",그때의 나와 지금의 나는 어떤 점이 달라요?
S079,나와 친한 정도는 나를 대하는 태도에서 보여요.,"혼자 있을 때 편한지, 나에게 다정한지 떠올려봐요.",나와 더 친해지려면 뭘 해볼 수 있을까요?
S080,마음에 들었던 머리 스타일에 그때의 내가 있어요.,사진첩 속 예전 모습을 떠올려봐요.,그 스타일이 좋았던 이유는 뭐예요?
S081,사람이 아닌 존재로 태어난다면 뭐가 될까요?,"고양이, 나무, 구름, 바다를 떠올려봐요.",그걸 고른 이유는 뭐예요?
S082,잠버릇은 나만 모르는 내 모습이에요.,가족이나 친구가 해준 말을 떠올려봐요.,그 이야기를 들었을 때 어떤 기분이었어요?
S083,혼자라는 말에 대한 생각은 사람마다 달라요.,외로움과 자립 중 뭐가 먼저 떠오르나요?,그렇게 생각하게 된 이유는 뭐예요?
S084,작은 일탈은 일상에 숨을 불어넣어 줘요.,"평일 휴가, 혼자 여행, 새벽 드라이브를 떠올려봐요.",그 일탈을 하면 어떤 기분일 것 같아요?
S085,연애에서 지켜줬으면 하는 선이 있죠.,"연락, 약속, 거짓말, 존중 중에 떠올려봐요.",그게 중요한 이유는 뭐예요?
S086,이성 친구에 대한 기준은 커플마다 달라요.,"연락, 단둘이 만남, 술자리를 나눠서 생각해봐요.",그 기준은 어떻게 정해졌어요?
S087,깻잎 논쟁은 커플들의 영원한 숙제죠.,"배려라고 느껴지나요, 선을 넘는다고 느껴지나요?",내가 연인이라면 어떻게 행동할 것 같아요?
S088,질투의 기준선은 사람마다 정말 달라요.,"연락, 칭찬, 친밀함 중 어디서부터 신경 쓰이나요?",질투가 생길 때 나는 어떻게 표현해요?
S089,똑똑함에도 여러 종류가 있어요.,문제를 푸는 머리와 분위기를 읽는 눈치를 떠올려봐요.,그 능력이 빛났던 순간은 언제예요?
S090,"함께와 혼자, 둘 다 장단점이 있어요.",같이 사는 즐거움과 혼자 사는 자유를 떠올려봐요.,지금의 나에게 더 필요한 건 뭐예요?
S091,금요일 밤을 보내는 방식에 에너지 방향이 보여요.,집에서의 휴식과 밖에서의 약속을 떠올려봐요.,그렇게 보내면 주말이 어떻게 달라져요?
S092,친구에게 하는 말은 나에게도 필요한 말일 수 있어요.,"위로, 조언, 농담 중 뭐가 먼저 나오나요?",그 말을 나에게도 해줄 수 있을까요?
S093,잘 풀린 미래를 상상하면 원하는 게 보여요.,"아침, 점심, 저녁을 순서대로 떠올려봐요.",그 하루에서 지금 시작할 수 있는 건 뭐예요?
S094,좋은 일은 작을수록 잘 잊혀요.,"맛있게 먹은 밥, 좋은 날씨, 반가운 연락을 떠올려봐요.",그 일들이 나에게 어떤 기분을 줬어요?
S095,당연한 것에 고마움을 느끼면 일상이 달라져요.,"건강, 가족, 집, 일상적인 편리함을 떠올려봐요.",그 고마움을 표현해본 적 있어요?
S096,빈칸 하나로 나를 설명하는 건 어렵지만 재밌어요.,"성격, 태도, 좋아하는 것 중에 떠올려봐요.",그 말을 고른 이유는 뭐예요?
S097,괜찮은 하루의 기준은 생각보다 작을 수 있어요.,"맛있는 밥, 좋은 대화, 일찍 잠들기를 떠올려봐요.",그런 날을 더 자주 만들 방법이 있을까요?
S098,좋아하는 일과 잘하는 일이 만나는 곳에 내가 있어요.,칭찬받는 일과 즐거운 일을 나란히 적어봐요.,그 지점을 더 키우려면 뭘 해볼 수 있을까요?
S099,작은 보탬도 세상을 조금 바꿔요.,"나눔, 재능, 시간, 관심 중에 떠올려봐요.",그 일을 하면 어떤 마음이 들 것 같아요?
S100,지금 챙기고 싶은 영역에 요즘의 내가 보여요.,네 가지 중 가장 소홀했던 걸 떠올려봐요.,그걸 챙기기 위한 작은 한 걸음은 뭐예요?
S101,삶의 영역마다 만족도는 다를 수 있어요.,"일, 관계, 건강, 취미, 쉼 중에 떠올려봐요.",그 영역이 좋은 이유는 뭐예요?
N001,몸은 마음보다 먼저 신호를 보내기도 해요.,"어깨, 위, 머리, 잠 중 어디가 먼저 반응하나요?",그 신호를 느끼면 나는 어떻게 해요?
N002,외로움은 혼자일 때만 오는 건 아니에요.,"늦은 밤, 주말, 모임 뒤를 떠올려봐요.",외로울 때 나를 채워주는 건 뭐예요?
N003,예쁘다고 느끼는 것에 내 감각이 담겨 있어요.,"색, 모양, 분위기, 빛을 떠올려봐요.",그 공통점이 나에 대해 말해주는 건 뭘까요?
N004,좋아하는 콘텐츠를 즐기는 방식도 사람마다 달라요.,새 작품 찾기와 인생작 다시 보기를 떠올려봐요.,다시 볼 때 느끼는 재미는 뭐예요?
N005,남이 보는 나의 하루는 어떤 모습일까요?,아침부터 밤까지 내 모습을 떠올려봐요.,그 모습 중 가장 나다운 건 뭐예요?
N006,쉼처럼 보여도 미루기일 때가 있어요.,"쉬고 나서 개운한지, 찜찜한지 떠올려봐요.",나에게 진짜 쉼은 어떤 모습이에요?
N007,마음속 다그치는 말은 나를 지치게 하기도 해요.,"""왜 이것밖에 못 해"", ""빨리 해"" 같은 말을 떠올려봐요.",그 말을 다정하게 바꾼다면 어떻게 말할 수 있을까요?
N008,아무도 안 볼 때의 나는 가장 자유로워요.,"혼자 춤추기, 노래하기, 누워 있기를 떠올려봐요.",그 시간이 나에게 주는 건 뭐예요?
N009,힘들 때 필요한 도움은 사람마다 달라요.,방법을 알려주는 말과 마음을 알아주는 말을 떠올려봐요.,그런 도움을 받으면 어떤 변화가 있어요?
N010,거절 뒤의 마음에도 내 성향이 보여요.,거절했던 순간을 하나 떠올려봐요.,그 마음이 드는 이유는 뭐라고 생각해요?
N011,외로움은 사람 수와 꼭 같이 가진 않아요.,북적이는 자리와 혼자인 방을 떠올려봐요.,그 외로움은 어떤 모양이에요?
N012,애쓰는 이유를 알면 지치는 이유도 보여요.,지금 가장 힘을 쏟는 일을 떠올려봐요.,내가 원하는 방향으로 조금 바꾼다면 뭘 바꿀 수 있을까요?
N013,"익숙함과 새로움, 둘 다 즐거움이 있어요.",늘 가는 곳과 처음 가는 곳을 떠올려봐요.,요즘의 나는 어느 쪽이 더 필요해요?
N014,갑자기 생긴 돈의 쓰임에 내가 보여요.,"저축, 선물, 여행, 먹고 싶던 것을 떠올려봐요.",그걸 가장 먼저 하고 싶은 이유는 뭐예요?
N015,시간 가는 줄 모르는 일에 내 진짜 관심이 있어요.,"게임, 정리, 그림, 대화, 영상 중에 떠올려봐요.",그 일에 빠지면 어떤 기분이 들어요?
N016,쉬어도 쉬는 것 같지 않을 때가 있죠.,휴식 중에 떠오르는 할 일을 떠올려봐요.,그럴 때 마음을 내려놓는 방법이 있나요?
N017,나를 소개하는 첫마디에 나의 중심이 보여요.,"이름, 일, 취미, 성격 중에 뭐가 먼저 나오나요?",그 말을 먼저 하게 되는 이유는 뭘까요?
N018,완벽하려는 마음에는 이유가 있어요.,잘하고 싶은 기대와 틀리기 싫은 걱정을 떠올려봐요.,그 마음이 나를 돕는 때와 힘들게 하는 때는 언제예요?
N019,가족에게 물려받은 습관은 나도 모르게 스며들어요.,"정리, 식사, 인사, 말투를 떠올려봐요.",그 습관이 좋았던 순간은 언제예요?
N020,하루의 균형은 비율로 보면 선명해져요.,어제 한 일들을 떠올려서 나눠봐요.,'하고 싶어'를 조금 늘린다면 뭘 넣고 싶어요?
N021,1년의 자유는 생각만 해도 설레죠.,"여행, 배움, 휴식, 도전 중에 떠올려봐요.",그걸 가장 먼저 하고 싶은 이유는 뭐예요?
N022,친구와 만나는 장소에 우리 관계가 보여요.,"카페, 식당, 집, 산책길을 떠올려봐요.",그곳이 편한 이유는 뭐예요?
N023,약속 잡는 방식에 내 리듬이 보여요.,미리 정한 약속과 갑자기 생긴 약속을 떠올려봐요.,어떤 약속이 더 즐거운 편이에요?
N024,자주 쓰는 이모티콘에 내 말투가 담겨 있어요.,대화방에서 가장 자주 누르는 걸 떠올려봐요.,그 이모티콘을 쓰는 이유는 뭐예요?
N025,단톡방 속 내 모습도 나의 한 면이에요.,알림이 쌓일 때의 나를 떠올려봐요.,그 역할이 편한 이유는 뭐예요?
N026,대화가 잘 풀리는 주제에 내 관심이 보여요.,"음식, 여행, 취미, 요즘 이슈를 떠올려봐요.",그 주제가 편한 이유는 뭐예요?
N027,오랜만의 첫마디는 은근히 고민되죠.,"""잘 지내?"", 짤, 근황 이야기를 떠올려봐요.",연락을 먼저 하게 되는 건 어떤 때예요?
N028,친구들 사이 캐릭터는 자연스럽게 정해지기도 해요.,"분위기 메이커, 상담가, 계획 담당을 떠올려봐요.",그 캐릭터가 마음에 드나요?
N029,선물의 형태에도 마음이 담겨요.,오래 쓰는 물건과 오래 남는 글을 떠올려봐요.,내가 줄 때도 같은 걸 고르나요?
N030,친구가 보는 내 버릇은 나도 몰랐던 모습이에요.,"말버릇, 손버릇, 표정을 떠올려봐요.",그 버릇을 알게 됐을 때 어떤 기분이었어요?
N031,시간이 빨리 가는 사람에게는 공통점이 있어요.,"대화가 잘 통하는 사람, 웃음이 많은 사람을 떠올려봐요.",그 사람과 있을 때 나는 어떤 모습이에요?
N032,사람을 만난 뒤의 회복 방식은 다 달라요.,모임이 끝나고 집에 돌아온 나를 떠올려봐요.,혼자 있는 시간에 주로 뭘 해요?
N033,아침 메뉴에는 하루를 시작하는 방식이 담겨 있어요.,"빵, 밥, 과일, 커피만 마시기를 떠올려봐요.",그 메뉴를 먹으면 하루가 어떻게 시작돼요?
N034,잠들기 전 보는 앱에 하루의 끝이 담겨 있어요.,"메신저, 영상, 웹툰, 알람 앱을 떠올려봐요.",그 앱을 보고 나면 잠이 잘 오나요?
N035,비 오는 날은 집이 더 아늑하게 느껴지죠.,"낮잠, 영화, 요리, 창밖 보기를 떠올려봐요.",그걸 하면 어떤 기분이 들어요?
N036,좋아하는 길에는 나만의 풍경이 있어요.,"동네 골목, 공원, 강변을 떠올려봐요.",그 길을 걸으면 어떤 생각이 들어요?
N037,기다려지는 순간이 있으면 일주일이 가벼워져요.,"금요일 저녁, 일요일 아침처럼 떠올려봐요.",그 순간이 기다려지는 이유는 뭐예요?
N038,샤워 시간은 생각이 자유로워지는 시간이에요.,"할 일, 대화 곱씹기, 엉뚱한 상상을 떠올려봐요.",그 생각들이 도움이 된 적 있어요?
N039,좋아하는 간식에는 작은 행복이 담겨 있어요.,"달콤한 것, 짭짤한 것, 쫀득한 것을 떠올려봐요.",그 간식이 생각나는 때는 주로 언제예요?
N040,편의점 장바구니에는 나의 루틴이 담겨 있어요.,"음료, 간식, 도시락, 신상품을 떠올려봐요.",그걸 꼭 사게 되는 이유는 뭐예요?
N041,기분 좋을 때의 행동은 숨길 수 없죠.,"흥얼거리기, 춤추기, 말 많아지기를 떠올려봐요.",그 모습을 주변에서 알아채나요?
N042,설렘과 긴장은 몸에서 비슷하게 느껴지기도 해요.,"심장, 손, 얼굴, 배를 떠올려봐요.",두 감정을 나는 어떻게 구분해요?
N043,좋은 기분을 오래 가져가는 방법도 있어요.,"좋아하는 노래 듣기, 기록하기, 나누기를 떠올려봐요.",그 방법이 효과 있는 이유는 뭘까요?
N044,좋아하는 사람의 말 한마디는 특별하죠.,"칭찬, 걱정, 안부, 약속을 떠올려봐요.",그 말이 설레는 이유는 뭘까요?
N045,사랑 노래는 가사에 내 마음이 담겨 있을 때 와닿아요.,"설렘, 이별, 짝사랑 노래를 떠올려봐요.",그 노래의 어떤 가사가 공감 가요?
N046,고백 방식에도 취향이 있어요.,눈을 보고 듣는 말과 오래 간직하는 글을 떠올려봐요.,그 방식이 좋은 이유는 뭐예요?
N047,남는 한 시간은 작은 선물 같아요.,"잠, 취미, 운동, 멍때리기를 떠올려봐요.",그 한 시간이 매일 있다면 무엇이 달라질까요?
N048,돈을 쓰는 기쁨도 방향에 따라 달라요.,나에게 준 선물과 누군가에게 준 선물을 떠올려봐요.,그 기분이 오래가는 쪽은 어디예요?
N049,행복은 시기마다 모양이 달라요.,10년 전의 나를 떠올려봐요.,그때와 지금의 행복은 어떻게 달라요?
N050,글씨체에도 좋아하는 분위기가 있어요.,"손글씨, 둥근 글씨, 반듯한 글씨를 떠올려봐요.",그 글씨체가 좋은 이유는 뭐예요?
N051,계절 음식에는 그때의 기억이 담겨 있어요.,"봄나물, 수박, 붕어빵, 귤을 떠올려봐요.",그 음식이 생각나는 순간은 언제예요?
N052,좋아하는 캐릭터에는 닮고 싶은 모습이 담기기도 해요.,"애니메이션, 게임, 캐릭터 상품을 떠올려봐요.",그 캐릭터의 어떤 점이 좋아요?
N053,방에 들일 가구 하나에 나의 쉼이 보여요.,"큰 소파, 넓은 책상, 푹신한 침대를 떠올려봐요.",그 가구에서 어떤 시간을 보내고 싶어요?
