DB id,interest_id,기존 문구,권장 문구,판정,T,P,E,W,S,F,C,empathy_guide,hint_guide,leading_question_guide,question_level
661,3,최근에 가장 뿌듯했던 순간은 언제인가요?,매일 하는 일 중 은근히 뿌듯한 것은 무엇인가요?,관심사(루틴)에 맞게 재작성,0,0,1,1,1,t,0,매일 반복하는 일에도 뿌듯함이 숨어 있어요.,"이불 정리, 물 마시기, 제시간에 일어나기를 떠올려봐요.",그 일이 뿌듯한 이유는 뭘까요?,1
662,5,사랑이라는 감정을 어떻게 정의하고 싶나요?,사랑을 색깔로 표현하면 무슨 색인가요?,정의형이라 첫 질문으로 무거움 → 상상형으로,0,0,1,1,1,h,0,사랑을 떠올리면 떠오르는 색이 있죠.,"따뜻한 주황, 설레는 분홍, 깊은 파랑처럼 떠올려봐요.",그 색을 고른 이유는 뭐예요?,1
663,3,최근에 가장 크게 웃었던 일은 무엇인가요?,하루 중 가장 많이 웃는 시간은 언제인가요?,기존 #57과 같은 문구 → 재작성,0,0,1,1,1,t,0,하루에도 웃음이 많은 시간이 있어요.,"아침 출근길, 점심시간, 퇴근 후, 잠들기 전을 떠올려봐요.",그 시간에 자주 웃게 되는 이유는 뭘까요?,1
664,5,내가 가장 아름답다고 느끼는 사람의 모습은 무엇인가요?,좋아하는 사람이 가장 멋있어 보이는 순간은 언제인가요?,다듬기,0,0,1,1,1,p,0,좋아하는 사람은 특별한 순간에 더 빛나 보여요.,"집중할 때, 웃을 때, 누군가를 챙길 때를 떠올려봐요.",그 순간에 마음이 가는 이유는 뭘까요?,1
665,2,두려움을 극복하고 무언가 해낸 적이 있나요?,공포 영화와 놀이기구 중 뭐가 더 무섭나요?,기존 #82와 겹치고 경험 전제 → 같은 주제(두려움)를 가볍게,0,0,1,1,1,c,0,무서운 건 사람마다 정말 달라요.,깜깜한 극장과 높은 곳에서 떨어지는 순간을 떠올려봐요.,무서운데도 괜히 끌리는 쪽이 있나요?,1
666,2,질투라는 감정을 느낀 적이 있나요?,"나는 질투가 많은 편인가요, 없는 편인가요?",예/아니오·경험 전제 → 양자택일,0,0,1,1,2,c,0,질투는 누구나 느끼는 자연스러운 감정이에요.,"친구, 연인, 가족 사이에서의 나를 떠올려봐요.",질투가 날 때 나는 주로 어떻게 해요?,1
667,5,최근에 나의 한계를 느꼈던 적이 있나요?,"데이트는 계획형이 좋나요, 즉흥형이 좋나요?",기존 #88과 겹치고 무거움 → 관심사(사랑)에 맞는 가벼운 질문,0,0,1,1,1,c,0,데이트 스타일에도 성향이 담겨 있어요.,미리 짠 코스와 발길 닿는 대로를 떠올려봐요.,그 방식이 좋은 이유는 뭐예요?,1
668,3,주말 아침에 가장 하고 싶은 활동은 무엇인가요?,"주말 아침, 늦잠과 일찍 일어나기 중 뭐가 더 좋나요?",기존 #15와 겹침 → 양자택일로,0,0,1,1,1,c,0,주말 아침을 보내는 방식은 사람마다 달라요.,포근한 이불 속과 상쾌한 아침 산책을 떠올려봐요.,그렇게 보낸 주말 아침은 어떤 기분이에요?,1
669,4,누군가에게 깊은 감동을 받았던 순간은 언제인가요?,친구와 하면 무조건 재밌는 것은 무엇인가요?,기존 #85와 같은 문구 → 재작성,0,0,1,1,1,p,0,친구와 함께라서 더 재밌는 게 있죠.,"수다, 맛집 탐방, 게임, 노래방을 떠올려봐요.",그걸 하면 왜 그렇게 재밌을까요?,1
670,3,내 감정을 다스리는 나만의 루틴이 있나요?,"샤워, 산책, 낮잠 중 기분 전환에 최고는 무엇인가요?",기존 #83과 겹침·예/아니오 → 고르기,0,0,1,1,1,c,0,기분 전환 방법은 사람마다 달라요.,"개운한 샤워, 바람 쐬는 산책, 달콤한 낮잠을 떠올려봐요.",그 방법이 잘 통하는 이유는 뭘까요?,1
671,2,최근에 느낀 감정 중 이름 붙이기 힘든 게 있었나요?,지금 내 기분을 음식으로 표현하면 무엇인가요?,기존 #74와 겹치고 무거움 → 비유형,1,0,1,1,1,h,0,기분을 음식으로 표현하면 의외로 딱 맞아요.,"달달한 케이크, 매운 떡볶이, 따뜻한 국밥을 떠올려봐요.",그 음식을 고른 이유는 뭐예요?,1
672,2,고통스러운 순간이 나에게 준 가르침이 있다면 무엇인가요?,행복한 순간을 사진 한 장으로 남긴다면 어떤 장면인가요?,첫 질문으로 무거움 → 가벼운 상상형,0,0,1,1,1,h,0,행복한 순간은 한 장면으로 남기고 싶어지죠.,"풍경, 사람, 음식, 웃는 얼굴을 떠올려봐요.",그 장면이 행복한 이유는 뭘까요?,1
673,1,오늘 나를 기운 나게 한 말은 무엇인가요?,"케이크, 마카롱, 빙수 중 최애 디저트는 무엇인가요?",관심사(취향)에 맞게 재작성,0,0,1,1,1,c,0,디저트 취향은 은근히 확고하죠.,"달콤한 케이크, 쫀득한 마카롱, 시원한 빙수를 떠올려봐요.",그 디저트가 생각나는 때는 주로 언제예요?,1
675,5,세상에 오직 나만 알고 있는 내 마음은 어떤 모양인가요?,좋아하는 사람 앞에서만 나오는 나의 모습은 무엇인가요?,추상적 → 구체적으로,0,0,1,1,2,t,0,좋아하는 사람 앞에서는 나도 몰랐던 모습이 나와요.,"말투, 표정, 행동의 변화를 떠올려봐요.",그 모습이 마음에 드나요?,1
676,5,최근에 누군가를 용서한 적이 있나요?,싸운 뒤 화해 선물로 가장 좋은 것은 무엇인가요?,기존 #80과 겹치고 무거움 → 가볍게,0,0,1,1,1,p,0,화해에도 작은 센스가 필요하죠.,"달달한 간식, 손편지, 좋아하는 음식을 떠올려봐요.",그 선물을 받으면 어떤 마음일 것 같아요?,1
677,2,누군가 나에 대해 쓴다면 어떤 제목의 책일까요?,기분을 좋게 만드는 나만의 주문은 무엇인가요?,관심사(감정)에 맞게 재작성,0,0,2,1,1,p,0,짧은 한마디가 기분을 바꾸기도 해요.,"'괜찮아', '할 수 있어', '맛있는 거 먹자' 같은 말을 떠올려봐요.",그 말을 하면 기분이 어떻게 달라져요?,1
678,4,내가 좋아하는 사람들의 공통점은 무엇인가요?,친구와 가장 자주 나누는 대화 주제는 무엇인가요?,기존 #48과 같은 문구 → 재작성,0,0,1,1,1,t,0,친구와의 대화 주제에 우리 관계가 담겨 있어요.,"연애, 일, 음식, 추억, 요즘 관심사를 떠올려봐요.",그 주제로 이야기하면 왜 즐거울까요?,1
679,5,지금 가장 보고 싶은 사람은 누구인가요?,설레는 첫 데이트 장소로 어디가 좋나요?,기존 #55와 같은 문구·특정인 지목 → 재작성,0,0,1,1,1,p,0,첫 데이트 장소는 생각만 해도 설레죠.,"카페, 전시, 산책로, 맛집을 떠올려봐요.",그 장소를 고른 이유는 뭐예요?,1
680,5,비 올 때 듣고 싶은 노래가 있나요?,"비 오는 날 데이트는 좋나요, 싫나요?",기존 #3과 겹침·관심사(사랑)와 어긋남 → 재작성,0,0,1,1,1,c,0,비 오는 날의 데이트는 호불호가 갈리죠.,우산 하나를 같이 쓰는 모습과 축축한 신발을 떠올려봐요.,비 오는 날 하고 싶은 데이트가 있다면 뭐예요?,1
681,3,오늘 하루 중 가장 차분했던 때는 언제인가요?,점심 메뉴를 고르는 나만의 기준은 무엇인가요?,기존 #53과 같은 문구·'오늘' → 재작성,0,0,1,1,1,t,0,점심 메뉴 고르기는 매일의 작은 고민이에요.,"가격, 거리, 기분, 날씨 중 뭘 먼저 보나요?",그 기준으로 고르면 대체로 만족하나요?,1
682,2,감정을 솔직하게 표현해서 후련했던 적이 있나요?,하루 중 기분이 가장 좋은 시간은 언제인가요?,관심사(감정)에 맞게 재작성,0,0,1,1,1,t,0,기분에도 하루의 흐름이 있어요.,"상쾌한 아침, 여유로운 점심, 편안한 밤을 떠올려봐요.",그 시간에 기분이 좋은 이유는 뭘까요?,1
683,4,누군가에게 선물할 때 가장 고려하는 것은 무엇인가요?,친구에게 받으면 무조건 기분 좋은 선물은 무엇인가요?,관심사(관계)에 맞게 친구를 넣음,0,0,1,1,1,p,0,친구에게 받는 선물은 마음까지 전해져요.,"간식, 손편지, 필요한 물건, 커피 쿠폰을 떠올려봐요.",그 선물이 좋은 이유는 뭐예요?,1
684,4,매력을 느끼는 목소리나 말투가 있나요?,"친구와 만날 때 약속 장소는 주로 내가 정하나요, 친구가 정하나요?",관심사(관계)에 맞게 재작성,0,0,1,1,1,c,0,약속 장소 정하기에도 관계 속 내 역할이 보여요.,최근 친구와 만났던 장소를 누가 골랐는지 떠올려봐요.,그 역할이 편한 이유는 뭐예요?,1
