출처,출처 URL,원문,인기·검증 근거,관심사,레벨,문구,T,P,E,W,S,F,C
커플 논쟁 매운맛 20,https://mindbridge.prestlab.com/post/keopeul-baelreonseugeim-jilmun-20gae-ggaesip-nonjaeng-sirijeu-jiltuyubal,여사친/남사친과 내 애인이 한 달 동안 연락하며 나를 위한 이벤트를 준비했다면 이해할 수 있다 vs 이해 못 한다,깻잎 논쟁 시리즈 확장판 (커뮤니티 인기 논쟁),사랑,1,"연인이 이성 친구와 한 달 동안 몰래 연락하며 내 깜짝 이벤트를 준비했다면, 감동인가요 서운한가요?",0,1,1,1,1,c,0
커플 논쟁 매운맛 20,https://mindbridge.prestlab.com/post/keopeul-baelreonseugeim-jilmun-20gae-ggaesip-nonjaeng-sirijeu-jiltuyubal,"같이 술마시다가 내가 집에 가겠다고 했을 때, 나만 빼고 둘이서 계속 마시겠다고 하는 상황이라면",깻잎 논쟁 시리즈 확장판 (커뮤니티 인기 논쟁),사랑,1,"내가 먼저 집에 간 뒤 연인과 내 친구 둘이 더 마신다면 괜찮나요, 신경 쓰이나요?",0,1,1,1,1,c,0
연애 논쟁 (블루투스),https://www.nocutnews.co.kr/news/5788798,남사친/여사친이 애인의 차에 블루투스 연결하는 것 괜찮다 vs 안 괜찮다,2022 MZ세대 논쟁 보도,사랑,1,"연인 차에 이성 친구가 블루투스를 연결하는 건 괜찮나요, 신경 쓰이나요?",0,1,1,1,1,c,0
커플 밸런스게임 모음,https://brunch.co.kr/@minimisize/70,짠돌이 애인 VS 과소비 애인,커플·솔로 밸런스게임 단골 문항,사랑,1,짠돌이 애인과 과소비 애인 중 누가 더 힘든가요?,0,0,1,1,1,c,0
커플 밸런스게임 모음,https://brunch.co.kr/@minimisize/70,좋아하는 사람이 날 싫어하기 VS 내가 싫어하는 사람이 날 좋아하기,커플·솔로 밸런스게임 단골 문항,사랑,1,좋아하는 사람이 날 싫어하는 것과 싫어하는 사람이 날 좋아하는 것 중 뭐가 더 괴로운가요?,0,0,1,1,1,c,0
커플 밸런스게임 모음,https://brunch.co.kr/@minimisize/70,단톡방 고백 VS 길거리 고백,커플·솔로 밸런스게임 단골 문항,사랑,1,단톡방 고백과 길거리 고백 중 뭐가 더 받기 싫은가요?,0,0,1,1,1,c,0
커플 밸런스게임 모음,https://brunch.co.kr/@minimisize/70,빙빙 돌려 말하는 애인 VS 팩폭하는 애인,커플·솔로 밸런스게임 단골 문항,사랑,1,돌려 말하는 애인과 팩폭하는 애인 중 누가 더 좋은가요?,0,0,1,1,1,c,0
커플 밸런스게임 모음,https://brunch.co.kr/@minimisize/70,환승 이별 VS 잠수 이별,커플·솔로 밸런스게임 단골 문항,사랑,1,환승 이별과 잠수 이별 중 뭐가 더 최악인가요?,0,0,1,2,1,c,0
커플 밸런스게임 모음,https://brunch.co.kr/@minimisize/70,친구의 전 애인이랑 연애 VS 전 애인의 친구랑 연애,커플·솔로 밸런스게임 단골 문항,사랑,1,친구의 전 애인과 전 애인의 친구 중 누구와 연애하는 게 그나마 나은가요?,0,0,1,1,1,c,0
브런치 커플 질문 리스트,https://brunch.co.kr/@minimisize/87,만약에 내가 하루종일 연락 안하면 어떻게 할거야?,커플 문답 템플릿 (만약에·당연하지·질투쟁이),사랑,1,연인과의 연락 텀은 몇 시간까지 괜찮나요?,0,0,1,1,1,t,0
브런치 커플 질문 리스트,https://brunch.co.kr/@minimisize/87,나한테 통장 비밀번호 알려줄 수 있어?,커플 문답 템플릿 (만약에·당연하지·질투쟁이),사랑,1,"연인과 폰 비밀번호, 위치 공유, 통장 중 어디까지 공유할 수 있나요?",0,0,1,1,1,c,0
브런치 커플 질문 리스트,https://brunch.co.kr/@minimisize/87,닭다리 2개 다 내가 먹어도 돼?,커플 문답 템플릿 (만약에·당연하지·질투쟁이),사랑,1,"치킨 닭다리 두 개, 연인에게 다 양보할 수 있나요?",0,0,1,1,1,c,0
브런치 커플 질문 리스트,https://brunch.co.kr/@minimisize/87,다른 사람한테 대쉬 받으면 나한테 말할거야?,커플 문답 템플릿 (만약에·당연하지·질투쟁이),사랑,1,연애 중에 다른 사람에게 대시를 받으면 연인에게 말하는 편인가요?,0,1,1,1,1,t,0
브런치 커플 질문 리스트,https://brunch.co.kr/@minimisize/87,가장 친한 친구랑 나랑 싸우면 누구 편 들거야?,커플 문답 템플릿 (만약에·당연하지·질투쟁이),사랑,1,연인과 가장 친한 친구가 싸우면 누구 편을 들 것 같나요?,0,0,1,1,1,c,0
코스모폴리탄 썸 질문 25,https://www.cosmopolitan.co.kr/article/43507,당신의 해피플레이스는 어디인가?,여성지 인기 연애 기사,사랑,1,나만의 해피플레이스에 좋아하는 사람을 데려간다면 어디로 갈까요?,0,0,1,1,1,h,0
테토·에겐 테스트 (개념 차용),https://en.wikipedia.org/wiki/Teto-egen_test,테토(주도적·표현적) vs 에겐(섬세·온화) 연애 성향,2025 국내 100만 명 이상 참여한 연애 성향 테스트,사랑,1,"연애할 때 나는 리드하는 쪽인가요, 맞춰주는 쪽인가요?",0,0,1,1,1,c,0
국내 100문 100답,https://ballpen.blog/%EB%82%98%EC%97%90-%EB%8C%80%ED%95%9C-100%EB%AC%B8-100%EB%8B%B5/,연하vs동갑vs연상,SNS 문답 템플릿 단골 문항,사랑,1,"연하, 동갑, 연상 중 누가 더 끌리나요?",0,0,1,1,1,c,0
국내 100문 100답,https://ballpen.blog/%EB%82%98%EC%97%90-%EB%8C%80%ED%95%9C-100%EB%AC%B8-100%EB%8B%B5/,이상형,SNS 문답 템플릿 단골 문항,사랑,1,이상형을 연예인 한 명으로 말한다면 누구인가요?,0,0,1,1,1,p,0
나답 자체 제작,,,"커뮤니티 연애 트렌드(읽씹·연락 텀·연애 예능 등) 반영, 원문 없음",사랑,1,썸 탈 때 가장 설레는 순간은 언제라고 생각하나요?,0,1,1,1,1,p,0
나답 자체 제작,,,"커뮤니티 연애 트렌드(읽씹·연락 텀·연애 예능 등) 반영, 원문 없음",사랑,1,읽씹과 안읽씹 중 뭐가 더 서운한가요?,0,0,1,1,1,c,0
나답 자체 제작,,,"커뮤니티 연애 트렌드(읽씹·연락 텀·연애 예능 등) 반영, 원문 없음",사랑,1,좋아하는 사람의 카톡 프로필이 바뀌면 바로 확인하는 편인가요?,0,0,1,1,1,t,0
나답 자체 제작,,,"커뮤니티 연애 트렌드(읽씹·연락 텀·연애 예능 등) 반영, 원문 없음",사랑,1,연애할 때 나의 애교 지수는 10점 만점에 몇 점인가요?,0,0,1,1,2,t,0
나답 자체 제작,,,"커뮤니티 연애 트렌드(읽씹·연락 텀·연애 예능 등) 반영, 원문 없음",사랑,1,다정한 말투와 장난스러운 말투 중 뭐가 더 설레나요?,0,0,1,1,1,c,0
나답 자체 제작,,,"커뮤니티 연애 트렌드(읽씹·연락 텀·연애 예능 등) 반영, 원문 없음",사랑,1,"연인과 커플템 맞추는 건 좋나요, 부끄럽나요?",0,0,1,1,1,c,0
나답 자체 제작,,,"커뮤니티 연애 트렌드(읽씹·연락 텀·연애 예능 등) 반영, 원문 없음",사랑,1,연인에게 불리고 싶은 애칭은 무엇인가요?,0,0,1,1,1,p,0
나답 자체 제작,,,"커뮤니티 연애 트렌드(읽씹·연락 텀·연애 예능 등) 반영, 원문 없음",사랑,1,연애 예능에 나간다면 나는 어떤 캐릭터일까요?,0,0,1,1,1,h,0
나답 자체 제작,,,"커뮤니티 연애 트렌드(읽씹·연락 텀·연애 예능 등) 반영, 원문 없음",사랑,1,"연인이 나보다 친구 약속을 먼저 챙기면 서운한가요, 이해되나요?",0,0,1,1,1,c,0
나답 자체 제작,,,"커뮤니티 연애 트렌드(읽씹·연락 텀·연애 예능 등) 반영, 원문 없음",사랑,1,"연인의 휴대폰, 보고 싶나요 아니면 모르는 게 약인가요?",0,0,1,1,1,c,0
나답 자체 제작,,,"커뮤니티 연애 트렌드(읽씹·연락 텀·연애 예능 등) 반영, 원문 없음",사랑,1,나의 연애 스타일을 음식에 비유하면 무엇일까요?,0,0,1,1,1,h,0
나답 자체 제작,,,"커뮤니티 연애 트렌드(읽씹·연락 텀·연애 예능 등) 반영, 원문 없음",사랑,1,사귀기 전에 몇 번쯤 만나고 고백하는 게 적당하다고 생각하나요?,0,0,1,1,1,d,0
