신규 ID,DB id
Y029,900
Y030,901
Y031,902
Y032,903
Y035,904
Y033,905
Y036,906
Y022,907
Y026,908
Y037,909
Y040,910
Y020,911
Y025,912
Y042,913
Y023,914
Y024,915
Y004,916
Y021,917
Y038,918
Y044,919
Y041,920
Y017,921
Y018,922
Y027,923
Y001,924
Y003,925
Y015,926
Y016,927
Y019,928
Y043,929
Y002,930
Y005,931
Y006,932
Y007,933
Y008,934
Y009,935
Y010,936
Y039,937
Y028,938
Y011,939
Y012,940
Y013,941
Y014,942
Y034,943
X029,944
X050,945
X052,946
X053,947
X028,948
X051,949
X055,950
X027,951
X054,952
X002,953
X034,954
X001,955
X003,956
X004,957
X005,958
X011,959
X019,960
X035,961
X033,962
X036,963
X013,964
X017,965
X042,966
X058,967
X059,968
X060,969
X015,970
X018,971
X043,972
X014,973
X010,974
X009,975
X007,976
X008,977
X038,978
X041,979
X006,980
X012,981
X032,982
X057,983
X056,984
X031,985
X021,986
X023,987
X048,988
X039,989
X040,990
X022,991
X025,992
X030,993
X037,994
X044,995
X016,996
X020,997
X024,998
X026,999
X045,1000
X046,1001
X047,1002
X049,1003
L019,1004
L018,1005
L025,1006
L013,1007
L010,1008
L015,1009
L021,1010
L026,1011
L029,1012
L008,1013
L022,1014
L001,1015
L002,1016
L003,1017
L004,1018
L005,1019
L006,1020
L007,1021
L009,1022
L011,1023
L012,1024
L014,1025
L016,1026
L017,1027
L020,1028
L023,1029
L024,1030
L027,1031
L028,1032
L030,1033
S009,1034
S050,1035
S054,1036
S061,1037
S003,1038
S014,1039
S048,1040
S055,1041
S057,1042
S081,1043
S084,1044
S095,1045
S096,1046
S041,1047
S078,1048
S101,1049
S013,1050
S023,1051
S027,1052
S029,1053
S089,1054
S100,1055
S056,1056
S015,1057
S049,1058
S093,1059
S030,1060
S005,1061
S083,1062
S098,1063
S099,1064
S010,1065
S071,1066
S011,1067
S094,1068
S052,1069
S064,1070
S079,1071
S021,1072
S022,1073
S092,1074
S028,1075
S077,1076
S012,1077
S035,1078
S037,1079
S046,1080
S076,1081
S044,1082
S063,1083
S017,1084
S020,1085
S036,1086
S006,1087
S075,1088
S033,1089
S016,1090
S034,1091
S082,1092
S001,1093
S018,1094
S047,1095
S097,1096
S067,1097
S058,1098
S019,1099
S025,1100
S026,1101
S091,1102
S085,1103
S032,1104
S088,1105
S045,1106
S031,1107
S087,1108
S086,1109
S002,1110
S004,1111
S007,1112
S008,1113
S038,1114
S039,1115
S040,1116
S059,1117
S062,1118
S069,1119
S072,1120
S073,1121
S074,1122
S051,1123
S053,1124
S066,1125
S068,1126
S080,1127
S024,1128
S042,1129
S043,1130
S060,1131
S065,1132
S070,1133
S090,1134
N017,1135
N020,1136
N048,1137
N021,1138
N012,1139
N018,1140
N049,1141
N001,1142
N041,1143
N043,1144
N002,1145
N007,1146
N042,1147
N006,1148
N011,1149
N019,1150
N022,1151
N024,1152
N026,1153
N027,1154
N028,1155
N031,1156
N030,1157
N032,1158
N009,1159
N010,1160
N023,1161
N025,1162
N015,1163
N037,1164
N047,1165
N016,1166
N034,1167
N038,1168
N008,1169
N005,1170
N045,1171
N044,1172
N046,1173
N036,1174
N033,1175
N035,1176
N039,1177
N050,1178
N051,1179
N052,1180
N014,1181
N040,1182
N053,1183
N004,1184
N013,1185
N029,1186
N003,1187
