출처,출처 URL,원문,인기·검증 근거,분석 축,근거 개념,해석 가이드,관심사,레벨,문구,T,P,E,W,S,F,C
나답 자아분석 설계,,,약속 취소 알림에 몰래 웃는 순간,에너지 방향,Big Five 외향성,아쉽다→사람에게서 충전(외향) / 반갑다→혼자서 충전(내향),관계,1,"약속이 갑자기 취소되면 아쉬운가요, 내심 반가운가요?",0,0,1,1,1,c,0
나답 자아분석 설계,,,빈 캘린더를 보는 기분,에너지 방향,Big Five 외향성,설렌다→내향·자기충전 / 심심하다→외향·자극 추구,루틴,1,"아무 약속 없는 주말, 설레나요 심심한가요?",0,0,1,1,1,c,0
나답 자아분석 설계,,,괜히 휴대폰 보는 척하는 순간,에너지 방향,Big Five 외향성(사교성),말을 건다→사교적 접근 / 휴대폰→사회적 에너지 절약,관계,1,"엘리베이터에서 아는 사람을 만나면 말을 거나요, 휴대폰을 보나요?",0,0,1,1,1,c,0
나답 자아분석 설계,,,연휴 내내 집에만 있을 때,에너지 방향,Big Five 외향성,편안·충전→내향 / 외로움·답답→외향. 감정 어휘로 강도 파악,감정,1,혼자 있는 시간이 며칠 이어지면 어떤 기분이 드나요?,0,0,2,1,2,t,0
나답 자아분석 설계,,,마감 전날 초인적인 집중력,계획·실행,Big Five 성실성,미리→계획형·자기통제 / 몰아서→압박 동기형,루틴,1,"마감이 있는 일은 미리 끝내나요, 직전에 몰아서 하나요?",0,0,1,1,1,c,0
나답 자아분석 설계,,,빨간 숫자 999+,계획·실행,Big Five 성실성(질서),바로 지운다→질서·완결 욕구 / 둔다→유연·무관심,루틴,1,"안 읽은 알림이 쌓여 있으면 바로 지우나요, 그냥 두나요?",0,0,1,1,1,c,0
나답 자아분석 설계,,,어질러져도 어디 뭐가 있는지 안다,계획·실행,Big Five 성실성(질서),깔끔→외적 질서 / 어질러져도 찾음→내적 체계·유연,루틴,1,"내 책상은 깔끔한 편인가요, 어질러져도 다 찾는 편인가요?",0,0,1,1,1,c,0
나답 자아분석 설계,,,체크 표시할 때의 쾌감,계획·실행,Big Five 성실성,적는다→외부화·체계형 / 머릿속→즉흥·기억 의존,루틴,1,"할 일은 목록으로 적나요, 머릿속에 두나요?",0,0,1,1,1,c,0
나답 자아분석 설계,,,장바구니에 한 달째 있는 물건,계획·실행,충동성(성실성의 반대축),바로 산다→충동·즉시 보상 / 묵힌다→숙고·지연 보상,루틴,1,"사고 싶은 물건이 생기면 바로 사나요, 장바구니에 묵혀두나요?",0,0,1,1,1,c,0
나답 자아분석 설계,,,시험 기간에 갑자기 하고 싶은 청소,계획·실행,미루기(자기조절),"바로→자기조절 높음 / 딴짓→회피성 미루기, 스트레스 대처와 함께 해석",루틴,1,"할 일이 쌓이면 바로 시작하나요, 딴짓부터 하게 되나요?",0,0,1,1,1,c,0
나답 자아분석 설계,,,실패 없는 메뉴 vs 궁금한 신메뉴,새로움 추구,Big Five 개방성,먹던 것→안정·예측 선호 / 새 메뉴→경험 개방,취향,1,"단골집에 가면 먹던 메뉴를 시키나요, 새 메뉴에 도전하나요?",0,0,1,1,1,c,0
나답 자아분석 설계,,,괜히 한 정거장 먼저 내려 걷기,새로움 추구,Big Five 개방성,아는 길→안정 / 처음 길→탐색 욕구,취향,1,아는 길과 처음 가보는 길 중 어느 쪽으로 가고 싶나요?,0,0,1,1,1,c,0
나답 자아분석 설계,,,남들 다 알게 되면 식는 마음,새로움 추구,Big Five 개방성·독특성 욕구,유행→소속·동조 / 나만 아는 것→독특성 추구,취향,1,유행하는 것과 나만 아는 것 중 뭐가 더 끌리나요?,0,0,1,1,1,c,0
나답 자아분석 설계,,,10년째 같은 플레이리스트,새로움 추구,Big Five 개방성,듣던 것→익숙함에서 안정 / 새로운 것→탐색,취향,1,"노래는 듣던 것만 듣나요, 새로운 걸 찾아 듣나요?",0,0,1,1,1,c,0
나답 자아분석 설계,,,괜히 말하기 미안한 순간,관계 온도,Big Five 친화성·자기주장,말한다→자기주장 / 그냥 먹는다→갈등 회피·배려,관계,1,"식당에서 음식이 잘못 나오면 말하나요, 그냥 먹나요?",0,0,1,1,1,c,0
나답 자아분석 설계,,,아무거나라고 해놓고 거르는 메뉴,관계 온도,친화성·자기주장,아무거나→맞춰주기 / 의견→주도·자기표현,관계,1,"메뉴 정할 때 나는 '아무거나'인가요, 의견을 내는 편인가요?",0,0,1,1,1,c,0
나답 자아분석 설계,,,10분까지는 웃으며 기다림,관계 온도,친화성(관용),길수록 관용·느긋함 / 짧을수록 시간 약속 중시. 숫자로 비교 가능,관계,1,친구가 늦으면 몇 분까지 괜찮나요?,0,0,1,1,1,t,0
나답 자아분석 설계,,,커뮤니티에서 유명한 T/F 밈,관계 온도,사고형-감정형 반응(공감 방식),무슨 빵?→사실·해결 지향 / 왜 우울해?→감정 지향,관계,1,"""나 우울해서 빵 샀어""라는 말에 나는 뭐라고 답하나요?",0,0,1,1,1,t,0
나답 자아분석 설계,,,'ㅇㅇ' 한 글자에 흔들리는 마음,감정 민감도,Big Five 신경성(정서 민감성),넘긴다→정서 안정 / 신경 쓰인다→관계 단서에 민감,관계,1,"상대의 짧은 답장, 그냥 넘기나요 괜히 신경 쓰이나요?",0,0,1,1,1,c,0
나답 자아분석 설계,,,새벽에 불어나는 걱정,감정 민감도,Big Five 신경성(걱정),최악까지→예기 불안 / 금방 잊음→정서 회복력,감정,1,"걱정이 생기면 최악까지 상상하나요, 금방 잊나요?",0,0,1,2,2,c,0
나답 자아분석 설계,,,"칭찬은 금방, 지적은 오래",감정 민감도,부정성 편향·자존감,지적→비판 민감 / 칭찬→긍정 자원 활용,감정,1,칭찬 열 번과 지적 한 번 중 뭐가 더 오래 남나요?,0,0,1,1,2,c,0
나답 자아분석 설계,,,몇 년 전 실수로 하는 이불킥,감정 민감도,반추(Rumination),짧다→빠른 회복 / 길다→반추 경향. 기간 답으로 비교,감정,1,작은 실수를 하면 얼마나 오래 마음에 남나요?,0,0,1,2,2,t,0
나답 자아분석 설계,,,빗소리 들으며 누워 있기,감정 민감도,환경 민감성,가라앉음→외부 자극 영향 큼 / 좋아짐→차분함 선호,감정,1,"비 오는 날엔 기분이 가라앉나요, 오히려 좋아지나요?",0,0,1,1,1,c,0
나답 자아분석 설계,,,생각 많을 때 무작정 걷기,스트레스 대처,대처 전략(행동 활성 vs 휴식),움직임→행동으로 해소 / 쉼→회복·차단형,감정,1,"머리가 복잡할 때 몸을 움직이나요, 가만히 쉬나요?",0,0,1,1,1,c,0
나답 자아분석 설계,,,말하다 보면 정리되는 마음,스트레스 대처,대처 전략(사회적 지지 vs 자기정리),털어놓음→사회적 지지 활용 / 혼자→내적 처리,감정,1,"속상한 일은 누군가에게 털어놓나요, 혼자 정리하나요?",0,0,1,2,2,c,0
나답 자아분석 설계,,,버티게 하는 작은 이유,스트레스 대처,회복탄력성 자원,답의 종류(사람·목표·루틴·책임)로 회복 자원 유형 파악,감정,1,다 내려놓고 싶을 때 나를 다시 붙잡는 것은 무엇인가요?,0,0,2,2,2,t,0
나답 자아분석 설계,,,말 안 해도 알아줬으면 하는 마음,친밀감 방식,애착 이론(표현 vs 기대),먼저 말함→안정적 요청 / 기다림→표현 억제·확인 욕구,관계,1,"기대고 싶을 때 먼저 말하나요, 알아주길 기다리나요?",0,0,1,2,2,c,0
나답 자아분석 설계,,,친구들이 먼저 눈치챔,친밀감 방식,애착·자기노출,티 난다→개방·표현 / 숨긴다→신중·거절 민감,사랑,1,"좋아하는 사람이 생기면 티가 나나요, 꽁꽁 숨기나요?",0,0,1,1,2,c,0
나답 자아분석 설계,,,워라밸 논쟁,가치·동기,가치 이론(안락·자기방향 vs 성취·권력),저녁→여유·관계 가치 / 더 벌기→성취 가치,가치관,1,덜 벌어도 저녁이 있는 삶과 더 벌고 바쁜 삶 중 무엇을 고를까요?,0,0,1,1,1,c,0
나답 자아분석 설계,,,칭찬 한마디에 야근하는 나,가치·동기,가치 이론(성취 vs 자기방향),인정→외적 동기·성취 / 자유→내적 동기·자율,가치관,1,인정받을 때와 자유로울 때 중 언제 더 힘이 나나요?,0,0,1,1,1,c,0
나답 자아분석 설계,,,'이거 끝나면 치킨',가치·동기,자기결정성 이론(외적 vs 내사 동기),보상→외적 동기 / 책임감→내사·의무 동기,가치관,1,"하기 싫은 일을 해내게 하는 건 보상인가요, 책임감인가요?",0,0,1,1,1,c,0
나답 자아분석 설계,,,보드게임에서 진심이 되는 나,가치·동기,성취 목표(수행 vs 숙달·즐거움),이기기→경쟁·수행 목표 / 즐기기→과정·숙달 목표,가치관,1,이기는 것과 즐기는 것 중 뭐가 더 중요한가요?,0,0,1,1,1,c,0
나답 자아분석 설계,,,퇴사 욕구와 월급의 줄다리기,가치·동기,가치 이론(안전 vs 자극),안정→안전 가치 / 도전→자극·변화 가치. 시기별 변화 추적,가치관,1,안정적인 길과 설레는 도전 중 지금 더 끌리는 쪽은 어디인가요?,1,0,1,1,1,c,0
나답 자아분석 설계,,,배달앱 30분 구경하기,결정 방식,최대화 vs 만족화 성향,오래→최대화(최선 탐색) / 금방→만족화(충분하면 결정),취향,1,"메뉴 고를 때 오래 고민하나요, 금방 고르나요?",0,0,1,1,1,c,0
나답 자아분석 설계,,,표까지 만들어놓고 결국 마음대로,결정 방식,분석적 vs 직관적 사고,따짐→분석형 / 끌림→직관형,가치관,1,"중요한 선택은 장단점을 따지나요, 끌리는 대로 하나요?",0,0,1,1,1,c,0
나답 자아분석 설계,,,그때 해볼걸,결정 방식,후회 연구(행동 vs 비행동 후회),한 일→신중·위험 회피 / 안 한 일→기회 지향,가치관,1,한 일에 대한 후회와 안 한 일에 대한 후회 중 뭐가 더 큰가요?,0,0,2,2,2,c,0
나답 자아분석 설계,,,친구한텐 안 할 말을 나한테,자기 인식,자기 자비(self-compassion),다정한 말→자기 자비 / 비난→자기 비판. 어조로 해석,감정,1,실수한 나에게 나는 주로 어떤 말을 하나요?,0,0,2,2,2,t,0
나답 자아분석 설계,,,남한텐 괜찮다면서 나한텐 왜,자기 인식,자기 자비,친구에게→자기 엄격 / 나에게→자기 관대,감정,1,친구의 실수와 내 실수 중 어느 쪽에 더 너그러운가요?,0,0,1,1,2,c,0
나답 자아분석 설계,,,누워만 있었는데 불안한 저녁,자기 인식,생산성 압박·자기 가치 조건,뿌듯→휴식 수용 / 죄책감→성취 조건부 자기가치,루틴,1,"아무것도 안 한 날, 뿌듯한가요 죄책감이 드나요?",0,0,1,1,2,c,0
나답 자아분석 설계,,,가기 싫어지는 전날 밤,에너지 방향,사회적 접근 vs 사회 불안,설렘→사회적 접근 동기 / 걱정→평가 불안,감정,1,"새로운 모임에 가기 전날, 설레나요 걱정되나요?",0,1,1,1,1,c,0
나답 자아분석 설계,,,모두에게 사랑받을 순 없는데,감정 민감도,거절 민감성,많이→거절 민감·인정 욕구 / 조금→자기 기준 안정,관계,1,누군가 나를 싫어한다는 걸 알면 얼마나 신경 쓰이나요?,0,0,1,2,2,t,0
나답 자아분석 설계,,,행복하면 불안한 마음,감정 민감도,행복 두려움(Fear of happiness),기뻐함→긍정 정서 수용 / 불안→좋은 일 뒤 불운 예상,감정,1,"좋은 일이 생기면 마음껏 기뻐하나요, 괜히 불안해지나요?",0,0,1,2,2,c,0
나답 자아분석 설계,,,거절 못 하고 떠안는 일,관계 온도,친화성·경계 설정,뿌듯→이타적 보상 / 지침→경계 부족·과잉 배려 신호,관계,1,"남의 부탁을 들어주고 나면 뿌듯한가요, 지치나요?",0,0,1,1,2,c,0
나답 자아분석 설계,,,맞는 말인데 기분 나쁨,결정 방식,사고형-감정형 반응,이유→분석·과제 중심 / 기분→관계·감정 중심,감정,1,"지적을 받으면 이유부터 따지나요, 기분부터 상하나요?",0,0,1,1,2,c,0
