DB id,관심사,문구,축 키,축 이름,목적,소주제,신호,관심사 제안,배정 방법,근거
898,가치관,조금씩 나아지는 삶과 크게 도약하는 삶 중 뭐가 더 나다운가요?,V1,안정 ↔ 도전,s,5,A,,수동 확정,
897,가치관,과거 기억을 잃는 것과 새 기억을 못 만드는 것 중 뭐가 더 두렵나요?,,,k,4,,,수동 확정,
896,가치관,선택지가 너무 많은 것과 하나의 길만 걷는 것 중 뭐가 더 답답한가요?,V3,원칙 ↔ 유연,s,2,B,,수동 확정,
895,가치관,완벽한 하루가 반복되는 삶과 굴곡 있는 진짜 삶 중 뭐가 더 나은가요?,V1,안정 ↔ 도전,s,1,A,,수동 확정,
894,가치관,세상을 바꾸려 애쓰는 것과 있는 그대로 받아들이는 것 중 뭐가 더 나에게 맞나요?,V1,안정 ↔ 도전,s,4,B,,수동 확정,
893,가치관,규칙이 하나도 없는 세상과 너무 많은 세상 중 뭐가 더 답답한가요?,V3,원칙 ↔ 유연,s,3,B,,수동 확정,
892,가치관,과거의 모든 일과 미래의 모든 일 중 뭐가 더 궁금한가요?,,,k,4,,,수동 확정,
891,가치관,완전한 자유와 무조건적인 권력 중 뭐가 더 갖고 싶나요?,,,k,4,,,수동 확정,
890,관계,가짜 모습으로 사랑받는 것과 미움받아도 진짜 나로 사는 것 중 뭐가 더 끌리나요?,,,k,6,,,수동 확정,
889,가치관,도전과 안정 중 지금 뭐가 더 끌리나요?,V1,안정 ↔ 도전,s,4,B,,수동 확정,
888,가치관,후회 없이 사는 것과 두려움 없이 사는 것 중 뭐가 더 중요한가요?,,,k,4,,,수동 확정,
887,관계,완전히 이해받는 것과 있는 그대로라도 받아들여지는 것 중 뭐가 더 필요한가요?,,,k,6,,,수동 확정,
886,가치관,생명을 만드는 힘과 없애는 힘 중 뭐가 더 부담스럽나요?,,,k,3,,,수동 확정,
885,가치관,가난해도 행복한 삶과 부유해도 불행한 삶 중 뭐가 더 나은가요?,,,k,1,,,수동 확정,
884,가치관,수백 명이 깊이 읽는 것과 수백만 명이 스치듯 읽는 것 중 뭐가 더 뿌듯한가요?,,,k,1,,,수동 확정,
883,가치관,늘 관심의 중심이 되는 것과 아무도 모르게 지내는 것 중 뭐가 더 끌리나요?,,,k,6,,,수동 확정,
882,가치관,모든 걸 너무 진지하게 받아들이는 사람과 아무것도 진지하게 여기지 않는 사람 중 어떤 쪽이 되고 싶나요?,,,k,6,,,수동 확정,
881,가치관,야생에서 사는 것과 감옥에서 사는 것 중 뭐가 덜 힘든가요?,,,k,4,,,수동 확정,
880,가치관,평온한 삶과 위험한 도전이 가득한 삶 중 뭐가 더 끌리나요?,V1,안정 ↔ 도전,s,1,A,,수동 확정,
879,가치관,가장 행복할 날과 가장 불행할 날 중 뭐가 더 궁금한가요?,,,k,4,,,수동 확정,
878,가치관,항상 진실만 말하는 것과 남의 거짓말을 알아채는 것 중 뭐가 더 나은가요?,V3,원칙 ↔ 유연,s,3,A,,수동 확정,
877,가치관,죽는 시점과 죽는 방식 중 뭐가 더 알고 싶나요?,,,k,4,,,수동 확정,
876,관계,항상 이해받는 것과 인정받는 것 중 뭐가 더 좋은가요?,,,k,6,,,수동 확정,
875,가치관,지금의 삶을 이어가는 것과 처음부터 다시 시작하는 것 중 뭐가 더 마음 편한가요?,V1,안정 ↔ 도전,s,4,A,,수동 확정,
874,가치관,"초능력이 생긴다면, 결정을 되돌리는 힘과 시간을 멈추는 힘 중 뭐가 더 탐나나요?",,,k,4,,,수동 확정,
873,가치관,속마음을 다 말하는 것과 평생 입을 다무는 것 중 뭐가 더 나은가요?,,,k,6,,,수동 확정,
872,가치관,다른 삶으로 태어나는 것과 기억을 지킨 채 환생하는 것 중 뭐가 더 하고 싶나요?,,,k,4,,,수동 확정,
871,가치관,친절한 사람으로 남는 것과 똑똑한 사람으로 남는 것 중 뭐가 더 좋은가요?,V2,나 ↔ 우리,s,6,B,,수동 확정,
870,관계,웃긴 사람과 똑똑한 사람 중 누가 더 끌리나요?,,,k,6,,,수동 확정,
869,가치관,10년의 감옥살이와 20년의 혼수상태 중 뭐가 더 견딜 만한가요?,,,k,4,,,수동 확정,
868,가치관,"하나를 잃어야 한다면, 말하는 능력과 읽는 능력 중 뭐가 덜 아깝나요?",,,k,4,,,수동 확정,
867,가치관,평범한 사람들 틈에서 돋보이는 삶과 천재들 틈에서 평범한 삶 중 뭐가 더 끌리나요?,,,k,1,,,수동 확정,
866,사랑,꿈꾸던 일과 진정한 사랑 중 뭐가 더 이루고 싶나요?,,,k,5,,,수동 확정,
865,가치관,거짓말을 알아채는 능력과 들키지 않는 능력 중 뭐가 더 탐나나요?,,,k,3,,,수동 확정,
864,가치관,"하나를 잃어야 한다면, 재산을 잃는 것과 기억을 잃는 것 중 뭐가 덜 두렵나요?",,,k,4,,,수동 확정,
863,가치관,생각을 표현 못 하는 것과 조롱받는 것 중 뭐가 더 힘든가요?,,,k,6,,,수동 확정,
862,가치관,완벽해도 가짜인 삶과 평범해도 진짜인 삶 중 뭐가 더 나은가요?,,,k,1,,,수동 확정,
861,가치관,아이 같은 순수한 시선과 어른의 지혜 중 뭐가 더 갖고 싶나요?,,,k,6,,,수동 확정,
860,가치관,안 한 일로 기억되는 것과 한 일이 잊히는 것 중 뭐가 더 억울한가요?,,,k,6,,,수동 확정,
859,가치관,우주의 비밀과 내 선택의 결과 중 뭐가 더 궁금한가요?,,,k,4,,,수동 확정,
858,가치관,기억 없이 행복한 삶과 힘들어도 다 기억하는 삶 중 뭐가 더 끌리나요?,,,k,4,,,수동 확정,
857,가치관,과거를 바꾸는 능력과 미래를 보는 능력 중 뭐가 더 갖고 싶나요?,,,k,4,,,수동 확정,
856,가치관,의미 없는 큰 성공과 좋아하는 일로 이룬 성공 중 뭐가 더 끌리나요?,,,k,1,,,수동 확정,
855,가치관,경직돼도 공정한 법과 유연해서 가끔 불공정한 법 중 뭐가 더 옳다고 생각하나요?,V3,원칙 ↔ 유연,s,3,A,,수동 확정,
854,가치관,결과를 미리 아는 것과 모른 채 결정하는 것 중 뭐가 더 나은가요?,V1,안정 ↔ 도전,s,2,A,,수동 확정,
853,가치관,하지 않은 일로 인정받는 것과 억울하게 비난받는 것 중 뭐가 더 불편한가요?,,,k,3,,,수동 확정,
852,가치관,무고한 사람을 벌하는 것과 죄인을 풀어주는 것 중 뭐가 더 나은가요?,V3,원칙 ↔ 유연,s,3,,,수동 확정,
851,가치관,"불의에 맞서려면 법을 어겨도 되나요, 부당해도 법은 지켜야 하나요?",V3,원칙 ↔ 유연,s,3,B,,수동 확정,
850,가치관,아픈 진실을 말하는 것과 자비로운 거짓말을 하는 것 중 뭐가 더 옳은가요?,V3,원칙 ↔ 유연,s,3,A,,수동 확정,
849,가치관,거짓말을 항상 알아채는 것과 전혀 못 알아채는 것 중 뭐가 더 나은가요?,,,k,3,,,수동 확정,
848,가치관,한 달을 슬퍼하고 달라지는 것과 1년을 무감각하게 사는 것 중 뭐가 더 나은가요?,,,k,4,,,수동 확정,
847,가치관,확고한 정체성과 계속 변하는 자유 중 뭐가 더 나에게 가깝나요?,V1,안정 ↔ 도전,s,6,A,,수동 확정,
846,가치관,내 무의식을 다 아는 것과 미스터리로 남겨두는 것 중 뭐가 더 끌리나요?,,,k,6,,,수동 확정,
845,가치관,두려움을 없애는 것과 강점을 키우는 것 중 뭐가 더 끌리나요?,,,k,5,,,수동 확정,
844,관계,남의 마음을 읽는 것과 내 마음을 나누는 것 중 뭐가 더 하고 싶나요?,,,k,4,,,수동 확정,
843,관계,사람들의 속마음을 아는 것과 모르는 것 중 뭐가 더 편안한가요?,,,k,4,,,수동 확정,
842,가치관,다 기억하는 삶과 원할 때 잊는 삶 중 뭐가 더 좋은가요?,,,k,4,,,수동 확정,
841,가치관,100년 전 과거와 100년 후 미래 중 뭐가 더 궁금한가요?,,,k,4,,,수동 확정,
840,가치관,신중히 곱씹는 삶과 후회 없이 실수하는 삶 중 뭐가 더 나다운가요?,V1,안정 ↔ 도전,s,2,A,,수동 확정,
839,가치관,죽는 날짜를 아는 것과 모르는 것 중 뭐가 더 편안한가요?,,,k,4,,,수동 확정,
838,가치관,죽어서 기억되는 것과 살아서 사랑받는 것 중 뭐가 더 소중한가요?,,,k,4,,,수동 확정,
837,가치관,인생의 목적을 지금 아는 것과 서서히 깨닫는 것 중 뭐가 더 나은가요?,,,k,4,,,수동 확정,
836,관계,하루 종일 말하는 것과 듣기만 하는 것 중 뭐가 더 나다운가요?,L1,이끎 ↔ 맞춤,s,4,A,,수동 확정,
835,가치관,평생 야근하는 것과 연봉이 동결되는 것 중 뭐가 더 견딜 만한가요?,,,k,5,,,수동 확정,
834,관계,싫은 상사와 일하는 것과 친한 동료와 떨어지는 것 중 뭐가 더 나은가요?,,,k,3,,,수동 확정,
833,가치관,자유로운 프리랜서와 안정적인 직장인 중 어느 쪽이 더 나에게 맞을까요?,V1,안정 ↔ 도전,s,5,B,,수동 확정,
832,가치관,적은 월급에 좋아하는 일과 고액 연봉에 싫은 일 중 뭐가 더 만족스러운가요?,,,k,5,,,수동 확정,
831,루틴,"일과 삶의 경계가 확실한 게 좋나요, 유연한 게 좋나요?",R1,계획 ↔ 즉흥,s,3,A,,수동 확정,
830,관계,혼자 일하는 것과 팀으로 일하는 것 중 뭐가 더 잘 맞나요?,,,k,3,,,수동 확정,
829,가치관,일 안 해도 빠듯한 삶과 힘들어도 여유로운 삶 중 뭐가 더 나은가요?,,,k,5,,,수동 확정,
828,가치관,연봉이 두 배로 오르는 것과 1년 유급 휴가 중 뭐가 더 좋은가요?,,,k,5,,,수동 확정,
827,가치관,외로운 천재와 단순해도 행복한 사람 중 누가 더 나에게 가깝나요?,,,k,6,,,수동 확정,
826,관계,리더와 팔로워 중 어느 쪽에 더 가까운가요?,L1,이끎 ↔ 맞춤,s,5,A,,수동 확정,
825,가치관,내 의도와 행동 중 뭐가 더 중요하게 평가받길 바라나요?,,,k,6,,,수동 확정,
824,가치관,"단 하나만 고를 수 있다면, 세상을 지키는 것과 나 자신을 지키는 것 중 뭐가 더 끌리나요?",V2,나 ↔ 우리,s,3,B,,수동 확정,
823,가치관,늘 옳은 결정을 내리는 힘과 실수에서 빨리 배우는 힘 중 뭐가 더 필요한가요?,,,k,2,,,수동 확정,
822,가치관,한 달의 자유 시간이 생긴다면 여행과 자기계발 중 무엇을 고를까요?,,,k,1,,,수동 확정,
821,가치관,역사에 이름을 남기는 삶과 행복한 평범함 중 뭐가 더 나은가요?,,,k,1,,,수동 확정,
820,가치관,지금 가진 것에 만족하는 것과 더 원하는 것 중 뭐가 더 나다운가요?,V1,안정 ↔ 도전,s,1,A,,수동 확정,
819,가치관,열정 넘치는 삶과 평온한 삶 중 뭐가 더 끌리나요?,V1,안정 ↔ 도전,s,1,B,,수동 확정,
818,사랑,먼 미래를 먼저 생각하고 연애를 시작하는 편인가요?,S3,설렘 ↔ 안정,s,2,B,,수동 확정,
817,사랑,돈은 하나로 합치는 것과 각자 독립을 지키는 것 중 뭐가 더 편한가요?,S2,가까이 ↔ 각자,s,2,A,,수동 확정,
816,관계,사람을 만나면 일단 믿는 것과 의심하는 것 중 뭐가 더 나에게 맞나요?,L3,솔직함 ↔ 배려함,s,6,,,수동 확정,
815,관계,항상 솔직히 말하는 것과 돌려 말하는 것 중 뭐가 더 나에게 맞나요?,L3,솔직함 ↔ 배려함,s,4,A,,수동 확정,
814,가치관,번 돈은 저축하는 것과 아낌없이 쓰는 것 중 뭐가 더 나다운가요?,V1,안정 ↔ 도전,s,5,A,,수동 확정,
813,관계,관계 문제는 커플 상담과 자기계발서 중 뭐가 더 효과적인가요?,,,k,,,,수동 확정,
812,관계,남의 조언을 받아들이는 것과 내 판단만 믿는 것 중 뭐가 더 나은가요?,L1,이끎 ↔ 맞춤,s,4,B,,수동 확정,
811,가치관,책으로 배운 것과 직접 부딪혀 배운 것 중 뭐가 더 크게 남나요?,,,k,5,,,수동 확정,
810,가치관,여러 분야를 두루 하는 것과 한 우물 파는 것 중 뭐가 더 나에게 맞나요?,V1,안정 ↔ 도전,s,5,,,수동 확정,
809,가치관,무리에 자연스럽게 섞이는 것과 확실히 돋보이는 것 중 뭐가 더 편한가요?,,,k,6,,,수동 확정,
808,가치관,한곳에 정착하는 삶과 계속 떠도는 삶 중 뭐가 더 어울리나요?,V1,안정 ↔ 도전,s,4,A,,수동 확정,
807,가치관,편안함을 추구하는 삶과 끊임없이 애쓰는 삶 중 뭐가 더 나다운가요?,V1,안정 ↔ 도전,s,4,A,,수동 확정,
806,가치관,위험해도 자유로운 것과 안전을 위해 참는 것 중 뭐가 더 나에게 맞나요?,V1,안정 ↔ 도전,s,2,B,,수동 확정,
805,가치관,다수를 위한 희생과 내 행복 중 뭐가 더 우선인가요?,V2,나 ↔ 우리,s,3,B,,수동 확정,
804,가치관,미리 허락을 구하는 것과 일단 저지르는 것 중 뭐가 더 편한가요?,V1,안정 ↔ 도전,s,2,A,,수동 확정,
803,루틴,촘촘한 계획과 순간의 마음을 따르는 것 중 뭐가 더 나에게 맞나요?,R1,계획 ↔ 즉흥,s,3,A,,수동 확정,
802,가치관,성격은 타고난 본성과 자란 환경 중 뭐가 더 크게 좌우하나요?,,,k,6,,,수동 확정,
801,가치관,"인간은 원래 착한 쪽인가요, 나쁜 쪽인가요?",,,k,3,,,수동 확정,
800,가치관,자유의지로 선택한 결과와 정해진 운명 중 뭐가 더 맞다고 믿나요?,,,k,4,,,수동 확정,
799,가치관,짧더라도 부유한 삶과 길고 가난한 삶 중 뭐가 더 나에게 맞나요?,,,k,4,,,수동 확정,
798,가치관,노숙자를 돕는 일과 아이들을 가르치는 일 중 뭐가 더 마음이 가나요?,,,k,3,,,수동 확정,
797,가치관,같은 월급이면 몸을 움직이는 일과 사무직 중 뭐가 더 마음이 가나요?,,,k,5,,,수동 확정,
796,가치관,크게 이룬 것 없는 만족스러운 삶과 이루고도 불만족스러운 삶 중 뭐가 더 나은가요?,,,k,1,,,수동 확정,
795,가치관,유명해지는 부와 조용한 부 중 뭐가 더 편안한가요?,,,k,1,,,수동 확정,
794,관계,가장 인기 있는 사람과 가장 똑똑한 사람 중 누가 더 되고 싶나요?,,,k,5,,,수동 확정,
793,가치관,세상 문제에 책임감을 느끼는 삶과 신경 쓰지 않고 즐기는 삶 중 뭐가 더 나다운가요?,V2,나 ↔ 우리,s,3,B,,수동 확정,
792,가치관,거저 받은 20억과 스스로 일군 50억 중 뭐가 더 값진가요?,,,k,5,,,수동 확정,
791,가치관,보람 있게 열심히 일하는 삶과 편한 삶 중 뭐가 더 값진가요?,,,k,5,,,수동 확정,
790,가치관,10년만 버티고 은퇴하는 끔찍한 일과 평생 할 꿈의 직업 중 뭐가 더 나은가요?,,,k,5,,,수동 확정,
789,가치관,짓지 않은 죄로 4년간 옥살이하는 것과 죄를 짓고 평생 불안하게 사는 것 중 뭐가 더 괴로운가요?,,,k,3,,,수동 확정,
788,가치관,후회 없는 20년과 후회 많은 50년 중 뭐가 더 나은가요?,,,k,4,,,수동 확정,
787,가치관,위안이 되는 거짓말과 불편한 진실 중 뭐가 더 나은가요?,V3,원칙 ↔ 유연,s,3,B,,수동 확정,
786,관계,한 사람을 깊이 돕는 것과 백 명을 조금씩 돕는 것 중 뭐가 더 의미 있나요?,L2,넓게 ↔ 깊게,s,6,B,,수동 확정,
785,가치관,평생 다달이 받는 200만 원과 지금 당장의 5억 중 뭐가 더 든든한가요?,V1,안정 ↔ 도전,s,5,A,,수동 확정,
784,취향,인간관계 없는 숲속의 고요함과 소란한 도시의 삶 중 뭐가 더 편안한가요?,T2,혼자 즐김 ↔ 함께 즐김,s,3,A,,수동 확정,
783,가치관,당장의 빚과 평생 이어지는 소득 한계 중 뭐가 더 견디기 쉬운가요?,,,k,5,,,수동 확정,
782,가치관,돈을 빚지는 것과 부탁을 빚지는 것 중 뭐가 더 부담스러운가요?,,,k,5,,,수동 확정,
781,가치관,개인적인 삶의 성공과 커리어의 성공 중 뭐가 더 중요한가요?,,,k,1,,,수동 확정,
780,가치관,아무도 몰라주는 최고와 존경받는 평범함 중 뭐가 더 만족스러운가요?,,,k,1,,,수동 확정,
779,가치관,힘들어도 성장하는 것과 편하지만 성장하기는 어려운 것 중 뭐가 나은가요?,V1,안정 ↔ 도전,s,5,B,,수동 확정,
778,가치관,지금 당장 꿈의 직업과 매년 한 달 휴가 중 뭐가 더 나은가요?,,,k,5,,,수동 확정,
777,가치관,남 밑에서 편하게 일하는 것과 내 사업을 하는 것 중 뭐가 더 나은가요?,V1,안정 ↔ 도전,s,5,A,,수동 확정,
776,가치관,확실한 10억과 반반 확률의 50억 중 뭐가 더 나은가요?,V1,안정 ↔ 도전,s,2,A,,수동 확정,
775,관계,배울 게 많은 사람과 편한 사람 중 누구와 함께하고 싶나요?,,,k,6,,,수동 확정,
774,가치관,바빠서 지치는 것과 한가해서 지치는 것 중 뭐가 더 버거운가요?,,,k,5,,,수동 확정,
773,가치관,퇴사 날 아무도 모르게 조용히 나가는 것과 배웅받으며 화려하게 나가는 것 중 뭐가 더 하고 싶나요?,,,k,6,,,수동 확정,
772,가치관,성장과 여유 중 요즘 더 필요한 것은 무엇인가요?,V1,안정 ↔ 도전,s,5,B,,수동 확정,
771,가치관,칭찬받을 때와 싫은 소리를 들을 때 중 언제 일이 더 잘되나요?,,,k,5,,,수동 확정,
770,가치관,연봉 2천에 매일 칼퇴근하는 것과 연봉 6천에 주 7일 일하는 것 중 뭐가 더 나에게 맞나요?,,,k,5,,,수동 확정,
769,가치관,하기 싫은 일로 월 600을 버는 것과 자유롭게 지내며 월 200을 받는 것 중 뭐가 더 나은가요?,,,k,5,,,수동 확정,
768,관계,매번 늦는 사람과 재촉하는 사람 중 누가 더 미운가요?,,,k,,,,수동 확정,
767,관계,대화를 주도하는 것과 경청하는 것 중 뭐가 더 편한가요?,L1,이끎 ↔ 맞춤,s,4,A,,수동 확정,
766,사랑,무너져가는 관계를 붙잡는 것과 정직하게 이별하는 것 중 뭐가 더 나은가요?,,,k,4,,,수동 확정,
765,사랑,우연히 본 연인의 사생활을 솔직히 말하는 것과 모르는 척 넘어가는 것 중 뭐가 더 맞나요?,,,k,4,,,수동 확정,
764,사랑,쉽게 용서하는 사람과 서운함을 같이 풀어가는 사람 중 누가 더 편한가요?,,,k,4,,,수동 확정,
763,사랑,단짝 같은 연인과 매력적이지만 거리감이 있는 연인 중 누가 더 끌리나요?,S2,가까이 ↔ 각자,s,1,A,,수동 확정,
762,관계,한 사람에게 깊이 이해받는 것과 여럿에게 사랑받는 것 중 뭐가 더 끌리나요?,L2,넓게 ↔ 깊게,s,6,B,,수동 확정,
761,사랑,연인이 내 모든 걸 아는 것과 모르는 것 중 뭐가 더 좋은가요?,S2,가까이 ↔ 각자,s,2,A,,수동 확정,
760,사랑,더 사랑받는 관계와 더 많이 사랑하는 관계 중 뭐가 더 좋은가요?,,,k,5,,,수동 확정,
759,사랑,안 싸우는 무난한 연애와 부딪혀도 솔직한 연애 중 더 선호하는 것은 무엇인가요?,S3,설렘 ↔ 안정,s,4,B,,수동 확정,
758,사랑,무뚝뚝한 연인과 애정 표현이 과한 연인 중 누가 더 힘든가요?,S1,말로 표현 ↔ 행동으로 표현,s,3,,,수동 확정,
757,사랑,지나간 첫사랑과 새로운 사랑 중 누가 더 끌리나요?,S3,설렘 ↔ 안정,s,1,,,수동 확정,
756,사랑,돈 많고 성격 나쁜 사람과 가난해도 착한 사람 중 누가 더 끌리나요?,,,k,1,,,수동 확정,
755,사랑,말 없이도 알아채 주길 바라는 것과 명확히 말하는 것 중 뭐가 더 편한가요?,S1,말로 표현 ↔ 행동으로 표현,s,3,B,,수동 확정,
754,사랑,사랑은 말로 표현하는 것과 행동으로 보여주는 것 중 뭐가 더 중요하다고 생각하나요?,S1,말로 표현 ↔ 행동으로 표현,s,3,A,,수동 확정,
753,사랑,질투 많은 연인과 질투가 없는 연인 중 누가 더 좋은가요?,S2,가까이 ↔ 각자,s,4,A,,수동 확정,
752,사랑,나쁜 연애를 계속하는 것과 평생 혼자 지내는 것 중 뭐가 더 나은가요?,,,k,5,,,수동 확정,
751,사랑,사랑을 찾는 것과 큰돈을 찾는 것 중 뭐가 더 중요한가요?,,,k,5,,,수동 확정,
750,사랑,매일 만나고 싶어 하는 애인과 만날 시간 잡기 어려운 애인 중 누가 더 좋은가요?,S2,가까이 ↔ 각자,s,2,A,,수동 확정,
749,사랑,연락이 끊기는 애인과 술을 자주 마시는 애인 중 누가 더 아픈가요?,,,k,4,,,수동 확정,
748,사랑,연인과 유머 코드가 맞는 것과 사회 이슈에 화나는 포인트가 비슷한 것 중 뭐가 더 중요한가요?,,,k,1,,,수동 확정,
747,사랑,전 애인과 밤새 술 마시는 것과 이성 친구와 단둘이 여행 가는 것 중 뭐가 더 불안한가요?,,,k,4,,,수동 확정,
746,사랑,자주 삐지지만 금방 푸는 애인과 가끔 삐지지만 오래가는 애인 중 누가 더 힘든가요?,,,k,4,,,수동 확정,
745,사랑,빠른 답장과 느려도 정성 담긴 답장 중 뭐가 더 좋은가요?,,,k,3,,,수동 확정,
744,사랑,사소한 기념일까지 챙기는 것과 중요한 날만 챙기는 것 중 뭐가 더 편한가요?,,,k,3,,,수동 확정,
743,사랑,연애할 때 외모와 유머 감각 중 뭐가 더 중요한가요?,,,k,1,,,수동 확정,
742,관계,친구의 착각을 바로잡는 것과 관계를 위해 그냥 두는 것 중 뭐가 더 맞나요?,L3,솔직함 ↔ 배려함,s,1,A,,수동 확정,
741,관계,내 뜻대로 하는 힘과 모두에게 믿음받는 것 중 뭐가 더 나은가요?,L1,이끎 ↔ 맞춤,s,6,A,,수동 확정,
740,가치관,남의 운명을 좌우하는 것과 내 삶을 내 뜻대로 하는 것 중 뭐가 더 좋나요?,,,k,4,,,수동 확정,
739,관계,권위형 리더와 솔선수범형 리더 중 어느 쪽에 더 가깝나요?,L1,이끎 ↔ 맞춤,s,3,A,,수동 확정,
738,가치관,아무 문제 없는 세상과 내가 다스리는 세상 중 뭐가 더 좋은가요?,,,k,4,,,수동 확정,
737,관계,널리 얕게 사랑받는 것과 미움받아도 깊은 관계 하나 중 뭐가 더 소중한가요?,L2,넓게 ↔ 깊게,s,6,A,,수동 확정,
736,관계,편안한 우정과 나를 성장시키는 우정 중 뭐가 더 끌리나요?,,,k,1,,,수동 확정,
735,관계,관계를 정리할 때 주로 어떻게 하는 편인가요?,,,r,6,,,수동 확정,
734,관계,어려울 때 먼저 떠오르는 친구와 기쁠 때 먼저 생각나는 친구 중 어느 쪽이 되고 싶나요?,,,k,1,,,수동 확정,
733,관계,늘 웃게 해주는 친구와 생각하게 만드는 친구 중 누가 더 끌리나요?,,,k,1,,,수동 확정,
732,관계,힘든 순간에 곁을 지키는 것과 좋은 순간을 축하하는 것 중 더 중요한 건 뭐라고 생각하나요?,,,r,1,,,수동 확정,
731,관계,로또에 당첨되면 누구에게까지 알릴 건가요?,L2,넓게 ↔ 깊게,s,6,,,수동 확정,
730,관계,인성은 아쉽지만 능력 좋은 동료와 인성은 좋지만 능력은 아쉬운 동료 중 누구와 함께하고 싶나요?,,,k,3,,,수동 확정,
729,관계,"10억을 준다면, 절친을 배신하는 것과 의리를 지키는 것 중 뭐가 더 끌리나요?",,,k,1,,,수동 확정,
728,관계,순간의 행복을 주는 힘과 오래가는 관계를 만드는 힘 중 뭐가 더 갖고 싶나요?,,,k,6,,,수동 확정,
727,관계,늘 들어주는 역할과 늘 털어놓는 역할 중 뭐가 더 편한가요?,L1,이끎 ↔ 맞춤,s,4,B,,수동 확정,
726,가치관,모든 게 공유되는 세상과 모든 게 비밀인 세상 중 뭐가 더 편안한가요?,,,k,4,,,수동 확정,
725,관계,모임을 이끄는 것과 따르는 것 중 어디에 더 가까운 편인가요?,L1,이끎 ↔ 맞춤,s,5,A,,수동 확정,
724,관계,너무 솔직해서 상처받는 친구 그룹과 불편한 주제를 피하는 친구 그룹 중 뭐가 더 좋은가요?,L3,솔직함 ↔ 배려함,s,1,A,,수동 확정,
723,관계,무모한 결정에도 무조건 지지해주는 것과 말려주는 것 중 뭐가 더 좋은가요?,L3,솔직함 ↔ 배려함,s,1,B,,수동 확정,
722,관계,친구가 내 실수를 솔직하게 말해주는 것과 그냥 넘어가 주는 것 중 뭐가 더 나은가요?,L3,솔직함 ↔ 배려함,s,1,A,,수동 확정,
721,사랑,연애는 SNS에 공개하는 것과 비공개로 두는 것 중 뭐가 더 편한가요?,S2,가까이 ↔ 각자,s,,B,,수동 확정,
720,관계,삶에서 일과 가족 중 뭐가 더 우선인가요?,,,k,2,,,수동 확정,
719,관계,5년을 혼자 지내는 것과 늘 사람들과 붙어 지내는 것 중 뭐가 더 편안한가요?,L2,넓게 ↔ 깊게,s,5,,,수동 확정,
718,관계,좋은 친구가 많지만 가난한 삶과 친구 없이 부유한 삶 중 뭐가 더 괜찮은가요?,,,k,1,,,수동 확정,
717,관계,가족의 마음과 대중의 평가 중 뭐가 더 중요한가요?,,,k,2,,,수동 확정,
716,관계,친구들에게 인정받는 것과 부모님께 인정받는 것 중 뭐가 더 중요한가요?,,,k,2,,,수동 확정,
715,관계,두려움의 대상과 사랑받는 사람 중 누가 더 되고 싶나요?,,,k,6,,,수동 확정,
714,관계,명절엔 가족과 있는 것과 친구들과 있는 것 중 뭐가 더 편한가요?,,,k,2,,,수동 확정,
713,관계,친구 관계에서 깊이와 넓이 중 뭐가 더 중요한가요?,L2,넓게 ↔ 깊게,s,1,,,수동 확정,
712,가치관,위험해도 나을 가능성에 도전하는 것과 안전하게 지내는 것 중 뭐가 더 나은가요?,V1,안정 ↔ 도전,s,2,B,,수동 확정,
711,루틴,잠들지 못하는 것과 깨지 못하는 것 중 뭐가 더 두렵나요?,R2,아침형 ↔ 밤형,s,1,B,,수동 확정,
709,가치관,많은 시간과 많은 에너지 중 뭐가 더 좋은가요?,,,k,4,,,수동 확정,
708,가치관,당장 소원 하나와 10년 후 소원 세 개 중 뭐가 더 좋은가요?,,,k,1,,,수동 확정,
707,루틴,몸의 컨디션과 마음의 안정 중 뭐가 더 먼저인가요?,,,r,2,,,수동 확정,
706,가치관,10분 늦는 것과 20분 일찍 오는 것 중 뭐가 더 편한가요?,,,k,2,,,수동 확정,
705,가치관,복잡해도 빠른 출근길과 여유롭지만 긴 출근길 중 뭐가 더 나은가요?,,,k,5,,,수동 확정,
704,감정,내 감정을 완전히 다스리는 능력과 타인의 감정을 읽는 능력 중 뭐가 더 갖고 싶나요?,,,k,3,,,수동 확정,
703,감정,감정을 못 드러내는 것과 못 숨기는 것 중 뭐가 덜 힘든가요?,E1,드러냄 ↔ 담아둠,s,2,B,,수동 확정,
702,감정,사랑을 못 느끼는 것과 두려움을 못 느끼는 것 중 뭐가 덜 두렵나요?,,,k,1,,,수동 확정,
701,감정,평생 남을 후회와 한순간의 창피함 중 뭐가 더 두렵나요?,,,k,5,,,수동 확정,
700,가치관,내 감정을 다스리는 것과 생각을 다스리는 것 중 뭐가 더 하고 싶나요?,,,k,6,,,수동 확정,
699,감정,감정을 강렬하게 느끼는 것과 잔잔하게 한결같이 느끼는 것 중 뭐가 더 나다운가요?,E2,민감함 ↔ 담담함,s,1,A,,수동 확정,
698,가치관,몸의 아픔을 못 느끼는 것과 마음의 아픔을 못 느끼는 것 중 뭐가 더 나은가요?,,,k,4,,,수동 확정,
697,감정,아파도 감정을 그대로 느끼는 것과 부정적인 감정을 안 느끼는 것 중 뭐가 더 좋나요?,,,k,1,,,수동 확정,
696,가치관,스트레스 없는 삶과 지루함 없는 삶 중 뭐가 더 끌리나요?,V1,안정 ↔ 도전,s,1,A,,수동 확정,
695,가치관,물건을 소유하는 삶과 경험을 쌓는 삶 중 뭐가 더 남나요?,,,k,1,,,수동 확정,
694,가치관,단순하게 사는 것과 복잡해도 풍부하게 사는 것 중 뭐가 더 나다운가요?,V1,안정 ↔ 도전,s,6,A,,수동 확정,
693,가치관,예술 없는 삶과 과학 없는 삶 중 뭐가 더 힘드나요?,,,k,1,,,수동 확정,
692,가치관,전기·인터넷 같은 기술을 포기하는 것과 영화·TV·책 같은 오락을 포기하는 것 중 뭐가 덜 아쉬운가요?,,,k,4,,,수동 확정,
691,가치관,작은 도시에서 사는 것과 대도시에서 사는 것 중 뭐가 더 나에게 맞나요?,V1,안정 ↔ 도전,s,4,A,,수동 확정,
690,취향,번화한 도시와 고요한 숲속 중 뭐가 더 끌리나요?,T2,혼자 즐김 ↔ 함께 즐김,s,3,B,,수동 확정,
689,가치관,인터넷 없이 사는 것과 냉난방 없이 사는 것 중 뭐가 더 나은가요?,,,k,4,,,수동 확정,
688,취향,도시의 작은 아파트와 시골의 넓은 집 중 뭐가 더 마음이 가나요?,,,k,3,,,수동 확정,
687,취향,손에 남는 선물과 마음에 남는 경험 중 뭐가 더 기억에 남나요?,T3,경험 ↔ 소유,s,4,B,,수동 확정,
686,취향,전액 지원 세계 여행과 현금 4천만 원 중 뭐가 더 마음이 가나요?,T3,경험 ↔ 소유,s,3,A,,수동 확정,
685,취향,여러 나라를 도는 여행과 한 곳에 머무는 여행 중 뭐가 더 마음이 가나요?,T1,익숙함 ↔ 새로움,s,3,B,,수동 확정,
684,관계,"친구와 만날 때 약속 장소는 주로 내가 정하나요, 친구가 정하나요?",L1,이끎 ↔ 맞춤,s,1,A,,수동 확정,
683,관계,친구에게 받으면 무조건 기분 좋은 선물은 무엇인가요?,,,k,1,,,수동 확정,
682,감정,하루 중 기분이 가장 좋은 시간은 언제인가요?,,,k,1,,,수동 확정,
681,루틴,오늘 하루 중 가장 차분했던 때는 언제인가요?,,,k,1,,,수동 확정,
680,취향,비 올 때 듣고 싶은 노래가 있나요?,,,k,,,,수동 확정,
679,사랑,설레는 첫 데이트 장소로 어디가 좋나요?,,,k,2,,,수동 확정,
678,관계,내가 좋아하는 사람들의 공통점은 무엇인가요?,,,r,6,,,수동 확정,
677,감정,누군가 나에 대해 쓴다면 어떤 제목의 책일까요?,,,r,6,,,수동 확정,
676,감정,최근에 누군가를 용서한 적이 있나요?,,,r,,,,수동 확정,
675,사랑,좋아하는 사람 앞에서만 나오는 나의 모습은 무엇인가요?,,,k,2,,,수동 확정,
673,취향,"케이크, 마카롱, 빙수 중 최애 디저트는 무엇인가요?",,,k,1,,,수동 확정,
672,감정,고통스러운 순간이 나에게 준 가르침이 있다면 무엇인가요?,,,r,3,,,수동 확정,
671,감정,최근에 느낀 감정 중 이름 붙이기 힘든 게 있었나요?,,,r,1,,,수동 확정,
670,감정,화가 날 때 마음을 풀기 위해 무엇을 하나요?,E3,혼자 추스름 ↔ 함께 풂,r,3,,,수동 확정,
669,관계,친구와 하면 무조건 재밌는 것은 무엇인가요?,,,k,1,,,수동 확정,
668,루틴,"주말 아침, 늦잠과 일찍 일어나기 중 뭐가 더 좋나요?",R2,아침형 ↔ 밤형,s,1,B,,수동 확정,
667,가치관,최근에 나의 한계를 느꼈던 적이 있나요?,,,r,,,,수동 확정,
666,감정,"나는 질투가 많은 편인가요, 없는 편인가요?",E2,민감함 ↔ 담담함,s,4,A,,수동 확정,
665,감정,두려운 일을 마주하면 주로 어떻게 하나요?,E3,혼자 추스름 ↔ 함께 풂,s,5,,,수동 확정,
664,사랑,좋아하는 사람이 가장 멋있어 보이는 순간은 언제인가요?,,,k,1,,,수동 확정,
663,루틴,하루 중 가장 많이 웃는 시간은 언제인가요?,,,k,1,,,수동 확정,
662,사랑,내가 생각하는 사랑은 무엇인가요?,,,r,5,,,수동 확정,
661,루틴,작은 일인데 괜히 뿌듯해지는 순간은 언제인가요?,,,k,2,,,수동 확정,
660,관계,먼 훗날 사람들이 나를 어떻게 기억해주면 좋겠나요?,,,r,6,,,수동 확정,
659,가치관,어떤 상황에서도 절대 하지 않을 것 같은 한 가지 일은 무엇인가요?,V3,원칙 ↔ 유연,r,3,,,수동 확정,
658,가치관,은근히 신경 쓰이는 미신이나 징크스가 있나요? 없다면 재밌다고 생각하는 미신을 알려주세요.,,,k,4,,,수동 확정,
657,관계,이 세상에서 가장 부러운 사람은 누구인가요?,,,k,6,,,수동 확정,
656,가치관,세상을 더 따뜻하게 만들기 위해서 하고 싶은 일은 무엇인가요?,V2,나 ↔ 우리,r,3,,,수동 확정,
655,가치관,지니를 만난다면 빌고 싶은 세 가지 소원은 무엇인가요?,,,k,1,,,수동 확정,
654,취향,가장 좋아하는 문장은 무엇인가요?,,,k,2,,,수동 확정,
653,가치관,능력과 상관없이 해보고 싶은 직업은 무엇인가요?,,,k,5,,,수동 확정,
652,가치관,인생에서 가장 감사하다고 느끼는 것은 무엇인가요?,,,r,1,,,수동 확정,
651,가치관,세상 누구든 한 명과 저녁을 먹을 수 있다면 누구를 고르겠어요?,,,k,6,,,수동 확정,
650,가치관,어떤 방식으로 유명해지고 싶나요?,,,k,1,,,수동 확정,
649,가치관,어떻게 죽게 될지에 대한 나만의 예감이 있나요?,,,k,4,,,수동 확정,
648,가치관,절대 장난스럽게 말할 수 없는 주제는 무엇인가요?,V3,원칙 ↔ 유연,r,3,,,수동 확정,
647,가치관,어떤 일이 있어도 꼭 지키고 싶은 하나의 물건은 무엇인가요?,,,k,6,,,수동 확정,
646,가치관,더 나은 내가 되기 위해 노력하고 있는 것은 무엇인가요?,,,r,5,,,수동 확정,
645,가치관,크게 성장했던 순간들의 공통점은 무엇인가요?,,,r,5,,,수동 확정,
644,가치관,포기할 때 나는 어떤 마음이 드나요?,,,r,5,,,수동 확정,
643,가치관,사람들이 잘 모르는 나의 반전 매력은 무엇인가요?,,,k,6,,,수동 확정,
642,가치관,최근 실수에서 배웠던 건 무엇이었나요?,,,r,5,,,수동 확정,
641,루틴,미래의 나를 위해 요즘 하고 있는 작은 일은 무엇인가요?,R1,계획 ↔ 즉흥,r,2,,,수동 확정,
640,관계,나의 생각을 가장 크게 바꾼 사람에게 배운 것은 무엇인가요?,,,r,6,,,수동 확정,
639,가치관,내가 꿈꾸는 진짜 멋진 나는 어떤 사람인가요?,,,r,6,,,수동 확정,
638,가치관,선택을 후회하지 않기 위한 나만의 방법은 무엇인가요?,V3,원칙 ↔ 유연,r,2,,,수동 확정,
637,관계,"나는 혼자 배우며 크는 편인가요, 사람들 속에서 크는 편인가요?",,,k,5,,,수동 확정,
636,가치관,요즘 나에게 도움이 된 말이나 조언은 무엇인가요?,,,k,5,,,수동 확정,
635,가치관,요즘 감사한 것 하나를 떠올려 볼까요?,,,k,1,,,수동 확정,
634,관계,관계에서 내가 절대 포기할 수 없는 0순위는 무엇인가요?,,,r,6,,,수동 확정,
633,가치관,평소 원칙을 지키려고 주로 어떤 방법을 쓰나요?,V3,원칙 ↔ 유연,r,3,,,수동 확정,
632,가치관,어른이 되었다고 느끼는 순간은 언제인가요?,,,r,4,,,수동 확정,
631,가치관,요즘 머릿속에 가장 자주 떠오르는 단어는 무엇인가요?,,,k,6,,,수동 확정,
630,가치관,예전보다 나아졌다고 느끼는 점은 무엇인가요?,,,r,5,,,수동 확정,
629,가치관,예전엔 당연했는데 지금은 다르게 보이는 것은 무엇인가요?,,,r,4,,,수동 확정,
628,가치관,평소 남 눈치 안 보고 정하는 건 주로 무엇인가요?,,,k,2,,,수동 확정,
627,가치관,다시 살아보고 싶은 하루는 언제인가요?,,,k,4,,,수동 확정,
626,가치관,요즘 나를 움직이게 하는 가장 큰 동력은 무엇인가요?,,,r,5,,,수동 확정,
625,가치관,예전과 달리 지금은 덤덤해진 일은 무엇인가요?,,,r,4,,,수동 확정,
624,가치관,최근에 배운 작은 교훈은 무엇인가요?,,,k,5,,,수동 확정,
623,가치관,최근 내가 내린 선택 중 잘했다 싶은 건 무엇인가요?,,,r,2,,,수동 확정,
622,가치관,내 인생에서 덜어내고 싶은 것은 무엇인가요?,,,r,4,,,수동 확정,
621,가치관,5년 뒤 나는 어떤 사람이 되어 있을까요?,,,r,6,,,수동 확정,
620,가치관,"나와 가장 닮은 영화, 책, 드라마 속 인물은 누구인가요?",,,k,6,,,수동 확정,
619,관계,믿음이 가장 크게 무너졌던 순간은 언제였나요?,,,r,6,,,수동 확정,
618,가치관,예전보다 조심스러워진 부분은 무엇인가요?,,,r,4,,,수동 확정,
617,가치관,과정이 나빠도 결과가 좋으면 괜찮나요?,V3,원칙 ↔ 유연,s,3,B,,수동 확정,
616,가치관,자존심 때문에 놓친 가장 소중한 것은 무엇인가요?,,,r,6,,,수동 확정,
615,가치관,통제할 수 없는 상황에서 어떻게 하나요?,V3,원칙 ↔ 유연,r,4,,,수동 확정,
614,가치관,절대 되고 싶지 않은 사람의 모습은 무엇인가요?,,,r,6,,,수동 확정,
613,가치관,시간이 지나며 더이상 중요하지 않게 된 건 무엇인가요?,,,r,4,,,수동 확정,
612,가치관,절대 바뀌지 않을 것 같은 내 생각은 무엇인가요?,V3,원칙 ↔ 유연,r,6,,,수동 확정,
611,가치관,사람은 변할 수 있다고 생각하나요?,,,k,6,,,수동 확정,
610,가치관,예전과 지금 생각이 가장 달라진 주제는 무엇인가요?,,,r,4,,,수동 확정,
609,루틴,자꾸만 미루게 되는 일은 무엇인가요?,R1,계획 ↔ 즉흥,k,3,,,수동 확정,
608,감정,채워지지 않는 결핍은 무엇인가요?,,,r,6,,,수동 확정,
607,감정,스스로를 위로해주고 싶은 순간은 언제인가요?,,,r,6,,,수동 확정,
606,가치관,"내가 생각하는 나와 남이 보는 나, 뭐가 다른가요?",,,r,6,,,수동 확정,
605,감정,"힘들지만 괜찮다고 넘긴 적 있다면, 어떤 순간이었나요?",,,r,3,,,수동 확정,
604,취향,요즘 가장 관심 있는 주제는 무엇인가요?,,,k,6,,,수동 확정,
603,가치관,TV에 나온다면 어떤 일로 나오게 될 것 같나요?,,,k,6,,,수동 확정,
602,가치관,죽기 전에 꼭 해보고 싶은 건 무엇인가요?,,,k,1,,,수동 확정,
601,가치관,"겉과 속이 다를 때, 나는 어떤 마음인가요?",,,r,6,,,수동 확정,
600,가치관,가장 이기고 싶을 땐 언제인가요?,,,k,6,,,수동 확정,
599,가치관,모두에게 이로운 거짓말은 괜찮다고 생각하나요?,V3,원칙 ↔ 유연,s,3,B,,수동 확정,
598,가치관,좋은 의도로 한 실수와 나쁜 의도로 한 선행 중 뭐가 더 나쁜가요?,V3,원칙 ↔ 유연,s,3,,,수동 확정,
597,가치관,재능과 노력 중 무엇이 더 중요하다고 생각하나요?,,,k,5,,,수동 확정,
596,가치관,다수의 의견과 내 생각이 다를 때 어떻게 하나요?,V3,원칙 ↔ 유연,r,2,,,수동 확정,
595,가치관,지금 나는 꿈과 현실 중 어느 쪽에 더 가까운가요?,V1,안정 ↔ 도전,s,4,,,수동 확정,
594,가치관,나에게 성공한 하루는 어떤 하루인가요?,,,r,1,,,수동 확정,
593,가치관,돈과 시간 중 더 소중한 건 무엇인가요?,,,k,4,,,수동 확정,
592,가치관,좋아하는 일과 잘하는 일 중 어느 쪽을 직업으로 삼고 싶나요?,V1,안정 ↔ 도전,s,5,,,수동 확정,
591,감정,꼭 잊고 싶은 기억은 무엇인가요?,,,r,5,,,수동 확정,
590,감정,"과거에 받은 상처 중 아직 아물지 않은 게 있다면, 어떤 건가요?",,,r,6,,,수동 확정,
589,가치관,가장 살아보고 싶은 시대는 언제인가요?,,,k,4,,,수동 확정,
588,감정,과거의 나에게 '괜찮아'라고 말해주고 싶은 순간은 언제인가요?,,,r,6,,,수동 확정,
587,가치관,지금 가장 간절히 원하는 것은 무엇인가요?,,,k,1,,,수동 확정,
586,가치관,언제 가장 살아있다고 느끼나요?,,,r,1,,,수동 확정,
585,감정,"나에게 엄격한 편인가요, 관대한 편인가요?",E4,다그침 ↔ 다독임,s,6,A,,수동 확정,
584,가치관,여유가 생기면 가장 먼저 챙기고 싶은 것은 무엇인가요?,,,k,1,,,수동 확정,
583,가치관,편안함과 성장 중 요즘의 나는 어느 쪽을 더 원하나요?,V1,안정 ↔ 도전,s,5,A,,수동 확정,
582,감정,"내 한계를 인정하는 게 쉬운가요, 어려운가요?",E4,다그침 ↔ 다독임,s,6,,,수동 확정,
581,가치관,내 생각을 쉽게 굽히지 않는 주제는 무엇인가요?,V3,원칙 ↔ 유연,r,6,,,수동 확정,
580,가치관,딱 하나 바꿀 수 있다면 바꾸고 싶은 나의 모습은 무엇인가요?,,,r,6,,,수동 확정,
579,가치관,나의 생각과 감정 중 뭘 더 믿나요?,,,k,2,,,수동 확정,
578,감정,스스로에게 가장 엄격해지는 순간은 언제인가요?,E4,다그침 ↔ 다독임,s,6,,,수동 확정,
577,가치관,내 인생에서 가장 비싸게 얻은 깨달음은 무엇인가요?,,,r,5,,,수동 확정,
576,가치관,"포기가 빠른 편인가요, 늦은 편인가요?",V1,안정 ↔ 도전,s,5,,,수동 확정,
575,관계,거절을 해야 할 때 나는 어떻게 하나요?,L3,솔직함 ↔ 배려함,r,4,,,수동 확정,
574,관계,남의 시선을 얼마나 의식하나요?,,,r,6,,,수동 확정,
573,사랑,가장 좋아했던 사람을 한 단어로 표현하면 무엇인가요?,,,k,1,,,수동 확정,
572,사랑,살면서 가장 설레었던 추억은 무엇인가요?,,,r,1,,,수동 확정,
571,사랑,가장 해보고 싶은 데이트는 무엇인가요?,,,k,2,,,수동 확정,
570,사랑,"이상형 중 특이한 조건이 있다면, 어떤 건가요?",,,k,1,,,수동 확정,
569,사랑,내 인생에서 사랑은 몇 순위쯤인가요? 이유도 알려주세요.,,,r,5,,,수동 확정,
568,관계,지금까지 만난 사람들의 공통점은 무엇인가요?,,,r,6,,,수동 확정,
567,사랑,마음이 몽글몽글해졌던 순간은 언제였나요?,,,k,1,,,수동 확정,
566,사랑,처음엔 별로였지만 나중에 좋아한 사람들의 특징은 무엇이었나요?,,,r,1,,,수동 확정,
565,사랑,이상형의 조건 중 양보할 수 있는 것과 없는 것은 무엇인가요?,,,r,1,,,수동 확정,
564,사랑,이상형 조건 중 가장 먼저 포기하는 포인트는 무엇인가요?,,,r,1,,,수동 확정,
563,사랑,끌리는 사람과 좋은 사람 중 누가 더 좋은가요?,S3,설렘 ↔ 안정,s,1,A,,수동 확정,
562,사랑,연인에게 절대 져줄 수 없는 것이 무엇인가요?,,,k,4,,,수동 확정,
561,사랑,전 애인과 친구가 될 수 있다고 생각하나요? ,,,k,5,,,수동 확정,
560,사랑,이별 후 얼마나 지나야 새 연애를 시작할 수 있을 것 같나요?,,,k,5,,,수동 확정,
559,사랑,사랑받고 있다고 느끼는 순간은 언제인가요?,,,r,3,,,수동 확정,
558,사랑,"좋아하는 사람에게 먼저 연락하나요, 기다리나요?",S1,말로 표현 ↔ 행동으로 표현,s,3,,,수동 확정,
557,사랑,좋아할 때 숨기기 어려운 건 무엇인가요?,,,k,3,,,수동 확정,
556,사랑,사랑에 빠지는 것과 사랑을 유지하는 것 중 무엇이 더 어려운가요?,S3,설렘 ↔ 안정,s,5,,,수동 확정,
555,사랑,"싸우면 바로 푸는 편인가요, 시간을 두는 편인가요?",,,k,4,,,수동 확정,
554,사랑,좋아하는 마음이 사랑으로 바뀌었다고 느끼는 순간은 언제인가요?,,,r,5,,,수동 확정,
553,사랑,연애할 때 혼자만의 시간은 어떤 의미인가요?,S2,가까이 ↔ 각자,r,2,,,수동 확정,
552,취향,어린 시절 가장 좋아했던 놀이는 무엇인가요?,,,k,5,,,수동 확정,
551,관계,친한 친구가 된다면 그 사람이 알아야 할 중요한 사항은 무엇인가요?,,,k,1,,,수동 확정,
550,관계,가족과 함께할 때 가장 편한 순간은 언제인가요?,,,k,2,,,수동 확정,
549,관계,"내가 자란 환경에서 바꿀 수 있다면, 무엇을 바꾸고 싶나요?",,,r,2,,,수동 확정,
548,관계,아빠(또는 보호자)와 닮은 점은 무엇인가요?,,,r,2,,,수동 확정,
547,관계,엄마(또는 보호자)와 닮은 점은 무엇인가요?,,,r,2,,,수동 확정,
546,관계,우정에서 무엇을 가장 중요하게 생각하나요?,,,r,1,,,수동 확정,
545,관계,소중한 사람에게 전하지 못했지만 꼭 하고픈 말은 무엇인가요?,,,r,6,,,수동 확정,
544,관계,좋은 친구라고 느끼는 순간은 언제인가요?,,,k,1,,,수동 확정,
543,관계,인간적으로 반하게 되는 사람들의 매력은 무엇인가요?,,,k,1,,,수동 확정,
542,관계,사람들이 나에 대해 자주 하는 말은 무엇인가요?,,,k,6,,,수동 확정,
541,관계,'지금이면 더 잘할 수 있을텐데..' 아쉬움이 남는 순간은 언제인가요?,,,r,6,,,수동 확정,
540,관계,나에게 가장 상처를 줬던 관계는 무엇이었나요?,,,r,6,,,수동 확정,
539,관계,내 인생에 가장 큰 영향을 준 사람에게 배운 것은 무엇인가요?,,,r,6,,,수동 확정,
538,관계,다시 연락이 닿는다면 반가울 사람은 어떤 사이인가요?,,,k,6,,,수동 확정,
537,관계,곁에 있어줘서 가장 고마운 사람은 누구인가요?,,,k,6,,,수동 확정,
536,관계,소중한 사람과 함께할 때 가장 좋아하는 순간은 언제인가요?,,,k,6,,,수동 확정,
535,관계,문득 연락하고 싶어지는 사람은 어떤 사이인가요?,,,k,6,,,수동 확정,
534,관계,"말을 다정하게 하는 편인가요, 직설적으로 하는 편인가요?",L3,솔직함 ↔ 배려함,s,4,B,,수동 확정,
533,관계,고마운 사람들의 특징은 무엇인가요?,,,r,6,,,수동 확정,
532,관계,가장 가까운 사람에게 꼭 전하고 싶은 말은 무엇인가요?,,,r,6,,,수동 확정,
531,관계,오늘 내가 누군가를 소리 내어 웃게 만들었나요?,,,k,6,,,수동 확정,
530,관계,먼저 다가가고 싶은데 망설여지는 순간은 언제인가요?,L1,이끎 ↔ 맞춤,r,5,,,수동 확정,
529,감정,다른 사람의 감정을 잘 알아채는 편인가요?,E2,민감함 ↔ 담담함,s,4,,,수동 확정,
528,관계,최근 대화 중 마음에 오래 남은 한마디는 무엇인가요?,,,k,4,,,수동 확정,
527,관계,지금 곁에 있는 사람 중 가장 소중한 사람의 어떤 점이 좋은가요?,,,k,6,,,수동 확정,
526,관계,관계에서 가장 에너지가 많이 드는 순간은 언제인가요?,,,r,6,,,수동 확정,
525,관계,"미안할 때 나는 말로 하나요, 행동으로 하나요?",,,k,4,,,수동 확정,
524,관계,"말을 건네고 싶었지만 꾹 참은 사람이 있다면, 어떤 말을 하고 싶었나요?",,,r,4,,,수동 확정,
523,관계,대화할 때 나는 조언과 공감 중 무엇을 더 원하나요?,,,k,4,,,수동 확정,
522,관계,"친해지는 데 오래 걸리는 편인가요, 금방 친해지는 편인가요?",L2,넓게 ↔ 깊게,s,5,,,수동 확정,
521,관계,누군가와 함께 있어서 편안하다고 느끼는 순간은 언제인가요?,,,k,6,,,수동 확정,
520,관계,나는 사람들에게 마음을 얼마나 열어두고 있나요?,L2,넓게 ↔ 깊게,s,6,,,수동 확정,
519,관계,내가 누군가에게 힘이 되었다고 느낀 순간은 언제인가요?,,,r,6,,,수동 확정,
518,관계,요즘 '고마워'라고 말하고 싶은 사람은 어떤 사람인가요?,,,k,6,,,수동 확정,
517,가치관,스스로에게 가장 자주 하는 다짐은 무엇인가요?,,,k,6,,,수동 확정,
516,관계,지금 가장 보고 싶은 존재는 무엇인가요?,,,k,6,,,수동 확정,
515,관계,최근에 가장 기분 좋게 이야기를 나눈 사람은 누구인가요?,,,k,6,,,수동 확정,
514,관계,요즘 마음을 가장 많이 쓰는 관계는 무엇인가요?,,,r,6,,,수동 확정,
513,감정,외로움이 밀려올 때 어떻게 행동하나요?,E3,혼자 추스름 ↔ 함께 풂,r,3,,,수동 확정,
512,관계,상황과 유전 중 사람을 더 크게 바꾸는 건 뭘까요?,,,k,6,,,수동 확정,
511,관계,다수 의견이랑 다를 때 말하는 편인가요? ,L1,이끎 ↔ 맞춤,s,4,,,수동 확정,
510,관계,실망해도 기회를 또 주는 편인가요? ,L3,솔직함 ↔ 배려함,s,4,,,수동 확정,
509,관계,가족에게 인정받고 싶은 부분은 무엇인가요?,,,r,2,,,수동 확정,
508,관계,"오래 알았는데 멀어진 사람이 있다면, 어떤 사이였나요?",,,r,6,,,수동 확정,
507,관계,가족들에게 솔직하게 말하기 어려운 부분은 무엇인가요?,,,r,2,,,수동 확정,
506,관계,관계가 기울어졌다고 느낄 때 나는 어떻게 하나요?,,,r,6,,,수동 확정,
505,관계,친구들이 말하는 나는 어떤 사람인가요?,,,k,1,,,수동 확정,
504,관계,친해지고 싶은 사람이 생기면 어떻게 하나요?,L1,이끎 ↔ 맞춤,r,5,,,수동 확정,
503,관계,관계가 자연스럽게 멀어질 때 어떻게 행동하나요?,,,r,6,,,수동 확정,
502,관계,나이가 들며 관계를 대하는 방식이 어떻게 달라졌나요?,,,r,6,,,수동 확정,
501,관계,인간관계에 쏟는 에너지는 어느 정도인가요?,L2,넓게 ↔ 깊게,s,6,,,수동 확정,
500,관계,의견이 다를 때 어떻게 대화를 풀어나가나요?,L3,솔직함 ↔ 배려함,r,4,,,수동 확정,
499,관계,넓고 얕은 관계와 좁고 깊은 관계 중 뭐가 더 좋나요?,L2,넓게 ↔ 깊게,s,6,A,,수동 확정,
498,관계,메시지와 전화 중 어떤 연락이 더 편한가요?,,,k,4,,,수동 확정,
497,관계,관계에서 주고받는 것의 균형을 중요하게 생각하나요?,,,r,6,,,수동 확정,
496,관계,"상대의 약한 모습을 알게 되면 더 가까워진 느낌인가요, 부담스러운가요?",,,r,6,,,수동 확정,
495,관계,오래된 관계와 새로운 관계 중 어디에 더 힘을 쓰나요?,L2,넓게 ↔ 깊게,s,6,,,수동 확정,
494,관계,친한 친구가 큰 잘못을 하고 숨겨달라고 하면 어떻게 할 것 같나요?,,,k,1,,,수동 확정,
493,관계,절친을 소개할 때 가장 먼저 말하고 싶은 장점은 무엇인가요?,,,k,1,,,수동 확정,
492,가치관,일과 삶의 균형을 위해 노력하고 있는 건 무엇인가요?,,,r,4,,,수동 확정,
491,루틴,요즘 충분한 휴식을 갖고 있나요?,R3,움직여 쉼 ↔ 머물러 쉼,k,4,,,수동 확정,
490,관계,남들에게 좋다고 말하지만 사실 꺼리는 건 무엇인가요?,L3,솔직함 ↔ 배려함,k,4,,,수동 확정,
489,감정,내 입버릇은 무엇인가요?,,,k,1,,,수동 확정,
488,루틴,이불 속에서 눈을 감으면 가장 먼저 떠오르는 생각은 뭔가요?,,,k,1,,,수동 확정,
487,루틴,가장 귀찮은 루틴은 무엇인가요?,,,k,2,,,수동 확정,
486,루틴,잠들기 전 핸드폰을 얼마나 보나요?,,,k,6,,,수동 확정,
485,루틴,잠 못 드는 밤에 주로 떠오르는 생각은 무엇인가요?,R2,아침형 ↔ 밤형,k,1,,,수동 확정,
484,루틴,자기 전에 하루를 돌아보면 어떤 장면이 주로 떠오르나요?,,,k,1,,,수동 확정,
483,루틴,기억에 남는 꿈 이야기를 들려주세요.,,,k,1,,,수동 확정,
482,루틴,꿈을 자주 꾸나요?,,,k,1,,,수동 확정,
481,루틴,가장 잘 쓰고 있는 구독 서비스나 앱은 무엇인가요?,,,k,6,,,수동 확정,
480,가치관,10년 후 나의 경제적 모습은 어떨 것 같나요?,,,r,5,,,수동 확정,
479,가치관,나에게 투자할 가치가 있는 분야는 무엇인가요?,,,k,5,,,수동 확정,
478,루틴,돈 걱정을 덜어주는 나만의 습관은 무엇인가요?,,,k,5,,,수동 확정,
477,가치관,나에게 '돈'이란 한마디로 무엇인가요?,,,r,5,,,수동 확정,
476,루틴,가장 돈을 아끼지 않는 분야는 무엇인가요?,,,k,5,,,수동 확정,
475,루틴,누군가에게 돈을 쓸 때 기분이 어떤가요?,,,r,5,,,수동 확정,
474,루틴,한 달에 가장 많이 쓰는 카테고리가 뭔가요?,,,k,5,,,수동 확정,
473,취향,물건을 살 때 포기 못하는 기준은 무엇인가요?,T3,경험 ↔ 소유,k,4,,,수동 확정,
472,루틴,성취감을 느끼는 순간은 주로 언제인가요?,,,r,2,,,수동 확정,
471,루틴,나만의 작은 성취를 어떻게 축하하고 있나요?,,,k,2,,,수동 확정,
470,루틴,건강을 위해 올해 해보고 싶은 것은 무엇인가요?,,,k,2,,,수동 확정,
469,루틴,"모든 귀찮은 날엔 쉬는 편인가요, 그래도 하는 편인가요?",R1,계획 ↔ 즉흥,s,2,B,,수동 확정,
468,루틴,주변인이 보는 '몰입하는 나'는 어떤 사람인가요?,,,r,3,,,수동 확정,
467,취향,운동할 때 혼자하는 것과 같이 하는 것 중 무엇이 더 좋은가요?,T2,혼자 즐김 ↔ 함께 즐김,s,5,A,,수동 확정,
466,루틴,운동 후에 꼭 하는 것은 무엇인가요? 운동을 안 한다면 나만의 휴식법을 알려주세요.,R3,움직여 쉼 ↔ 머물러 쉼,k,4,,,수동 확정,
465,루틴,운동 전에 꼭 하는 것은 무엇인가요? 운동을 안 한다면 해보고 싶은 운동을 알려주세요.,R3,움직여 쉼 ↔ 머물러 쉼,k,2,,,수동 확정,
464,루틴,이동할 때 어떻게 시간을 보내나요?,,,k,6,,,수동 확정,
463,루틴,공간이 깨끗해지면 마음도 달라지나요?,,,r,6,,,수동 확정,
462,루틴,지금 당장 버리고 싶은 것은 무엇인가요?,,,k,6,,,수동 확정,
461,루틴,누군가 내 방에 오면 신경 쓰이나요?,,,k,6,,,수동 확정,
460,루틴,"주변이 어수선하면 바로 치우는 편인가요, 그냥 두는 편인가요?",R1,계획 ↔ 즉흥,s,6,A,,수동 확정,
459,루틴,지금 내 방을 한 단어로 표현하면 무엇인가요?,,,k,6,,,수동 확정,
458,루틴,나만의 정리 규칙은 무엇인가요?,R1,계획 ↔ 즉흥,k,6,,,수동 확정,
457,루틴,버릴지 말지 고민될 때 나의 기준은 무엇인가요?,,,r,6,,,수동 확정,
456,루틴,집중할 때 꼭 옆에 두어야하는 것은 무엇인가요?,,,k,3,,,수동 확정,
455,감정,시험이나 발표 전에 긴장하는 편이에요?,E2,민감함 ↔ 담담함,s,5,A,,수동 확정,
454,가치관,"잘하고 싶은 마음 vs 해야 하는 마음, 뭐가 더 크나요?",,,r,5,,,수동 확정,
453,루틴,마음 편히 쉬기 어려울 때는 언제인가요?,,,r,4,,,수동 확정,
452,루틴,휴식시간에 주로 무엇을 하나요?,R3,움직여 쉼 ↔ 머물러 쉼,k,4,,,수동 확정,
451,루틴,어떤 상황에 주로 번아웃이 왔나요?,,,r,3,,,수동 확정,
450,루틴,집중이 안될 때 다시 집중하는 나만의 방법은 무엇인가요?,,,k,3,,,수동 확정,
449,루틴,타이머나 시간 관리 도구를 쓰나요?,R1,계획 ↔ 즉흥,s,6,A,,수동 확정,
448,루틴,"막힐 때 혼자 파고드는 편인가요, 도움을 요청하는 편인가요?",,,k,3,,,수동 확정,
447,루틴,"여러 일을 동시에 하는 편인가요, 하나에 몰입하는 편인가요?",R1,계획 ↔ 즉흥,s,3,A,,수동 확정,
446,루틴,무언가에 한 번 몰입하면 집중력은 보통 얼마나 지속되나요?,,,k,3,,,수동 확정,
445,루틴,"집중할 때 음악을 듣는 편인가요, 조용한 게 좋은가요?",,,k,3,,,수동 확정,
444,루틴,어디서 공부하는 게 가장 잘 되나요?,,,k,3,,,수동 확정,
443,루틴,집중이 가장 잘 되는 시간대는 언제인가요?,R2,아침형 ↔ 밤형,s,3,,,수동 확정,
441,루틴,몸을 움직이고 난 뒤의 기분은 어떤가요?,R3,움직여 쉼 ↔ 머물러 쉼,k,4,,,수동 확정,
440,루틴,몸을 움직이면 나에게 어떤 변화가 생기나요?,R3,움직여 쉼 ↔ 머물러 쉼,r,2,,,수동 확정,
439,루틴,좋아하는 운동은 어떤 운동인가요?,R3,움직여 쉼 ↔ 머물러 쉼,k,2,,,수동 확정,
438,루틴,몸을 움직이고 싶어지는 계기는 무엇인가요?,R3,움직여 쉼 ↔ 머물러 쉼,k,2,,,수동 확정,
437,루틴,"손이 안 가서 끝까지 붙잡고 있었던 일이 있다면, 어떤 건가요?",,,k,3,,,수동 확정,
436,루틴,계획보다 시간이 훨씬 더 오래 걸린 일은 무엇인가요?,R1,계획 ↔ 즉흥,k,3,,,수동 확정,
435,루틴,요즘 가장 정리하고 싶은 것은 무엇인가요?,,,k,6,,,수동 확정,
434,루틴,"아침형인가요, 저녁형인가요? 하루 중 가장 좋아하는 시간은?",R2,아침형 ↔ 밤형,s,1,A,,수동 확정,
433,루틴,요즘 스스로를 칭찬하고 싶은 순간은 주로 언제인가요?,,,k,2,,,수동 확정,
432,루틴,"나는 계획적으로 사는 편인가요, 즉흥적으로 사는 편인가요?",R1,계획 ↔ 즉흥,s,3,A,,수동 확정,
431,루틴,최근에 가장 많이 반복한 행동은 무엇인가요?,,,k,2,,,수동 확정,
430,루틴,나도 모르게 과하게 하는 것은 무엇인가요?,,,k,2,,,수동 확정,
429,루틴,요즘 일상에서 가장 좋아하는 순간은 언제인가요?,,,k,1,,,수동 확정,
428,루틴,더이상 미루고 싶지 않은 일은 무엇인가요?,R1,계획 ↔ 즉흥,k,3,,,수동 확정,
427,루틴,하루 중 몸이 가장 바쁜 시간은 언제인가요?,R2,아침형 ↔ 밤형,k,1,,,수동 확정,
426,루틴,요즘 나의 에너지를 가장 많이 쓰게 하는 일은 무엇인가요?,,,k,3,,,수동 확정,
425,루틴,아무 생각 없이 반복하는 나의 습관은 무엇인가요?,,,k,2,,,수동 확정,
424,루틴,딱 5분만 투자해서 매일 하고 싶은 작은 습관은 무엇인가요?,,,k,2,,,수동 확정,
423,루틴,바쁠 때 가장 먼저 포기하는 것은 무엇인가요?,,,k,3,,,수동 확정,
422,루틴,"나도 모르게 반복하는, 조금 신경 쓰이는 버릇은 무엇인가요?",,,k,2,,,수동 확정,
421,루틴,지하철이나 버스에서 주로 무엇을 하며 시간을 보내나요?,,,k,6,,,수동 확정,
420,루틴,약속 없는 휴일엔 무엇을 하나요?,R3,움직여 쉼 ↔ 머물러 쉼,s,4,,,수동 확정,
419,루틴,잠들기 전 주로 무엇을 하나요?,R2,아침형 ↔ 밤형,k,1,,,수동 확정,
418,취향,오래 쓰는 물건에 정이 드는 편인가요? ,T3,경험 ↔ 소유,s,4,,,수동 확정,
417,루틴,"최근에 시작한 일 중 루틴에 넣고 싶은 일이 있다면, 어떤 건가요?",,,k,2,,,수동 확정,
416,가치관,워라밸이 얼마나 중요한가요?,,,r,4,,,수동 확정,
415,루틴,계획이 바뀌었을 때 어떻게 행동하나요?,R1,계획 ↔ 즉흥,s,3,,,수동 확정,
414,루틴,아침형 인간인가요 저녁형 인간인가요?,R2,아침형 ↔ 밤형,s,1,A,,수동 확정,
413,관계,미안하다는 표현을 잘하는 편인가요? ,L3,솔직함 ↔ 배려함,s,4,,,수동 확정,
412,관계,고마운 마음을 잘 표현하는 편인가요? ,,,k,4,,,수동 확정,
411,감정,감정의 회복 속도가 빠른 편인가요 혹은 느린편인가요?,E2,민감함 ↔ 담담함,s,3,B,,수동 확정,
410,감정,감정을 글로 쓰면 정리가 되나요? 쓰고 나면 뭐가 달라지나요?,E3,혼자 추스름 ↔ 함께 풂,s,3,A,,수동 확정,
409,감정,나이가 들면서 가장 달라진 감정은 무엇인가요?,,,r,1,,,수동 확정,
408,감정,만약 감정이 사라진다면 어떨까요?,,,r,1,,,수동 확정,
407,감정,"미래가 불안할 때, 어떤 부분이 가장 걱정되나요?",,,k,5,,,수동 확정,
406,감정,혼자 있을 때 불안함을 어느정도 느끼나요?,E2,민감함 ↔ 담담함,s,5,,,수동 확정,
405,감정,요즘 가장 큰 걱정은 무엇인가요?,,,k,5,,,수동 확정,
404,감정,가장 두려운 실패는 무엇인가요?,,,k,5,,,수동 확정,
403,감정,밤마다 불안하게 만드는 고민은 주로 무엇인가요?,,,k,5,,,수동 확정,
402,감정,가장 위로가 되는 말은 무엇인가요?,,,k,3,,,수동 확정,
401,감정,감정이 몰려와 힘들 때 주로 무엇을 하나요?,E3,혼자 추스름 ↔ 함께 풂,s,3,,,수동 확정,
400,감정,혼자 울 때와 누군가 앞에서 울 때가 다른가요?,E1,드러냄 ↔ 담아둠,s,2,,,수동 확정,
399,감정,"울고 싶을 때 참는 편인가요, 우는 편인가요?",E1,드러냄 ↔ 담아둠,s,2,B,,수동 확정,
398,감정,화난 감정이 얼마나 오래가나요?,E2,민감함 ↔ 담담함,s,4,,,수동 확정,
397,감정,나만의 짜증이 나는 포인트는 무엇인가요?,,,k,4,,,수동 확정,
396,감정,"참다가 폭발하는 편인가요, 그때그때 표현하는 편인가요?",E1,드러냄 ↔ 담아둠,s,2,B,,수동 확정,
395,감정,화가 나면 어떻게 표현하나요?,E1,드러냄 ↔ 담아둠,s,2,,,수동 확정,
394,감정,다른 사람의 감정에 얼마나 예민하게 반응하는 편인가요?,E2,민감함 ↔ 담담함,s,4,,,수동 확정,
393,감정,"감정을 정리한 뒤에 대화하는 편인가요, 대화하면서 정리하는 편인가요?",E3,혼자 추스름 ↔ 함께 풂,s,3,A,,수동 확정,
392,감정,남들보다 자주 느끼는 감정은 무엇인가요?,,,k,1,,,수동 확정,
391,감정,가장 실망하는 순간은 어떤 때인가요?,,,k,4,,,수동 확정,
390,감정,감정에 쉽게 휘둘리는 편인가요? ,E2,민감함 ↔ 담담함,s,4,A,,수동 확정,
389,감정,감정을 숨기기 어려워하는 편인가요?,E1,드러냄 ↔ 담아둠,s,2,A,,수동 확정,
388,취향,나만 알고 싶은 나의 작은 비밀 취향은 무엇인가요?,,,k,6,,,수동 확정,
387,가치관,싫어하는 것이 나에게 주는 의외의 이점이 있을까요?,,,r,6,,,수동 확정,
386,감정,힘든 일이 생기면 어떻게 버티나요?,E3,혼자 추스름 ↔ 함께 풂,s,3,,,수동 확정,
385,감정,스스로 더 아껴주고 싶은 나의 모습은 무엇인가요?,,,r,6,,,수동 확정,
384,감정,나도 이해할 수 없는 내 모습은 무엇인가요?,,,r,6,,,수동 확정,
383,가치관,사람들이 잘 모르는 나의 의외의 모습은 무엇인가요?,,,k,6,,,수동 확정,
381,감정,가장 소중한 기억은 무엇인가요?,,,r,1,,,수동 확정,
380,감정,하나의 감정을 더 이상 느끼지 않을 수 있다면 무엇을 고르고 싶나요?,,,k,1,,,수동 확정,
379,감정,울고 나면 기분이 나아지는 편인가요?,E1,드러냄 ↔ 담아둠,s,2,A,,수동 확정,
378,감정,하나의 감정만 느낄 수 있다면 무엇을 남기고 싶나요?,,,k,1,,,수동 확정,
377,감정,나의 에너지 충전 방법은 무엇인가요?,E3,혼자 추스름 ↔ 함께 풂,s,3,,,수동 확정,
376,감정,유독 티내기 힘든 감정은 무엇인가요?,,,k,2,,,수동 확정,
374,감정,다시 느끼고 싶지 않은 감정은 무엇인가요?,,,k,1,,,수동 확정,
373,감정,오래 간직하고 싶은 감정은 무엇인가요?,,,k,1,,,수동 확정,
372,감정,지금 내 마음이 가장 간절하게 외치는 소망은 무엇인가요?,,,r,6,,,수동 확정,
371,감정,지금 내 마음의 색깔을 고른다면 어떤 색인가요?,,,k,1,,,수동 확정,
370,감정,아침에 눈을 뜨면 가장 먼저 드는 기분은 주로 어떤가요?,,,k,1,,,수동 확정,
369,감정,가장 마주하기 싫은 감정은 무엇인가요?,,,k,1,,,수동 확정,
368,감정,지금 내 기분을 한 단어로 말하면 무엇인가요?,,,k,1,,,수동 확정,
367,감정,요즘 누군가에게 털어놓고 싶은 마음은 무엇인가요?,,,k,2,,,수동 확정,
366,감정,"마음이 무거울 때, 어떻게 행동하나요?",E3,혼자 추스름 ↔ 함께 풂,s,3,,,수동 확정,
365,감정,나를 가장 쉽게 지치게 만드는 것은 무엇인가요?,,,k,4,,,수동 확정,
364,감정,나를 가장 강하게 흔드는 감정은 무엇인가요?,,,k,4,,,수동 확정,
363,감정,감정이 무뎌졌다고 느낄 때 나는 어떻게 하나요?,,,r,3,,,수동 확정,
362,감정,기분이 갑자기 바뀌는 순간은 주로 언제인가요?,E2,민감함 ↔ 담담함,s,4,,,수동 확정,
361,감정,기분이 예상과 다르게 흘러갈 때 어떻게 하나요?,E3,혼자 추스름 ↔ 함께 풂,s,3,,,수동 확정,
360,감정,요즘 가장 자주 느끼는 감정은 무엇인가요?,,,k,1,,,수동 확정,
359,감정,나를 버티게 하는 힘은 무엇인가요?,,,k,3,,,수동 확정,
358,감정,마음이 흐릿하고 가라앉는 날은 주로 어떤 날인가요?,,,k,1,,,수동 확정,
357,감정,기분이 가라앉았을 때 힘이 되는 것은 무엇인가요?,E3,혼자 추스름 ↔ 함께 풂,s,3,,,수동 확정,
356,감정,"오늘 아주 잠깐이라도 행복이 스친 순간이 있다면, 어떤 순간이었나요?",,,k,1,,,수동 확정,
355,감정,감정을 억누르기 힘든 순간은 주로 언제인가요?,E1,드러냄 ↔ 담아둠,s,2,,,수동 확정,
354,감정,하루 중 가장 기분이 가라 앉는 순간은 언제인가요?,,,k,1,,,수동 확정,
353,감정,내가 나에게 가장 듣고 싶은 칭찬은 무엇인가요?,,,r,6,,,수동 확정,
352,감정,나를 가장 잘 설명해주는 노래는 무엇인가요?,,,k,6,,,수동 확정,
351,감정,낯설게만 느껴지는 감정은 무엇인가요?,,,k,1,,,수동 확정,
350,감정,몸과 마음이 기분 좋게 늘어지는 순간은 언제인가요?,,,k,3,,,수동 확정,
349,감정,울컥할 때 나는 주로 어떻게 넘기나요?,E1,드러냄 ↔ 담아둠,s,2,,,수동 확정,
348,감정,요즘 하루를 한 단어로 표현하면 무엇일까요?,,,k,1,,,수동 확정,
347,감정,힘든 날 나를 달래주는 나만의 방법은 무엇인가요?,E3,혼자 추스름 ↔ 함께 풂,s,3,,,수동 확정,
346,감정,지금 내 머릿속에 흐르는 BGM은 무엇인가요?,,,k,1,,,수동 확정,
345,감정,최근 나에게 고생했다고 토닥여주고 싶은 날은 언제였나요?,,,r,6,,,수동 확정,
344,감정,멍하니 있고 싶을 때는 언제인가요?,,,k,3,,,수동 확정,
343,감정,"내가 느끼는 감정과 남들이 보는 내 감정, 얼마나 다른가요?",E1,드러냄 ↔ 담아둠,s,2,,,수동 확정,
342,감정,감정이 격해질 때 말이 많아지나요 적어지나요?,E1,드러냄 ↔ 담아둠,s,2,A,,수동 확정,
341,취향,평소 어떤 상상을 가장 자주 하나요?,,,k,6,,,수동 확정,
340,취향,집에 방이 하나 더 생긴다면 무엇을 하는 장소로 만들고 싶나요?,,,k,3,,,수동 확정,
339,취향,유튜버가 된다면 어떤 콘텐츠를 올리고 싶나요?,,,k,2,,,수동 확정,
338,취향,더 깊이 알고 싶은 분야나 주제는 무엇인가요?,,,k,6,,,수동 확정,
337,루틴,나에게 진짜 휴식은 어떤 모습인가요?,R3,움직여 쉼 ↔ 머물러 쉼,r,4,,,수동 확정,
336,감정,복잡한 마음을 잠시 쉬게 해주는 것은 무엇인가요?,E3,혼자 추스름 ↔ 함께 풂,s,3,,,수동 확정,
335,취향,돈이 아깝지 않았던 소비는 무엇인가요?,T3,경험 ↔ 소유,s,4,,,수동 확정,
334,취향,요즘 가장 꽂혀 있는 키워드는 무엇인가요?,,,k,6,,,수동 확정,
333,취향,가장 좋아하는 소리나 향기는 무엇인가요?,,,k,1,,,수동 확정,
332,취향,오늘 먹은 것 중 기분까지 완벽하게 충전해준 메뉴는 무엇인가요?,,,k,1,,,수동 확정,
331,취향,기록으로 남기고 싶은 순간은 주로 어떤 때인가요?,,,k,6,,,수동 확정,
330,취향,돈 걱정 없이 한 달 살기 한다면 어디로 가고 싶나요?,,,k,3,,,수동 확정,
329,취향,하루만 다른 사람으로 살 수 있다면 어떤 사람으로 살고 싶나요?,,,k,6,,,수동 확정,
328,취향,모으고 있는 물건이 있나요? 없다면 자꾸 사게 되는 물건을 알려주세요.,,,k,4,,,수동 확정,
327,취향,유독 마음이 끌리는 외국어가 있다면 무엇인가요?,,,k,2,,,수동 확정,
326,취향,평소 좋아하는 스타일링 분위기는 무엇인가요? 옷·헤어·메이크업 무엇이든 좋아요.,,,k,6,,,수동 확정,
325,취향,마음에 오래 남은 문장은 무엇인가요?,,,k,2,,,수동 확정,
324,취향,지금 당장 떠나고 싶은 여행지는 어디인가요?,,,k,3,,,수동 확정,
323,취향,가장 좋아하는 브랜드는 무엇인가요?,,,k,4,,,수동 확정,
322,취향,좋아하는 계절과 시간대는 언제인가요?,,,k,1,,,수동 확정,
321,취향,"한 번쯤은 시도해보고 싶은 패션 스타일이 있다면, 어떤 건가요?",,,k,6,,,수동 확정,
320,취향,힘들 때마다 찾는 곳은 어디인가요?,,,k,3,,,수동 확정,
319,관계,반대되는 성격이 좋나요 아니면 비슷한 성격이 좋나요?,,,k,6,,,수동 확정,
318,취향,가장 좋아하는 게임은 무엇인가요?,,,k,2,,,수동 확정,
317,취향,노래방에 가면 꼭 부르는 노래는 무엇인가요?,,,k,2,,,수동 확정,
316,취향,가장 좋아하는 유튜버는 누구인가요?,,,k,2,,,수동 확정,
315,취향,새로운 걸 배울 때 나에게 맞는 방식은 무엇인가요?,,,k,6,,,수동 확정,
314,루틴,여행 갈 때 계획파인가요 무계획파인가요?,R1,계획 ↔ 즉흥,s,3,A,,수동 확정,
313,루틴,이동하는 시간에 나는 주로 무슨 생각을 하나요?,,,k,6,,,수동 확정,
312,취향,낮잠 자는 걸 좋아하나요?,,,k,5,,,수동 확정,
311,취향,취미에 일주일에 얼마나 시간을 쓰나요?,,,k,5,,,수동 확정,
310,취향,최애 잠옷은 무엇인가요?,,,k,4,,,수동 확정,
309,취향,"언젠가 살아보고 싶은 곳이 있다면, 어디인가요?",,,k,3,,,수동 확정,
308,취향,쉴 때마다 구경하는 앱은 무엇인가요?,,,k,2,,,수동 확정,
307,취향,인생 드라마는 무엇인가요?,,,k,2,,,수동 확정,
306,취향,최근 산 것 중 가장 만족스러운 건 무엇인가요?,,,k,4,,,수동 확정,
305,취향,위시리스트에서 가장 사고 싶은 것은 무엇인가요?,,,k,4,,,수동 확정,
304,취향,"사진을 많이 찍나요, 눈으로만 담는 것을 즐기나요?",T3,경험 ↔ 소유,s,5,B,,수동 확정,
303,취향,"야심 차게 시작했다가 금방 포기한 취미가 있다면, 어떤 건가요?",,,k,5,,,수동 확정,
302,취향,평생 한 가지 음식만 먹을 수 있다면 뭘 고르겠어요?,,,k,1,,,수동 확정,
301,취향,꼭 필요하진 않지만 사고 싶은 물건은 무엇인가요?,,,k,4,,,수동 확정,
300,가치관,버킷리스트 1순위는 무엇인가요?,,,k,1,,,수동 확정,
299,가치관,먼 훗날의 내가 지금의 나에게 해줄 말은 무엇일까요?,,,r,4,,,수동 확정,
298,관계,남과 나를 비교하게 될 때 어떤 생각이 드나요?,,,r,6,,,수동 확정,
297,가치관,도전을 해야할 때 나의 마음은 어떤가요?,V1,안정 ↔ 도전,r,5,,,수동 확정,
296,관계,나를 기억하는 사람들에게 어떤 인상을 남기고 싶나요?,,,r,6,,,수동 확정,
295,관계,"힘든 시간을 보내고 있는 사람에게, 어떤 말을 건네고 싶나요?",,,k,4,,,수동 확정,
294,가치관,억울한 일을 당했을 때 나는 어떻게 대처하나요?,V3,원칙 ↔ 유연,r,3,,,수동 확정,
293,가치관,나의 인생을 한 단어로 표현한다면 무엇인가요?,,,r,6,,,수동 확정,
291,가치관,그때 다른 선택을 했다면 어땠을까 싶은 순간은 언제인가요?,,,r,4,,,수동 확정,
290,가치관,"사람은 원래 착한가요, 노력해야 착해지나요?",,,k,3,,,수동 확정,
289,가치관,내가 가장 중요하게 생각하는 옳고 그름의 기준은 무엇인가요?,V3,원칙 ↔ 유연,r,3,,,수동 확정,
288,가치관,환경이나 이웃을 위해 챙기는 작은 습관이 있나요? 없다면 해보고 싶은 것을 알려주세요.,V2,나 ↔ 우리,k,3,,,수동 확정,
287,가치관,나에게 '일'은 어떤 의미인가요?,,,r,5,,,수동 확정,
286,가치관,다시 태어난다면 어떤 사람으로 살고 싶나요?,,,k,6,,,수동 확정,
285,가치관,돈으로 살 수 없는 것 중 가장 아끼는 건 무엇인가요?,,,r,1,,,수동 확정,
284,가치관,삶의 의미를 어디에서 찾나요?,,,r,1,,,수동 확정,
283,가치관,나의 가치관과 충돌하는 상황에서 나는 어떻게 하나요?,V3,원칙 ↔ 유연,r,3,,,수동 확정,
282,가치관,내 인생의 전환점이라고 부를 만한 일은 무엇인가요?,,,r,4,,,수동 확정,
281,관계,나에게 '가족'이란 어떤 존재인가요?,,,r,2,,,수동 확정,
280,루틴,요즘 내 일상은 일과 쉼 중 어느 쪽으로 기울어 있나요?,,,r,4,,,수동 확정,
279,가치관,100억이 생긴다면 내 삶의 목표가 바뀔까요?,,,r,1,,,수동 확정,
278,관계,내가 주변 사람들에게 줄 수 있는 좋은 영향은 뭘까요?,,,r,6,,,수동 확정,
277,가치관,내가 가장 자유롭다고 느끼는 순간은 언제인가요?,,,r,1,,,수동 확정,
276,가치관,죽음 너머에는 무엇이 기다리고 있다고 생각하나요?,,,k,4,,,수동 확정,
275,가치관,행복하려면 꼭 필요한 세 가지는 무엇인가요?,,,r,1,,,수동 확정,
274,가치관,손해를 봐도 지키고 싶은 원칙은 무엇인가요?,V3,원칙 ↔ 유연,r,3,,,수동 확정,
273,가치관,나는 '직감'을 믿는 편인가요?,,,k,2,,,수동 확정,
272,가치관,인생에서 '운'이 차지하는 비중은 어느 정도일까요?,,,k,4,,,수동 확정,
271,가치관,공정하지 않다고 느끼는 상황은 언제인가요?,V3,원칙 ↔ 유연,r,3,,,수동 확정,
270,가치관,나에게 '약속'은 어떤 무게인가요?,V3,원칙 ↔ 유연,r,3,,,수동 확정,
269,가치관,용기가 필요할 때 나는 어떻게 마음을 먹나요?,V1,안정 ↔ 도전,r,5,,,수동 확정,
268,가치관,시간이 가장 빨리 가는 순간은 언제인가요?,,,k,4,,,수동 확정,
267,관계,사람들에게 보여주고 싶은 나의 모습은 무엇인가요?,,,r,6,,,수동 확정,
266,가치관,내가 생각하는 '성실하다'는 건 어떤 건가요?,,,r,5,,,수동 확정,
264,가치관,실패했을 때 나를 일으켜 세우는 생각은 무엇인가요?,,,r,5,,,수동 확정,
263,가치관,매일 지키려고 노력하는 마음가짐은 무엇인가요?,,,r,6,,,수동 확정,
262,가치관,내가 생각하는 멋진 어른은 어떤 모습인가요?,,,r,6,,,수동 확정,
261,취향,돈을 기분 좋게 썼던 기억은 무엇인가요?,T3,경험 ↔ 소유,s,4,,,수동 확정,
260,가치관,나의 좌우명은 무엇인가요?,,,k,6,,,수동 확정,
259,가치관,나를 가장 설레게 하는 단어는 무엇인가요?,,,k,6,,,수동 확정,
258,가치관,무엇을 가장 배우고 싶나요?,,,k,5,,,수동 확정,
257,가치관,내가 생각하는 '부자'의 기준은 무엇인가요?,,,r,5,,,수동 확정,
256,취향,돈을 쓸 때 가장 아깝지 않은 곳은 어디인가요?,T3,경험 ↔ 소유,k,4,,,수동 확정,
255,가치관,가장 존경하는 인물은 누구인가요?,,,k,6,,,수동 확정,
254,가치관,5년 뒤 '잘 살고 있다'고 느끼려면 뭐가 필요할까요?,,,r,1,,,수동 확정,
253,가치관,가장 보람을 느끼는 순간은 언제인가요?,,,r,5,,,수동 확정,
252,가치관,지칠 때 주로 떠올리는 말은 무엇인가요?,,,k,5,,,수동 확정,
251,가치관,인생에서 가장 소중한 단어 3개는 무엇인가요?,,,r,1,,,수동 확정,
249,사랑,사랑하는 사람과 단둘이 보내는 시간이 왜 소중한가요?,,,r,5,,,수동 확정,
248,사랑,내 인생에서 사랑이 차지하는 비중은 몇 퍼센트쯤일까요?,,,r,5,,,수동 확정,
247,사랑,마음을 말로 표현하는 게 쉬운 편인가요?,S1,말로 표현 ↔ 행동으로 표현,s,3,,,수동 확정,
246,사랑,영원한 사랑이 있다고 생각하나요?,S3,설렘 ↔ 안정,s,5,,,수동 확정,
245,사랑,좋아하는 사람이 생기면 가장 먼저 변하는 것은 무엇인가요?,,,k,3,,,수동 확정,
243,사랑,사랑에 빠졌을 때 가장 두려운 건 뭘까요?,,,r,5,,,수동 확정,
242,사랑,사랑하는 사람과 함께 꿈꾸는 노후의 모습은 무엇인가요?,,,r,5,,,수동 확정,
241,사랑,사랑이 변한다고 믿나요 아니면 사람이 변한다고 믿나요?,,,r,5,,,수동 확정,
240,사랑,연애세포가 되살아나는 순간은 언제인가요?,S3,설렘 ↔ 안정,k,1,,,수동 확정,
239,사랑,사랑하는 사람을 위해 어디까지 양보할 수 있나요?,,,r,4,,,수동 확정,
238,사랑,사랑에서 '진심을 다한다'는 건 어떤 건가요?,,,r,5,,,수동 확정,
237,사랑,연애에서 가장 조심하는 부분은 무엇인가요?,,,r,4,,,수동 확정,
236,감정,나 자신을 사랑하는 방법은 무엇인가요?,,,r,6,,,수동 확정,
235,사랑,"관계가 끝날 때 나는 빨리 정리하는 편인가요, 오래 걸리는 편인가요?",,,k,4,,,수동 확정,
234,사랑,사랑하는 사람에게 서운할 때 나는 어떻게 행동하나요?,,,r,4,,,수동 확정,
233,사랑,오래된 연인들의 편안함과 설렘 중 무엇이 더 좋은가요?,S3,설렘 ↔ 안정,s,5,B,,수동 확정,
232,사랑,결혼에 대한 나의 생각은 어떤가요?,,,r,5,,,수동 확정,
231,사랑,연애를 시작할 때 절대 넘어갈 수 없는 포인트는 무엇인가요?,,,r,1,,,수동 확정,
230,사랑,사랑하는 사람이 슬플 때 나는 어떻게 대처하나요?,,,r,3,,,수동 확정,
229,사랑,좋은 연애는 나를 어떻게 바꾼다고 생각하나요?,,,r,5,,,수동 확정,
228,사랑,사랑하는 사람과 꼭 나눠보고 싶은 대화 주제는 무엇인가요?,,,k,2,,,수동 확정,
227,사랑,사랑하는 사람과 다툼이 생기면 어떻게 해결하나요?,,,r,4,,,수동 확정,
226,사랑,내가 생각하는 '좋은 연인'은 어떤 사람인가요?,,,r,1,,,수동 확정,
225,사랑,연애할 때 가장 중요하게 보는 성격은 무엇인가요?,,,k,1,,,수동 확정,
224,사랑,질투심이 들 때 나는 어떻게 반응하나요?,S2,가까이 ↔ 각자,r,4,,,수동 확정,
223,사랑,사랑과 우정의 경계선은 어디라고 생각하나요?,,,r,5,,,수동 확정,
222,사랑,이상형과 실제로 끌리는 사람은 얼마나 닮았나요?,,,k,1,,,수동 확정,
221,사랑,좋아하는 사람에게 주고 싶은 선물은 무엇인가요?,S1,말로 표현 ↔ 행동으로 표현,k,3,,,수동 확정,
220,사랑,가장 기억에 남는 고백의 순간은 언제인가요?,,,k,1,,,수동 확정,
219,사랑,누군가를 귀엽다고 느끼는 순간은 주로 언제인가요?,,,k,1,,,수동 확정,
218,사랑,연애할 때 나의 연락 스타일은 어떤가요?,S2,가까이 ↔ 각자,k,2,,,수동 확정,
217,사랑,설렘의 유통기한은 언제까지라고 생각하나요?,S3,설렘 ↔ 안정,s,5,,,수동 확정,
216,사랑,좋아하는 사람의 외모에서 끌리는 포인트는 무엇인가요?,,,k,1,,,수동 확정,
215,사랑,사랑하는 사람과 매일 하고 싶은 사소한 일은 무엇인가요?,S2,가까이 ↔ 각자,k,2,,,수동 확정,
214,사랑,"첫눈에 반하는 편인가요, 천천히 스며드는 편인가요?",S3,설렘 ↔ 안정,s,1,A,,수동 확정,
213,사랑,내가 생각하는 사랑은 어떤 느낌인가요?,,,r,5,,,수동 확정,
212,사랑,좋아하는 사람에게 제일 먼저 보여주고 싶은 내 모습은 뭘까요?,,,k,2,,,수동 확정,
211,사랑,좋아하는 마음이 생길 때 가장 먼저 티 나는 행동은 무엇인가요?,S1,말로 표현 ↔ 행동으로 표현,k,3,,,수동 확정,
209,관계,상대가 진심이라고 느끼게 되는 행동은 무엇인가요?,,,r,6,,,수동 확정,
208,관계,관계에서 가장 힘든 순간은 어떤 때인가요?,,,r,6,,,수동 확정,
207,관계,나를 기억할 때 사람들이 떠올렸으면 하는 이미지는 무엇인가요?,,,r,6,,,수동 확정,
206,관계,사람들에게 어떤 부분에서 인정받고 싶나요?,,,r,6,,,수동 확정,
205,관계,누군가를 믿게 되는 순간은 언제인가요?,,,r,6,,,수동 확정,
204,관계,사람들과 헤어지고 집에 가는 길에 드는 생각은 무엇인가요?,,,k,5,,,수동 확정,
203,관계,나를 가장 화나게 하는 말은 무엇인가요?,,,k,4,,,수동 확정,
202,관계,다른 사람의 좋은 소식을 들으면 어떤 마음이 먼저 드나요?,,,r,6,,,수동 확정,
201,관계,사람들 앞의 나와 혼자 있을 때의 나는 어떻게 다른가요?,,,r,5,,,수동 확정,
200,관계,내가 꿈꾸는 이상적인 관계는 어떤 모습인가요?,,,r,6,,,수동 확정,
199,관계,나를 진심으로 아껴주는 사람들의 행동은 무엇인가요?,,,r,6,,,수동 확정,
198,관계,사람들과 빨리 친해지는 편인가요?,L2,넓게 ↔ 깊게,s,5,,,수동 확정,
197,관계,사람들에게 내가 줄 수 있는 도움은 무엇인가요?,,,r,6,,,수동 확정,
196,관계,새로운 사람을 만나는 게 설레나요 혹은 부담되나요?,L2,넓게 ↔ 깊게,s,5,A,,수동 확정,
195,관계,가장 오래된 친구와의 추억 하나를 들려주세요.,,,k,1,,,수동 확정,
194,관계,약한 모습을 보여주기 쉬운 사람은 어떤 사람인가요?,,,r,6,,,수동 확정,
193,관계,주변 사람에게 배우고 싶은 점은 무엇인가요?,,,k,6,,,수동 확정,
192,관계,가까운 사람에게 가장 듣고 싶은 말은 무엇인가요?,,,k,6,,,수동 확정,
191,관계,나를 지치게 하는 관계는 어떤 모습인가요?,,,r,6,,,수동 확정,
190,관계,관계를 정리하게 되는 순간은 언제인가요?,,,r,6,,,수동 확정,
189,관계,나를 바꾸려 하는 사람을 만나면 어떻게 하나요?,L3,솔직함 ↔ 배려함,r,4,,,수동 확정,
188,관계,말이나 행동을 조심하게 되는 상황은 언제인가요?,,,r,4,,,수동 확정,
187,관계,소중한 관계를 지키기 위해 어떤 노력을 하나요?,,,r,6,,,수동 확정,
186,관계,나를 믿어주는 사람들의 공통점은 무엇인가요?,,,r,6,,,수동 확정,
185,관계,여러 사람 사이에서 나는 어떤 자리에 있을 때 편한가요?,L1,이끎 ↔ 맞춤,s,5,,,수동 확정,
184,관계,사람들에게 내 이야기를 잘 하는 편인가요?,L3,솔직함 ↔ 배려함,s,4,,,수동 확정,
183,관계,"다투고 나면 먼저 사과하는 편인가요, 기다리는 편인가요?",L1,이끎 ↔ 맞춤,s,4,A,,수동 확정,
182,관계,오해가 생겼을 때 어떻게 대처하나요?,L3,솔직함 ↔ 배려함,r,4,,,수동 확정,
181,관계,나를 있는 그대로 봐주는 사람은 어떤 사람인가요?,,,r,6,,,수동 확정,
180,관계,다른 사람 칭찬을 잘해주는 편인가요? ,,,k,4,,,수동 확정,
179,관계,사람들과 어울리는 것과 혼자 있는 것 중 무엇이 더 좋나요?,L2,넓게 ↔ 깊게,s,5,,,수동 확정,
178,관계,주로 어떤 사람과 함께 있으면 성장한다고 느끼나요?,,,r,6,,,수동 확정,
177,관계,누군가에게 실망했을 때 어떤 태도를 취하나요?,L3,솔직함 ↔ 배려함,r,4,,,수동 확정,
176,관계,내가 생각하는 '좋은 사람'의 기준은 무엇인가요?,,,r,6,,,수동 확정,
175,관계,힘들게 하는 사람과 어떻게 거리를 두는 편인가요?,L3,솔직함 ↔ 배려함,r,4,,,수동 확정,
174,감정,관계에서 오는 스트레스를 어떻게 해결하나요?,E3,혼자 추스름 ↔ 함께 풂,r,3,,,수동 확정,
173,관계,진정한 친구는 몇 명이면 충분하다고 생각하나요?,L2,넓게 ↔ 깊게,s,1,,,수동 확정,
172,관계,거절을 해야 할 때 어떤 마음이 드나요?,L3,솔직함 ↔ 배려함,r,4,,,수동 확정,
171,관계,친구 사이에도 꼭 지켜야 하는 선은 무엇인가요?,,,r,1,,,수동 확정,
170,관계,나를 잘 이해해주는 사람들은 어떤 공통점을 가졌나요?,,,r,6,,,수동 확정,
169,관계,다른 사람의 고민을 잘 들어주는 편인가요? ,L1,이끎 ↔ 맞춤,s,4,B,,수동 확정,
168,관계,다른 사람에게 내 이야기를 어디까지 털어놓나요?,L2,넓게 ↔ 깊게,s,4,,,수동 확정,
167,관계,나랑 유머 코드가 가장 잘 맞는 사람은 누구인가요?,,,k,1,,,수동 확정,
166,관계,서운한 점이 있을 때 솔직하게 말하는 편인가요? ,L3,솔직함 ↔ 배려함,s,4,,,수동 확정,
165,관계,주변 사람들로부터 자주 받는 부탁은 무엇인가요?,,,k,6,,,수동 확정,
164,관계,반대되는 성격의 사람과도 잘 지내는 편인가요?,,,k,6,,,수동 확정,
163,관계,친구를 사귈 때 가장 중요하게 보는 점은 무엇인가요?,,,r,1,,,수동 확정,
162,관계,처음 만난 사람과 어색함을 풀기 위해 주로 어떤 말을 하나요?,L1,이끎 ↔ 맞춤,k,5,,,수동 확정,
161,관계,사람들이 말하는 나의 첫인상은 어떤가요?,,,k,5,,,수동 확정,
160,관계,연락처에 저장된 이름 중 가장 재밌는 이름은 무엇인가요?,,,k,6,,,수동 확정,
159,관계,처음 만난 사람에게 호감을 느끼는 포인트는 무엇인가요?,,,k,5,,,수동 확정,
158,관계,어떤 사람과 함께할 때 계속 웃게 되나요?,,,k,6,,,수동 확정,
157,관계,길에서 우연히 만나면 반가울 사람은 누구인가요?,,,k,6,,,수동 확정,
156,관계,생일에 받으면 가장 기분 좋은 축하는 어떤 건가요?,,,k,6,,,수동 확정,
155,관계,최근 누군가에게 받은 기분 좋은 문자는 무엇인가요?,,,k,6,,,수동 확정,
154,관계,같이 밥 먹을 때 가장 편한 사람은 누구인가요?,,,k,6,,,수동 확정,
153,관계,어떤 사람과 함께할 때 에너지가 채워지는 느낌을 받나요?,,,k,6,,,수동 확정,
152,관계,고민이 있을 때 가장 먼저 생각나는 친구는 누구인가요?,,,k,1,,,수동 확정,
151,관계,가족 중 가장 편하게 대화하는 사람은 누구인가요?,,,k,2,,,수동 확정,
150,루틴,가장 빨리 흘러가는 순간은 언제인가요?,,,k,1,,,수동 확정,
149,루틴,일상을 잘 보냈다고 느끼는 날은 어떤 날인가요?,,,r,1,,,수동 확정,
148,루틴,예전과 비교하면 좋아진 습관은 무엇인가요?,,,k,2,,,수동 확정,
147,루틴,"반복되는 일상 속, 나를 가장 뿌듯하게 만드는 루틴은 무엇인가요?",,,k,2,,,수동 확정,
146,루틴,지루한 반복을 견디게 하는 생각은 무엇인가요?,,,r,2,,,수동 확정,
145,가치관,나에게 '규칙적인 하루'란 어떤 건가요?,,,r,4,,,수동 확정,
144,관계,남들이 보는 나는 어떤 사람일까요?,,,r,6,,,수동 확정,
143,루틴,나를 가장 잘 보여주는 생활 습관은 무엇인가요?,,,k,2,,,수동 확정,
142,루틴,평생 지키고 싶은 단 하나의 습관은 무엇인가요?,,,r,2,,,수동 확정,
141,루틴,지금의 습관을 10년 동안 이어가면 나는 어떤 사람이 되어 있을까요?,,,r,2,,,수동 확정,
140,루틴,중요한 약속 전날 나는 주로 무엇을 하나요?,R1,계획 ↔ 즉흥,k,3,,,수동 확정,
139,루틴,집 청소를 가장 꼼꼼히 하는 날은 언제인가요?,,,k,6,,,수동 확정,
138,루틴,새로운 취미를 시작할 때 꼭 거치는 과정은 무엇인가요?,R1,계획 ↔ 즉흥,s,2,,,수동 확정,
137,루틴,잠이 오지 않을 때 몸을 편하게 만드는 방법은 무엇인가요?,,,k,1,,,수동 확정,
136,루틴,하루를 기록할 때 주로 어떤 방법을 쓰나요?,,,k,6,,,수동 확정,
134,루틴,스마트폰 없이 보내는 시간이 하루에 얼마나 되나요?,,,k,6,,,수동 확정,
133,루틴,계절이 바뀔 때 가장 먼저 바꾸는 것은 무엇인가요?,,,k,1,,,수동 확정,
132,루틴,중요한 일을 앞두고 하는 습관적인 행동은 무엇인가요?,,,k,3,,,수동 확정,
131,루틴,망가진 하루를 바로잡는 나만의 방법은 무엇인가요?,,,r,2,,,수동 확정,
130,루틴,정리 정돈을 할 때 가장 먼저 하는 일은 무엇인가요?,R1,계획 ↔ 즉흥,k,6,,,수동 확정,
129,취향,특별한 날을 보내는 나만의 방식은 무엇인가요?,T2,혼자 즐김 ↔ 함께 즐김,s,5,,,수동 확정,
128,루틴,여행 가방을 싸는 나만의 규칙은 무엇인가요?,R1,계획 ↔ 즉흥,s,6,,,수동 확정,
127,루틴,하기 싫은 일을 할 때 나를 움직이게 하는 한마디는 무엇인가요?,,,k,3,,,수동 확정,
126,루틴,무언가를 시작하기 전 마음을 가다듬는 방법은 무엇인가요?,,,k,3,,,수동 확정,
125,루틴,돈 관리를 어떻게 하나요?,R1,계획 ↔ 즉흥,s,5,,,수동 확정,
124,루틴,약속에 늦지 않기 위해 무얼 하나요?,R1,계획 ↔ 즉흥,s,3,,,수동 확정,
123,루틴,건강을 위해 챙기고 있는 것은 무엇인가요?,,,k,2,,,수동 확정,
122,루틴,할 일이 많을 때 어떤 순서로 처리하나요?,R1,계획 ↔ 즉흥,s,3,,,수동 확정,
121,루틴,주말에 꼭 하는 일은 무엇인가요?,R3,움직여 쉼 ↔ 머물러 쉼,k,4,,,수동 확정,
120,루틴,주말과 평일의 루틴 중 가장 큰 차이점은 무엇인가요?,,,k,1,,,수동 확정,
119,루틴,내 루틴 중 친구들에게도 추천하고 싶은 건 무엇인가요?,,,k,2,,,수동 확정,
118,루틴,어떻게 일정을 관리하는 편인가요?,R1,계획 ↔ 즉흥,s,3,,,수동 확정,
117,루틴,새로운 루틴을 만들 때 가장 힘든 점은 무엇인가요?,R1,계획 ↔ 즉흥,r,2,,,수동 확정,
116,루틴,반복되는 일상에서 가장 지루하게 느끼는 순간은 언제인가요?,,,k,1,,,수동 확정,
115,루틴,미루고 싶을 때 주로 어떻게 움직이나요?,R1,계획 ↔ 즉흥,s,3,,,수동 확정,
114,루틴,하루 중 온전히 나만을 위해 쓰는 시간은 얼마나 되나요?,,,k,4,,,수동 확정,
113,감정,스트레스가 쌓이면 나도 모르게 하는 행동은 무엇인가요?,E3,혼자 추스름 ↔ 함께 풂,k,3,,,수동 확정,
112,루틴,집중력이 필요할 때 찾는 장소는 어디인가요?,,,k,3,,,수동 확정,
111,루틴,나에게 주는 확실한 보상은 무엇인가요?,,,k,4,,,수동 확정,
110,루틴,아침에 일어나 가장 먼저 하는 일은 뭔가요?,R2,아침형 ↔ 밤형,k,1,,,수동 확정,
109,취향,매일 사용하는 물건 중 가장 아끼는 것은 무엇인가요?,,,k,6,,,수동 확정,
108,루틴,집에 도착하자마자 가장 먼저 하는 일은 무엇인가요?,,,k,1,,,수동 확정,
107,루틴,하루 중 스마트폰을 가장 많이 보는 시간은 언제인가요?,,,k,6,,,수동 확정,
106,루틴,식사 후에 주로 무엇을 하나요?,,,k,1,,,수동 확정,
105,루틴,외출 전 거울 앞에서 마지막으로 확인하는 것은 무엇인가요?,,,k,1,,,수동 확정,
104,루틴,휴식을 취할 때 몸이 가장 좋아하는 자세는 무엇인가요?,R3,움직여 쉼 ↔ 머물러 쉼,k,4,,,수동 확정,
103,루틴,하루 중 에너지가 가장 넘치는 시간은 언제인가요?,R2,아침형 ↔ 밤형,s,1,,,수동 확정,
102,루틴,자기 전에 주로 무엇을 하나요?,R2,아침형 ↔ 밤형,k,1,,,수동 확정,
101,루틴,아침에 일어나면 가장 먼저 무엇을 하나요?,R2,아침형 ↔ 밤형,k,1,,,수동 확정,
100,가치관,내 인생을 계절에 비유하면 지금은 어떤 계절인가요?,,,k,4,,,수동 확정,
99,사랑,사랑한다고 느끼는 순간은 언제인가요?,,,r,5,,,수동 확정,
98,감정,나만 아는 나의 속마음은 어떤 모습인가요?,,,r,6,,,수동 확정,
97,감정,"마지막 순간에 느끼고 싶은 감정이 있다면, 어떤 감정인가요?",,,r,1,,,수동 확정,
96,감정,나를 가장 자주 움직이게 하는 감정은 무엇인가요?,,,r,1,,,수동 확정,
95,가치관,내가 생각하는 용기 있는 행동은 어떤 건가요?,V3,원칙 ↔ 유연,r,3,,,수동 확정,
94,감정,가장 힘들었던 순간에서 배운 것은 무엇인가요?,,,r,3,,,수동 확정,
93,감정,소소하지만 살아있길 잘했다 싶은 순간은 언제인가요?,,,k,1,,,수동 확정,
92,감정,오늘 밤 잠들기 전 나에게 해주고 싶은 말은 무엇인가요?,,,r,6,,,수동 확정,
91,감정,내 성격 중 가장 소중히 여기는 모습은 무엇인가요?,,,r,6,,,수동 확정,
90,감정,지금 내가 가장 필요한 감정은 뭘까요?,,,r,1,,,수동 확정,
89,감정,나를 가장 미소 짓게 하는 추억은 무엇인가요?,,,k,1,,,수동 확정,
88,감정,한계에 부딪혔다고 느낄 때 나는 어떻게 하나요?,E3,혼자 추스름 ↔ 함께 풂,s,3,,,수동 확정,
87,관계,다른 사람을 보며 멋지다고 느끼는 포인트는 무엇인가요?,,,k,6,,,수동 확정,
86,감정,슬플 때 나를 건져주는 것은 무엇인가요?,E3,혼자 추스름 ↔ 함께 풂,s,3,,,수동 확정,
85,감정,누군가에게 깊은 감동을 받았던 순간은 언제인가요?,,,k,1,,,수동 확정,
84,감정,남에게 말하지 못한 비밀스러운 걱정은 무엇인가요?,,,k,5,,,수동 확정,
83,감정,감정을 다스리는 나만의 루틴은 무엇인가요?,E3,혼자 추스름 ↔ 함께 풂,s,3,,,수동 확정,
82,감정,생각만해도 두려움이 몰려오는 것은 무엇인가요?,,,k,5,,,수동 확정,
81,감정,"감정을 솔직하게 말하는 편인가요, 참는 편인가요?",E1,드러냄 ↔ 담아둠,s,2,A,,수동 확정,
80,감정,"용서가 쉬운 편인가요, 어려운 편인가요?",E2,민감함 ↔ 담담함,s,4,B,,수동 확정,
79,가치관,행복의 기준이 있다면 무엇인가요?,,,r,6,,,수동 확정,
78,감정,과거의 나에게 해주고 싶은 위로의 말은 무엇인가요?,,,r,6,,,수동 확정,
77,감정,내가 가장 예민하게 반응하는 포인트는 무엇인가요?,,,k,4,,,수동 확정,
76,감정,실수했을 때 나 자신에게 어떤 말을 해주나요?,E4,다그침 ↔ 다독임,s,6,,,수동 확정,
75,감정,내가 생각하는 나만의 장점은 무엇인가요?,,,r,6,,,수동 확정,
74,감정,자주 느끼지만 남들에게 티내지 않으려고 노력하는 감정은 무엇인가요?,,,k,2,,,수동 확정,
73,감정,남들 시선이 가장 신경 쓰이는 상황은 언제인가요?,E2,민감함 ↔ 담담함,s,4,,,수동 확정,
72,감정,슬픈 감정을 실컷 쏟아내고 나면 어떤가요?,E1,드러냄 ↔ 담아둠,s,2,,,수동 확정,
71,감정,화가 났을 때 마음을 가라앉히는 방법은 무엇인가요?,E3,혼자 추스름 ↔ 함께 풂,s,3,,,수동 확정,
70,감정,기분이 울적할 때 찾게 되는 음식은 무엇인가요?,,,k,3,,,수동 확정,
69,감정,가장 큰 용기를 내봤던 순간 언제인가요?,,,r,5,,,수동 확정,
68,감정,나를 가장 편안하게 해주는 소리는 무엇인가요?,,,k,3,,,수동 확정,
67,감정,나는 주로 어떤 상황에서 질투를 느끼나요?,E2,민감함 ↔ 담담함,s,4,,,수동 확정,
66,감정,최근에 가장 뿌듯했던 순간은 언제인가요?,,,k,1,,,수동 확정,
65,감정,혼자 있을 때 주로 어떤 감정을 느끼나요?,,,k,1,,,수동 확정,
64,감정,칭찬을 들었을 때 어떤 반응을 보이나요?,E1,드러냄 ↔ 담아둠,s,4,,,수동 확정,
63,감정,다가오는 일 중 가장 기대되는 것은 무엇인가요?,,,k,1,,,수동 확정,
62,감정,불안 속에서 나를 잡아주는 것은 무엇인가요?,E3,혼자 추스름 ↔ 함께 풂,s,5,,,수동 확정,
61,감정,요즘 나를 답답하게 만드는 것은 무엇인가요?,,,k,4,,,수동 확정,
60,관계,지금 누군가에게 전하고 싶은 말은 무엇인가요?,,,k,6,,,수동 확정,
59,감정,스스로에게 주로 실망하는 순간은 언제인가요?,E4,다그침 ↔ 다독임,s,6,,,수동 확정,
58,감정,지금 내 마음의 온도는 몇 도쯤 될까요?,,,k,1,,,수동 확정,
57,감정,최근에 가장 크게 웃었던 일은 무엇인가요?,,,k,1,,,수동 확정,
56,감정,오늘 나를 기운 나게 한 말은 무엇인가요?,,,k,1,,,수동 확정,
55,관계,지금 가장 보고 싶은 사람은 어떤 사람인가요? 이름 대신 이유를 알려주세요.,,,k,6,,,수동 확정,
54,감정,"최근에 눈물이 났던 적이 있다면, 어떤 순간이었나요?",,,k,2,,,수동 확정,
53,감정,마음이 가장 고요해지는 장소나 시간은 언제인가요?,,,k,3,,,수동 확정,
52,감정,오늘 나를 웃게 만든 장면은 무엇인가요?,,,k,1,,,수동 확정,
51,감정,지금 기분을 날씨로 말하면 어떤가요?,,,k,1,,,수동 확정,
50,취향,예전과 비교해 가장 많이 바뀐 내 취향은 무엇인가요?,,,r,6,,,수동 확정,
49,취향,내 인생을 영화 장르로 표현한다면 어떤 장르일까요?,,,k,6,,,수동 확정,
48,관계,내가 좋아하는 사람들의 공통점은 무엇인가요?,,,r,6,,,수동 확정,
47,취향,상상 속 완벽한 하루는 어떤 모습인가요?,,,k,5,,,수동 확정,
46,취향,내 취향이 남들과 가장 다른 점은 뭘까요?,,,r,6,,,수동 확정,
45,취향,어떤 공간에 있을 때 가장 나답다고 느끼나요?,,,r,3,,,수동 확정,
44,취향,나를 가장 잘 표현하는 단어 하나는 무엇인가요?,,,r,6,,,수동 확정,
43,가치관,나의 인생책은 무엇인가요?,,,k,6,,,수동 확정,
42,취향,내가 모은 물건들의 공통점은 무엇인가요?,,,r,4,,,수동 확정,
41,취향,10년 뒤에는 어떤 분위기의 사람이고 싶나요?,,,r,6,,,수동 확정,
40,취향,수집하고 싶은 물건이 있다면 무엇인가요?,,,k,4,,,수동 확정,
39,취향,가장 좋아하는 계절의 풍경은 무엇인가요?,,,k,1,,,수동 확정,
38,취향,"좋아하는 것을 즐길 때 혼자가 좋나요, 함께가 좋나요?",T2,혼자 즐김 ↔ 함께 즐김,s,5,A,,수동 확정,
37,취향,가장 좋아하는 요일은 언제인가요?,,,k,5,,,수동 확정,
36,취향,자신 있게 만들 수 있는 음식이 있나요? 없다면 가장 좋아하는 음식을 알려주세요.,,,k,1,,,수동 확정,
35,취향,가장 좋아하는 작가나 아티스트는 누구인가요?,,,k,2,,,수동 확정,
34,취향,어떤 라이프스타일로 살고 싶나요?,,,r,6,,,수동 확정,
33,취향,누군가에게 선물할 때 가장 신경 쓰는 건 무엇인가요?,,,k,4,,,수동 확정,
32,취향,오래 간직하고 있는 물건은 무엇인가요?,,,k,4,,,수동 확정,
31,취향,좋아하는 말투와 목소리의 특징은 무엇인가요?,,,k,1,,,수동 확정,
30,취향,가장 좋아하는 영화 장르는 무엇인가요?,,,k,2,,,수동 확정,
29,취향,사진 찍을 때 주로 담는 장면은 무엇인가요?,,,k,6,,,수동 확정,
28,취향,가장 좋아하는 꽃의 이름은 무엇인가요?,,,k,1,,,수동 확정,
27,취향,자기 전 머릿속으로 그리는 상상은 무엇인가요?,,,k,6,,,수동 확정,
26,취향,스트레스를 받을 때 찾게 되는 노래는 어떤 분위기인가요?,,,k,2,,,수동 확정,
25,취향,"나만 알고 있는 맛집이 있다면, 어떤 곳인가요?",,,k,1,,,수동 확정,
24,취향,입었을 때 가장 나다운 옷차림은 무엇인가요?,,,k,6,,,수동 확정,
23,취향,무인도에 딱 하나만 가져간다면 무엇인가요?,,,k,4,,,수동 확정,
22,취향,서점에서 제목만 보고 고르는 분야는 무엇인가요?,,,k,2,,,수동 확정,
21,취향,언제든 다시 보고픈 순간은 어떤 모습인가요?,,,r,6,,,수동 확정,
20,취향,"좋아하는 향이 있다면, 어떤 향인가요?",,,k,1,,,수동 확정,
19,취향,가장 아끼는 옷은 어떤 스타일인가요?,,,k,4,,,수동 확정,
18,취향,책·영화·드라마를 고를 때 가장 먼저 보는 것은 무엇인가요?,,,k,2,,,수동 확정,
17,취향,여행지에서 꼭 들르는 곳은 어디인가요?,,,k,3,,,수동 확정,
16,취향,가장 좋아하는 신발은 무엇인가요?,,,k,4,,,수동 확정,
15,루틴,주말 아침에 가장 하고 싶은 일은 무엇인가요?,,,k,4,,,수동 확정,
14,취향,집에서 가장 편한 자리는 어디인가요?,,,k,3,,,수동 확정,
13,취향,가방 속에 늘 챙기는 물건은 무엇인가요?,,,k,4,,,수동 확정,
12,취향,혼자 시간을 보낼 때 찾는 장소는 어디인가요?,,,k,3,,,수동 확정,
11,취향,새로 시도해서 재밌었던 일은 무엇인가요?,T1,익숙함 ↔ 새로움,s,5,,,수동 확정,
10,취향,빵집에 가면 가장 먼저 집는 빵은 무엇인가요?,,,k,1,,,수동 확정,
9,취향,가장 좋아하는 날씨는 어떤 건가요?,,,k,1,,,수동 확정,
8,취향,요즘 자주 보는 영상의 주제는 무엇인가요?,,,k,2,,,수동 확정,
7,취향,집에서 가장 좋아하는 컵은 무엇인가요?,,,k,4,,,수동 확정,
6,취향,가장 좋아하는 과일은 무엇인가요?,,,k,1,,,수동 확정,
4,취향,카페에서 항상 고르는 메뉴는 무엇인가요?,,,k,1,,,수동 확정,
3,취향,비오는 날 찾게 되는 노래는 무엇인가요?,,,k,2,,,수동 확정,
2,취향,가장 자주 듣는 노래는 무엇인가요?,,,k,2,,,수동 확정,
1,취향,가장 좋아하는 색깔은 무엇인가요?,,,k,1,,,수동 확정,
900,가치관,덜 벌어도 저녁이 있는 삶과 더 벌고 바쁜 삶 중 무엇을 고를까요?,V1,안정 ↔ 도전,s,5,A,,수동 확정,
901,가치관,인정받을 때와 자유로울 때 중 언제 더 힘이 나나요?,,,k,5,,,수동 확정,
902,가치관,"하기 싫은 일을 해내게 하는 건 보상인가요, 책임감인가요?",,,k,5,,,수동 확정,
903,가치관,이기는 것과 즐기는 것 중 뭐가 더 중요한가요?,,,k,1,,,수동 확정,
904,가치관,"중요한 선택은 장단점을 따지나요, 끌리는 대로 하나요?",V3,원칙 ↔ 유연,s,2,A,,수동 확정,
905,가치관,안정적인 길과 설레는 도전 중 지금 더 끌리는 쪽은 어디인가요?,V1,안정 ↔ 도전,s,2,A,,수동 확정,
906,가치관,한 일에 대한 후회와 안 한 일에 대한 후회 중 뭐가 더 큰가요?,,,k,4,,,수동 확정,
907,감정,작은 실수를 하면 얼마나 오래 마음에 남나요?,E2,민감함 ↔ 담담함,s,4,,,수동 확정,
908,감정,다 내려놓고 싶을 때 나를 다시 붙잡는 것은 무엇인가요?,,,k,3,,,수동 확정,
909,감정,실수한 나에게 나는 주로 어떤 말을 하나요?,E4,다그침 ↔ 다독임,s,6,,,수동 확정,
910,감정,"새로운 모임에 가기 전날, 설레나요 걱정되나요?",E2,민감함 ↔ 담담함,s,5,B,,수동 확정,
911,감정,"걱정이 생기면 최악까지 상상하나요, 금방 잊나요?",E2,민감함 ↔ 담담함,s,5,A,,수동 확정,
912,감정,"속상한 일은 누군가에게 털어놓나요, 혼자 정리하나요?",E3,혼자 추스름 ↔ 함께 풂,s,3,B,,수동 확정,
913,감정,"좋은 일이 생기면 마음껏 기뻐하나요, 괜히 불안해지나요?",E2,민감함 ↔ 담담함,s,5,B,,수동 확정,
914,감정,"비 오는 날엔 기분이 가라앉나요, 오히려 좋아지나요?",E2,민감함 ↔ 담담함,s,1,A,,수동 확정,
915,루틴,"머리가 복잡할 때 몸을 움직이나요, 가만히 쉬나요?",R3,움직여 쉼 ↔ 머물러 쉼,s,4,A,,수동 확정,
916,감정,혼자 있는 시간이 며칠 이어지면 어떤 기분이 드나요?,,,k,1,,,수동 확정,
917,감정,칭찬 열 번과 지적 한 번 중 뭐가 더 오래 남나요?,E2,민감함 ↔ 담담함,s,4,B,,수동 확정,
918,감정,친구의 실수와 내 실수 중 어느 쪽에 더 너그러운가요?,E4,다그침 ↔ 다독임,s,6,A,,수동 확정,
919,감정,"지적을 받으면 이유부터 따지나요, 기분부터 상하나요?",E2,민감함 ↔ 담담함,s,4,B,,수동 확정,
920,감정,누군가 나를 싫어한다는 걸 알면 얼마나 신경 쓰이나요?,E2,민감함 ↔ 담담함,s,6,,,수동 확정,
921,관계,친구가 늦으면 몇 분까지 괜찮나요?,,,k,1,,,수동 확정,
922,관계,"""나 우울해서 빵 샀어""라는 말에 나는 뭐라고 답하나요?",L3,솔직함 ↔ 배려함,s,4,,,수동 확정,
923,관계,"기대고 싶을 때 먼저 말하나요, 알아주길 기다리나요?",L1,이끎 ↔ 맞춤,s,4,A,,수동 확정,
924,관계,"약속이 갑자기 취소되면 아쉬운가요, 내심 반가운가요?",L2,넓게 ↔ 깊게,s,5,B,,수동 확정,
925,관계,"엘리베이터에서 아는 사람을 만나면 말을 거나요, 휴대폰을 보나요?",L2,넓게 ↔ 깊게,s,5,A,,수동 확정,
926,관계,"식당에서 음식이 잘못 나오면 말하나요, 그냥 먹나요?",L3,솔직함 ↔ 배려함,s,4,A,,수동 확정,
927,관계,"메뉴 정할 때 나는 '아무거나'인가요, 의견을 내는 편인가요?",L1,이끎 ↔ 맞춤,s,5,B,,수동 확정,
928,감정,"상대의 짧은 답장, 그냥 넘기나요 괜히 신경 쓰이나요?",E2,민감함 ↔ 담담함,s,4,B,,수동 확정,
929,관계,"남의 부탁을 들어주고 나면 뿌듯한가요, 지치나요?",,,r,6,,,수동 확정,
930,루틴,"아무 약속 없는 주말, 설레나요 심심한가요?",R3,움직여 쉼 ↔ 머물러 쉼,s,4,B,,수동 확정,
931,루틴,"마감이 있는 일은 미리 끝내나요, 직전에 몰아서 하나요?",R1,계획 ↔ 즉흥,s,3,A,,수동 확정,
932,루틴,"안 읽은 알림이 쌓여 있으면 바로 지우나요, 그냥 두나요?",R1,계획 ↔ 즉흥,s,6,A,,수동 확정,
933,루틴,"내 책상은 깔끔한 편인가요, 어질러져도 다 찾는 편인가요?",R1,계획 ↔ 즉흥,s,6,A,,수동 확정,
934,루틴,"할 일은 목록으로 적나요, 머릿속에 두나요?",R1,계획 ↔ 즉흥,s,3,A,,수동 확정,
935,루틴,"사고 싶은 물건이 생기면 바로 사나요, 장바구니에 묵혀두나요?",R1,계획 ↔ 즉흥,s,5,B,,수동 확정,
936,루틴,"할 일이 쌓이면 바로 시작하나요, 딴짓부터 하게 되나요?",R1,계획 ↔ 즉흥,s,3,A,,수동 확정,
937,루틴,"아무것도 안 한 날, 뿌듯한가요 죄책감이 드나요?",R3,움직여 쉼 ↔ 머물러 쉼,s,4,B,,수동 확정,
938,사랑,"좋아하는 사람이 생기면 티가 나나요, 꽁꽁 숨기나요?",S1,말로 표현 ↔ 행동으로 표현,s,3,A,,수동 확정,
939,취향,"단골집에 가면 먹던 메뉴를 시키나요, 새 메뉴에 도전하나요?",T1,익숙함 ↔ 새로움,s,1,A,,수동 확정,
940,취향,아는 길과 처음 가보는 길 중 어느 쪽으로 가고 싶나요?,T1,익숙함 ↔ 새로움,s,3,A,,수동 확정,
941,가치관,유행하는 것과 나만 아는 것 중 뭐가 더 끌리나요?,,,k,6,,,수동 확정,
942,취향,"노래는 듣던 것만 듣나요, 새로운 걸 찾아 듣나요?",T1,익숙함 ↔ 새로움,s,2,A,,수동 확정,
943,취향,"메뉴 고를 때 오래 고민하나요, 금방 고르나요?",,,k,1,,,수동 확정,
944,가치관,하루 동안 다른 직업으로 살아본다면 무엇을 해보고 싶나요?,,,k,5,,,수동 확정,
945,가치관,하루 동안 투명인간이 된다면 무엇을 하고 싶나요?,,,k,4,,,수동 확정,
946,가치관,좀비 사태가 일어나면 나는 어떤 역할을 맡을 것 같나요?,,,k,6,,,수동 확정,
947,가치관,전생에 나는 무엇이었을 것 같나요?,,,k,6,,,수동 확정,
948,가치관,절대 양보할 수 없는 나만의 고집은 무엇인가요?,V3,원칙 ↔ 유연,r,6,,,수동 확정,
949,가치관,내가 나라를 세운다면 첫 번째 법은 무엇인가요?,V3,원칙 ↔ 유연,k,3,,,수동 확정,
950,가치관,남들은 이상하게 봐도 나는 진지한 신념은 무엇인가요?,,,k,6,,,수동 확정,
951,가치관,10억을 받는 대신 1년 동안 휴대폰 없이 살 수 있나요?,,,k,4,,,수동 확정,
952,가치관,타임머신을 한 번 탄다면 과거와 미래 중 어디로 갈까요?,,,k,4,,,수동 확정,
953,감정,나를 단번에 웃게 만드는 것은 무엇인가요?,,,k,1,,,수동 확정,
954,감정,듣기만 해도 괜히 기분이 좋아지는 단어는 무엇인가요?,,,k,1,,,수동 확정,
955,감정,짜증이 날 때 가장 빨리 풀리는 방법은 무엇인가요?,E3,혼자 추스름 ↔ 함께 풂,s,3,,,수동 확정,
956,감정,긴장하면 몸 어디에 가장 먼저 티가 나나요?,,,k,5,,,수동 확정,
957,감정,평소 내 기분을 이모지 하나로 고른다면 무엇인가요?,,,k,1,,,수동 확정,
958,감정,혼자 있다가 빵 터지게 되는 건 주로 어떤 순간인가요?,,,k,1,,,수동 확정,
959,감정,스트레스를 받으면 당기는 음식은 무엇인가요?,,,k,3,,,수동 확정,
960,감정,칭찬을 들으면 나는 어떻게 반응하는 편인가요?,E1,드러냄 ↔ 담아둠,s,4,,,수동 확정,
961,감정,기분이 가라앉는 날 나를 끌어올리는 한 가지는 무엇인가요?,E3,혼자 추스름 ↔ 함께 풂,s,3,,,수동 확정,
962,감정,나를 위로하는 플레이리스트에 제목을 붙인다면 무엇인가요?,,,k,3,,,수동 확정,
963,감정,"감동받으면 나는 티가 나는 편인가요, 속으로 삼키는 편인가요?",E1,드러냄 ↔ 담아둠,s,2,A,,수동 확정,
964,관계,처음 보는 사람에게서 가장 먼저 눈이 가는 부분은 무엇인가요?,,,k,5,,,수동 확정,
965,관계,무인도에 딱 한 명과 간다면 어떤 사람과 가고 싶나요?,,,k,6,,,수동 확정,
966,관계,단체 사진을 찍을 때 나는 주로 어디에 서 있나요?,,,k,5,,,수동 확정,
967,관계,친구 휴대폰에 나는 어떤 이름으로 저장되어 있을 것 같나요?,,,k,1,,,수동 확정,
968,관계,처음 만난 사람과 말을 놓기까지 보통 얼마나 걸리나요?,L2,넓게 ↔ 깊게,s,5,,,수동 확정,
969,관계,친구들에게 가장 자주 듣는 말은 무엇인가요?,,,k,1,,,수동 확정,
970,관계,자주 연락하는 사이와 가끔 연락해도 편한 사이 중 뭐가 더 좋나요?,L2,넓게 ↔ 깊게,s,1,A,,수동 확정,
971,관계,"대화할 때 나는 주로 듣는 쪽인가요, 말하는 쪽인가요?",L1,이끎 ↔ 맞춤,s,4,B,,수동 확정,
972,관계,"모임에서 나는 총무, 길잡이, 분위기 메이커 중 어떤 역할인가요?",L1,이끎 ↔ 맞춤,s,5,,,수동 확정,
973,관계,친구들이 나를 한 단어로 소개한다면 뭐라고 할까요?,,,k,1,,,수동 확정,
974,루틴,나만 알고 있는 생활 꿀팁은 무엇인가요?,,,k,6,,,수동 확정,
975,루틴,장을 볼 때 매번 장바구니에 담는 것은 무엇인가요?,,,k,5,,,수동 확정,
976,루틴,갑자기 30분이 비면 주로 무엇을 하며 보내나요?,,,k,4,,,수동 확정,
977,루틴,주말 아침 나를 침대에서 일으키는 것은 무엇인가요?,,,k,1,,,수동 확정,
978,루틴,검색창에 가장 자주 입력하는 단어는 무엇인가요?,,,k,6,,,수동 확정,
979,루틴,잠잘 때 주로 어떤 자세로 자나요?,,,k,1,,,수동 확정,
980,루틴,"알람은 한 번에 끄는 편인가요, 여러 개 맞춰두는 편인가요?",R2,아침형 ↔ 밤형,s,1,A,,수동 확정,
981,루틴,"씻는 건 아침파인가요, 저녁파인가요?",R2,아침형 ↔ 밤형,s,1,A,,수동 확정,
982,사랑,가장 설레는 한마디를 꼽는다면 무엇인가요?,,,k,3,,,수동 확정,
983,사랑,연인에게 가장 듣고 싶은 칭찬은 무엇인가요?,,,k,3,,,수동 확정,
984,사랑,내 연애 스타일을 노래 제목으로 표현하면 무엇인가요?,,,k,2,,,수동 확정,
985,사랑,"좋아하는 마음은 먼저 표현하는 편인가요, 기다리는 편인가요?",S1,말로 표현 ↔ 행동으로 표현,s,3,,,수동 확정,
986,취향,내 방에서 가장 아끼는 물건은 무엇인가요?,,,k,4,,,수동 확정,
987,취향,아무리 반복해서 들어도 질리지 않는 노래는 무엇인가요?,,,k,2,,,수동 확정,
988,취향,가장 좋아하는 과자는 무엇인가요?,,,k,1,,,수동 확정,
989,취향,내 알고리즘에 자주 뜨는 영상은 어떤 종류인가요?,,,k,2,,,수동 확정,
990,취향,배달앱에서 가장 자주 시키는 메뉴는 무엇인가요?,,,k,1,,,수동 확정,
991,취향,한 가지 색 옷만 입어야 한다면 무슨 색을 고를까요?,,,k,4,,,수동 확정,
992,취향,이름을 새로 지을 수 있다면 어떤 이름을 고를까요?,,,k,6,,,수동 확정,
993,취향,평생 무료로 받을 수 있다면 무엇을 고를까요?,,,k,4,,,수동 확정,
994,취향,휴대폰 사진첩에 가장 많이 있는 사진은 무엇인가요?,,,k,6,,,수동 확정,
995,취향,라면을 끓일 때 꼭 넣는 재료는 무엇인가요?,,,k,1,,,수동 확정,
996,취향,선물을 고를 때 실용성과 의미 중 뭘 더 챙기나요?,T3,경험 ↔ 소유,s,4,B,,수동 확정,
997,취향,"민트초코는 호인가요, 불호인가요?",,,k,1,,,수동 확정,
998,취향,바다와 산 중 쉬러 가고 싶은 곳은 어디인가요?,,,k,3,,,수동 확정,
999,취향,"붕어빵은 머리부터 먹나요, 꼬리부터 먹나요?",,,k,1,,,수동 확정,
1000,취향,치킨은 후라이드와 양념 중 뭐가 더 좋은가요?,,,k,1,,,수동 확정,
1001,취향,"얼죽아인가요, 뜨아파인가요?",,,k,1,,,수동 확정,
1002,취향,짜장면과 짬뽕 중 뭐가 더 끌리나요?,,,k,1,,,수동 확정,
1003,취향,"복숭아는 딱딱한 게 좋나요, 물렁한 게 좋나요?",,,k,1,,,수동 확정,
1004,사랑,썸 탈 때 가장 설레는 순간은 언제라고 생각하나요?,S3,설렘 ↔ 안정,k,1,,,수동 확정,
1005,사랑,이상형을 연예인 한 명으로 말한다면 누구인가요?,,,k,1,,,수동 확정,
1006,사랑,연인에게 불리고 싶은 애칭은 무엇인가요?,,,k,3,,,수동 확정,
1007,사랑,연애 중에 다른 사람에게 대시를 받으면 연인에게 말하는 편인가요?,,,k,4,,,수동 확정,
1008,사랑,연인과의 연락 텀은 몇 시간까지 괜찮나요?,S2,가까이 ↔ 각자,s,2,,,수동 확정,
1009,사랑,나만의 해피플레이스에 좋아하는 사람을 데려간다면 어디로 갈까요?,,,k,2,,,수동 확정,
1010,사랑,좋아하는 사람의 카톡 프로필이 바뀌면 바로 확인하는 편인가요?,S2,가까이 ↔ 각자,s,2,,,수동 확정,
1011,사랑,연애 예능에 나간다면 나는 어떤 캐릭터일까요?,,,k,2,,,수동 확정,
1012,사랑,나의 연애 스타일을 음식에 비유하면 무엇일까요?,,,k,2,,,수동 확정,
1013,사랑,환승 이별과 잠수 이별 중 뭐가 더 최악인가요?,,,k,4,,,수동 확정,
1014,사랑,연애할 때 나의 애교 지수는 10점 만점에 몇 점인가요?,S1,말로 표현 ↔ 행동으로 표현,s,3,,,수동 확정,
1015,사랑,"연인이 이성 친구와 한 달 동안 몰래 연락하며 내 깜짝 이벤트를 준비했다면, 감동인가요 서운한가요?",,,k,4,,,수동 확정,
1016,사랑,"내가 먼저 집에 간 뒤 연인과 내 친구 둘이 더 마신다면 괜찮나요, 신경 쓰이나요?",S2,가까이 ↔ 각자,s,4,,,수동 확정,
1017,사랑,"연인 차에 이성 친구가 블루투스를 연결하는 건 괜찮나요, 신경 쓰이나요?",S2,가까이 ↔ 각자,s,4,,,수동 확정,
1018,사랑,짠돌이 애인과 과소비 애인 중 누가 더 힘든가요?,,,k,4,,,수동 확정,
1019,사랑,좋아하는 사람이 날 싫어하는 것과 싫어하는 사람이 날 좋아하는 것 중 뭐가 더 괴로운가요?,,,k,5,,,수동 확정,
1020,사랑,단톡방 고백과 길거리 고백 중 뭐가 더 받기 싫은가요?,,,k,3,,,수동 확정,
1021,사랑,돌려 말하는 애인과 팩폭하는 애인 중 누가 더 좋은가요?,,,k,3,,,수동 확정,
1022,사랑,친구의 전 애인과 전 애인의 친구 중 누구와 연애하는 게 그나마 나은가요?,,,k,5,,,수동 확정,
1023,사랑,"연인과 폰 비밀번호, 위치 공유, 통장 중 어디까지 공유할 수 있나요?",S2,가까이 ↔ 각자,s,2,,,수동 확정,
1024,사랑,"치킨 닭다리 두 개, 연인에게 다 양보할 수 있나요?",,,k,2,,,수동 확정,
1025,사랑,연인과 가장 친한 친구가 싸우면 누구 편을 들 것 같나요?,,,k,4,,,수동 확정,
1026,사랑,"연애할 때 나는 리드하는 쪽인가요, 맞춰주는 쪽인가요?",,,k,2,,,수동 확정,
1027,사랑,"연하, 동갑, 연상 중 누가 더 끌리나요?",,,k,1,,,수동 확정,
1028,사랑,읽씹과 안읽씹 중 뭐가 더 서운한가요?,,,k,4,,,수동 확정,
1029,사랑,다정한 말투와 장난스러운 말투 중 뭐가 더 설레나요?,,,k,3,,,수동 확정,
1030,사랑,"연인과 커플템 맞추는 건 좋나요, 부끄럽나요?",S2,가까이 ↔ 각자,s,2,A,,수동 확정,
1031,사랑,"연인이 나보다 친구 약속을 먼저 챙기면 서운한가요, 이해되나요?",S2,가까이 ↔ 각자,s,4,,,수동 확정,
1032,사랑,"연인의 휴대폰, 보고 싶나요 아니면 모르는 게 약인가요?",S2,가까이 ↔ 각자,s,4,A,,수동 확정,
1033,사랑,사귀기 전에 몇 번쯤 만나고 고백하는 게 적당하다고 생각하나요?,,,k,1,,,수동 확정,
1034,가치관,절대 하고 싶지 않은 일은 무엇인가요?,,,r,5,,,수동 확정,
1035,가치관,누구에게나 꼭 한 번 해보라고 추천하고 싶은 것은 무엇인가요?,,,k,1,,,수동 확정,
1036,가치관,'이게 없으면 내 삶이 허전하다' 싶은 것은 무엇인가요?,,,r,1,,,수동 확정,
1037,가치관,남들은 잘 모르는 나의 숨은 재주는 무엇인가요?,,,k,6,,,수동 확정,
1038,가치관,하루아침에 재능 하나를 얻을 수 있다면 무엇을 고를까요?,,,k,6,,,수동 확정,
1039,가치관,수정구슬이 딱 하나의 진실을 알려준다면 무엇을 묻고 싶나요?,,,k,4,,,수동 확정,
1040,가치관,내 이름의 뜻은 나와 얼마나 닮았나요?,,,k,6,,,수동 확정,
1041,가치관,절대 실패하지 않는다면 무엇에 도전하고 싶나요?,V1,안정 ↔ 도전,r,5,,,수동 확정,
1042,가치관,나보다 어린 사람에게 꼭 해주고 싶은 조언 하나는 무엇인가요?,,,r,4,,,수동 확정,
1043,가치관,다시 태어난다면 사람 말고 무엇으로 태어나고 싶나요?,,,k,6,,,수동 확정,
1044,가치관,살면서 한 번쯤 해보고 싶은 작은 일탈은 무엇인가요?,V1,안정 ↔ 도전,k,4,,,수동 확정,
1045,가치관,당연하게 여겼지만 사실 고마운 것은 무엇인가요?,,,r,1,,,수동 확정,
1046,가치관,'나는 ___한 사람이다' 빈칸에 넣고 싶은 말은 무엇인가요?,,,r,6,,,수동 확정,
1047,가치관,묘비에 딱 한 줄을 남긴다면 무엇을 쓰고 싶나요?,,,r,4,,,수동 확정,
1048,가치관,내 인생의 리즈 시절은 언제라고 생각하나요?,,,k,4,,,수동 확정,
1049,가치관,내 삶에서 가장 점수가 높은 영역은 무엇인가요?,,,k,1,,,수동 확정,
1050,가치관,90살까지 산다면 30대의 몸과 30대의 마음 중 무엇을 지키고 싶나요?,,,k,4,,,수동 확정,
1051,가치관,"설명을 들을 때 예시가 먼저 필요한가요, 큰 그림이 먼저 필요한가요?",,,k,2,,,수동 확정,
1052,가치관,"'착하다', '대단하다', '독특하다' 중 가장 듣고 싶은 말은 무엇인가요?",,,k,6,,,수동 확정,
1053,가치관,옳은 것과 평화로운 것 중 뭐가 더 중요한가요?,V3,원칙 ↔ 유연,s,3,A,,수동 확정,
1054,가치관,머리가 좋은 것과 눈치가 빠른 것 중 나는 어느 쪽에 더 가깝나요?,,,k,6,,,수동 확정,
1055,가치관,"건강, 관계, 일, 쉼 중 지금 가장 챙기고 싶은 것은 무엇인가요?",,,k,1,,,수동 확정,
1056,가치관,알면서도 모른 척하고 싶은 것은 무엇인가요?,,,r,6,,,수동 확정,
1057,가치관,오래 해보고 싶었지만 아직 미뤄둔 일은 무엇인가요?,,,k,5,,,수동 확정,
1058,가치관,나에게 스스로 던져보고 싶은 질문은 무엇인가요?,,,r,6,,,수동 확정,
1059,가치관,모든 게 잘 풀린 10년 뒤의 나는 어떤 하루를 보내고 있을까요?,,,r,4,,,수동 확정,
1060,가치관,평범해지는 것과 틀리는 것 중 뭐가 더 싫은가요?,,,k,6,,,수동 확정,
1061,가치관,사람들이 너무 높게 치는 것 같은 덕목은 무엇인가요?,,,r,3,,,수동 확정,
1062,가치관,'인생은 결국 혼자'라는 말에 얼마나 동의하나요?,V2,나 ↔ 우리,s,4,,,수동 확정,
1063,가치관,좋아하는 일과 잘하는 일이 겹치는 지점은 무엇인가요?,,,r,5,,,수동 확정,
1064,가치관,세상에 필요하다고 느끼는 일 중 내가 보탤 수 있는 것은 무엇인가요?,V2,나 ↔ 우리,r,3,,,수동 확정,
1065,감정,나를 단번에 김빠지게 만드는 것은 무엇인가요?,,,k,4,,,수동 확정,
1066,감정,내 몸에서 가장 마음에 드는 부분은 어디인가요?,,,r,6,,,수동 확정,
1067,감정,노래를 흥얼거리게 되는 건 주로 언제인가요?,,,k,1,,,수동 확정,
1068,감정,요즘 나에게 일어난 좋은 일 세 가지는 무엇인가요?,,,k,1,,,수동 확정,
1069,감정,가장 행복했던 기억을 5초 안에 떠올리면 무엇이 떠오르나요?,,,k,1,,,수동 확정,
1070,감정,들었던 칭찬 중 가장 오래 기억에 남는 말은 무엇인가요?,,,k,4,,,수동 확정,
1071,감정,나는 나 자신과 얼마나 친한가요?,E4,다그침 ↔ 다독임,s,6,,,수동 확정,
1072,감정,"사소한 일이 오래 신경 쓰이는 편인가요, 금방 잊는 편인가요?",E2,민감함 ↔ 담담함,s,4,A,,수동 확정,
1073,감정,"나는 마음이 여린 편인가요, 단단한 편인가요?",E2,민감함 ↔ 담담함,s,1,A,,수동 확정,
1074,관계,친구가 나와 같은 실수를 했다면 친구에게 뭐라고 말해줄까요?,,,r,4,,,수동 확정,
1075,감정,"통제받을 때, 무시당할 때, 지루할 때 중 언제가 가장 참기 힘든가요?",,,k,4,,,수동 확정,
1076,관계,한 번에 정이 떨어지는 행동은 무엇인가요?,,,k,6,,,수동 확정,
1077,관계,전화 걸기 전에 할 말을 미리 연습하는 편인가요?,,,k,4,,,수동 확정,
1078,관계,나랑 친해지는 방법은 무엇인가요?,,,k,1,,,수동 확정,
1079,관계,낯을 얼마나 가리는 편인가요?,L2,넓게 ↔ 깊게,s,5,,,수동 확정,
1080,관계,다시 태어나도 친구가 되고 싶은 사람은 어떤 사람인가요?,,,k,1,,,수동 확정,
1081,관계,오래 알고 지내고 싶다고 느끼는 사람의 신호는 무엇인가요?,,,r,6,,,수동 확정,
1082,관계,절친이 나를 잊는 것과 내가 절친을 잊는 것 중 뭐가 더 슬픈가요?,,,k,1,,,수동 확정,
1083,관계,지금까지 받은 선물 중 가장 기억에 남는 것은 무엇인가요?,,,k,6,,,수동 확정,
1084,관계,"주목받는 자리는 편한 편인가요, 부담스러운 편인가요?",L1,이끎 ↔ 맞춤,s,5,A,,수동 확정,
1085,관계,"누가 고민을 털어놓으면 해결해주고 싶나요, 들어주고 싶나요?",L3,솔직함 ↔ 배려함,s,4,A,,수동 확정,
1086,관계,"답장은 빠른 편인가요, 느린 편인가요?",,,k,4,,,수동 확정,
1087,관계,하얀 거짓말을 하게 되는 순간은 주로 언제인가요?,L3,솔직함 ↔ 배려함,r,4,,,수동 확정,
1088,관계,나와 함께 있는 시간을 한마디로 표현하면 어떤 느낌일까요?,,,k,6,,,수동 확정,
1089,관계,"연락이 뜸해지면 불안해지는 편인가요, 크게 신경 안 쓰는 편인가요?",L2,넓게 ↔ 깊게,s,6,,,수동 확정,
1090,관계,'이걸 같이 나눌 사람이 있으면 좋겠다' 싶은 것은 무엇인가요?,,,k,6,,,수동 확정,
1091,관계,"가까워질수록 편해지나요, 가끔 거리를 두고 싶어지나요?",L2,넓게 ↔ 깊게,s,6,,,수동 확정,
1092,루틴,주변에서 알려준 나의 잠버릇은 무엇인가요?,,,k,1,,,수동 확정,
1093,루틴,나도 모르게 자주 쓰는 말버릇은 무엇인가요?,,,k,2,,,수동 확정,
1094,감정,혼자 생각에 잠기는 시간이 많은 편인가요?,,,r,4,,,수동 확정,
1095,루틴,'매일이 이랬으면 좋겠다' 싶은 날은 어떤 날인가요?,,,r,1,,,수동 확정,
1096,루틴,어떤 일이 있으면 하루가 괜찮았다고 느끼나요?,,,r,1,,,수동 확정,
1097,루틴,요즘 잘하고 싶어서 연습 중인 것은 무엇인가요?,,,k,2,,,수동 확정,
1098,루틴,남들은 이상하게 볼지 몰라도 나에겐 당연한 습관은 무엇인가요?,,,k,2,,,수동 확정,
1099,루틴,"해야 할 일은 바로 처리하는 편인가요, 몰아서 하는 편인가요?",R1,계획 ↔ 즉흥,s,3,A,,수동 확정,
1100,루틴,"짐은 며칠 전에 싸나요, 떠나기 직전에 싸나요?",R1,계획 ↔ 즉흥,s,6,A,,수동 확정,
1101,루틴,"새 물건을 사면 설명서부터 읽나요, 일단 써보나요?",R1,계획 ↔ 즉흥,s,6,A,,수동 확정,
1102,루틴,"금요일 밤엔 집에 있는 게 좋나요, 밖에 나가는 게 좋나요?",R3,움직여 쉼 ↔ 머물러 쉼,s,4,B,,수동 확정,
1103,사랑,연애할 때 이것만은 꼭 지켜줬으면 하는 한 가지는 무엇인가요?,,,r,4,,,수동 확정,
1104,사랑,좋아하는 마음을 표현할 때 나는 주로 무엇을 하나요?,S1,말로 표현 ↔ 행동으로 표현,k,3,,,수동 확정,
1105,사랑,연애할 때 나만의 질투 기준선은 어디쯤인가요?,S2,가까이 ↔ 각자,s,4,,,수동 확정,
1106,사랑,"애인이 생기면 친구들에게 바로 소개하는 편인가요, 천천히 하는 편인가요?",,,k,2,,,수동 확정,
1107,사랑,"사랑받는다고 느끼는 건 말, 시간, 선물, 도움, 스킨십 중 무엇인가요?",S1,말로 표현 ↔ 행동으로 표현,s,3,,,수동 확정,
1108,사랑,"연인이 내 친구의 깻잎을 떼어주는 건 괜찮나요, 신경 쓰이나요?",S2,가까이 ↔ 각자,s,4,,,수동 확정,
1109,사랑,연인이 있을 때 이성 친구와는 어디까지 괜찮다고 생각하나요?,S2,가까이 ↔ 각자,s,4,,,수동 확정,
1110,취향,나에게 가장 사치스러운 즐거움은 무엇인가요?,,,k,4,,,수동 확정,
1111,취향,사람 이름 중 가장 좋아하는 이름은 무엇인가요?,,,k,6,,,수동 확정,
1112,취향,가장 싫어하는 단어는 무엇인가요?,,,k,2,,,수동 확정,
1113,취향,듣기만 해도 싫은 소리는 무엇인가요?,,,k,1,,,수동 확정,
1114,취향,호불호 갈리는 음식 중 나는 좋아하는 것은 무엇인가요?,,,k,1,,,수동 확정,
1115,취향,지금 휴대폰 배경화면은 무엇인가요? 왜 그걸로 했나요?,,,k,6,,,수동 확정,
1116,취향,남들이 알면 신기해할 나만의 TMI는 무엇인가요?,,,k,6,,,수동 확정,
1117,취향,나를 해시태그 세 개로 표현하면 무엇인가요?,,,k,6,,,수동 확정,
1118,취향,나를 동물에 비유하면 어떤 동물인가요?,,,k,6,,,수동 확정,
1119,취향,발음이 가장 재미있는 우리말 단어는 무엇인가요?,,,k,2,,,수동 확정,
1120,취향,누구에게나 추천하고 싶은 나의 필수템은 무엇인가요?,,,k,4,,,수동 확정,
1121,취향,남들은 이해 못 해도 포기 못 하는 나의 취향은 무엇인가요?,,,k,6,,,수동 확정,
1122,취향,이야기만 나오면 눈이 반짝이는 주제는 무엇인가요?,,,k,6,,,수동 확정,
1123,취향,잃어버린 물건 중 하나를 되찾을 수 있다면 무엇을 고를까요?,,,k,4,,,수동 확정,
1124,취향,악기를 하나 배울 수 있다면 무엇을 배우고 싶나요?,,,k,5,,,수동 확정,
1125,취향,다큐멘터리를 하나 만든다면 무엇에 대해 찍고 싶나요?,,,k,2,,,수동 확정,
1126,취향,타투를 하나 새긴다면 어떤 그림이나 글자를 넣고 싶나요?,,,k,6,,,수동 확정,
1127,취향,지금까지 해본 머리 스타일 중 가장 마음에 들었던 건 무엇인가요?,,,k,6,,,수동 확정,
1128,취향,"멍하니 있을 때 주로 현실적인 생각을 하나요, 엉뚱한 상상을 하나요?",T1,익숙함 ↔ 새로움,s,6,A,,수동 확정,
1129,가치관,평생 여름과 평생 겨울 중 뭐가 더 나은가요?,,,k,4,,,수동 확정,
1130,취향,탕수육은 찍먹인가요 부먹인가요?,,,k,1,,,수동 확정,
1131,취향,창가 자리와 통로 자리 중 어디가 좋나요?,,,k,3,,,수동 확정,
1132,취향,"커피파인가요, 차파인가요?",,,k,1,,,수동 확정,
1133,취향,편한 신발과 예쁜 신발 중 뭐를 고르나요?,,,k,4,,,수동 확정,
1134,취향,함께 사는 것과 혼자 사는 것 중 뭐가 더 편한가요?,T2,혼자 즐김 ↔ 함께 즐김,s,3,B,,수동 확정,
1135,가치관,나를 소개할 때 가장 먼저 꺼내는 말은 무엇인가요?,,,k,6,,,수동 확정,
1136,가치관,내 하루에서 '해야 해'와 '하고 싶어'의 비율은 몇 대 몇인가요?,,,r,4,,,수동 확정,
1137,가치관,나를 위한 소비와 남을 위한 소비 중 뭐가 더 기분 좋나요?,V2,나 ↔ 우리,s,1,A,,수동 확정,
1138,가치관,딱 1년만 자유롭게 살 수 있다면 가장 먼저 무엇을 할까요?,,,k,4,,,수동 확정,
1139,가치관,"지금 애쓰는 일은 내가 원해서인가요, 남의 기대 때문인가요?",V2,나 ↔ 우리,r,5,,,수동 확정,
1140,감정,"완벽하게 하고 싶은 마음은 잘하고 싶어서인가요, 실수가 싫어서인가요?",E4,다그침 ↔ 다독임,r,6,,,수동 확정,
1141,가치관,10년 전의 나와 지금의 나 중 누가 더 행복할까요?,,,r,4,,,수동 확정,
1142,감정,스트레스를 받으면 몸의 어디가 가장 먼저 신호를 보내나요?,,,k,5,,,수동 확정,
1143,감정,기분이 좋을 때 나도 모르게 하는 행동은 무엇인가요?,E1,드러냄 ↔ 담아둠,s,2,,,수동 확정,
1144,감정,좋은 기분을 오래 붙잡는 나만의 방법은 무엇인가요?,,,k,3,,,수동 확정,
1145,감정,외로움을 느끼는 순간은 주로 언제인가요?,,,k,1,,,수동 확정,
1146,감정,마음속에서 나를 가장 자주 다그치는 말은 무엇인가요?,E4,다그침 ↔ 다독임,s,6,,,수동 확정,
1147,감정,"설렐 때와 긴장할 때, 내 몸은 어떻게 다르게 반응하나요?",,,k,1,,,수동 확정,
1148,감정,"힘들 때 나를 달래는 방법은 진짜 쉼인가요, 잠깐 미루는 건가요?",,,k,3,,,수동 확정,
1149,감정,여럿이 있을 때와 혼자일 때 중 언제 더 외로운가요?,,,k,1,,,수동 확정,
1150,관계,가족에게 물려받아 좋았던 습관은 무엇인가요?,,,k,2,,,수동 확정,
1151,관계,친구와 만나면 주로 어디서 시간을 보내나요?,,,k,1,,,수동 확정,
1152,관계,친구에게 가장 자주 보내는 이모티콘은 무엇인가요?,,,k,1,,,수동 확정,
1153,관계,처음 만난 사람과 금방 친해지게 되는 대화 주제는 무엇인가요?,,,k,5,,,수동 확정,
1154,관계,오랜만에 연락할 때 가장 먼저 보내는 말은 무엇인가요?,,,k,1,,,수동 확정,
1155,관계,친구들 사이에서 나는 어떤 캐릭터인가요?,,,k,1,,,수동 확정,
1156,관계,함께 있으면 시간이 빨리 가는 사람은 어떤 사람인가요?,,,k,6,,,수동 확정,
1157,관계,나를 잘 아는 친구가 말하는 나의 버릇은 무엇일까요?,,,k,1,,,수동 확정,
1158,관계,사람을 만나고 나면 혼자만의 시간이 꼭 필요한 편인가요?,L2,넓게 ↔ 깊게,s,5,,,수동 확정,
1159,관계,"힘들 때 나에게 필요한 건 해결책인가요, 공감인가요?",L3,솔직함 ↔ 배려함,s,4,A,,수동 확정,
1160,관계,거절하고 나면 미안함과 후련함 중 뭐가 더 큰가요?,L3,솔직함 ↔ 배려함,s,4,,,수동 확정,
1161,루틴,"약속은 미리 잡는 편인가요, 즉흥적으로 만나는 편인가요?",R1,계획 ↔ 즉흥,s,1,A,,수동 확정,
1162,관계,"단체 대화방에서 나는 말하는 편인가요, 보는 편인가요?",L1,이끎 ↔ 맞춤,s,5,A,,수동 확정,
1163,루틴,시간 가는 줄 모르고 빠져드는 일은 무엇인가요?,,,k,4,,,수동 확정,
1164,루틴,일주일 중 가장 기다려지는 순간은 언제인가요?,,,k,1,,,수동 확정,
1165,루틴,하루가 25시간이 된다면 남는 1시간에 무엇을 할까요?,,,k,4,,,수동 확정,
1166,루틴,쉬는 시간에도 할 일이 자꾸 떠오르는 편인가요?,R3,움직여 쉼 ↔ 머물러 쉼,s,4,,,수동 확정,
1167,루틴,잠들기 전 마지막으로 보는 앱은 무엇인가요?,,,k,6,,,수동 확정,
1168,루틴,샤워할 때 주로 무슨 생각을 하나요?,,,k,1,,,수동 확정,
1169,루틴,아무도 안 볼 때 나는 주로 무엇을 하나요?,,,k,4,,,수동 확정,
1170,루틴,누군가 내 하루를 몰래 본다면 나를 어떤 사람이라고 할까요?,,,r,2,,,수동 확정,
1171,사랑,사랑 노래 중 가장 공감 가는 노래는 무엇인가요?,,,k,5,,,수동 확정,
1172,사랑,좋아하는 사람에게 들으면 설레는 말은 무엇인가요?,,,k,3,,,수동 확정,
1173,사랑,"고백은 직접 만나서가 좋나요, 편지가 좋나요?",S1,말로 표현 ↔ 행동으로 표현,s,3,,,수동 확정,
1174,취향,가장 좋아하는 산책 코스는 어떤 곳인가요?,,,k,3,,,수동 확정,
1175,취향,가장 좋아하는 아침 메뉴는 무엇인가요?,,,k,1,,,수동 확정,
1176,취향,비 오는 날 집에서 가장 하고 싶은 일은 무엇인가요?,,,k,5,,,수동 확정,
1177,취향,가장 좋아하는 간식은 무엇인가요?,,,k,1,,,수동 확정,
1178,취향,가장 좋아하는 글씨체는 어떤 느낌인가요?,,,k,6,,,수동 확정,
1179,취향,가장 좋아하는 계절 음식은 무엇인가요?,,,k,1,,,수동 확정,
1180,취향,가장 좋아하는 캐릭터는 무엇인가요?,,,k,2,,,수동 확정,
1181,취향,갑자기 100만 원이 생기면 가장 먼저 무엇을 할까요?,T3,경험 ↔ 소유,s,4,,,수동 확정,
1182,취향,편의점에 가면 꼭 사는 것은 무엇인가요?,,,k,1,,,수동 확정,
1183,취향,방에 딱 하나만 들일 수 있다면 어떤 가구를 고를까요?,,,k,3,,,수동 확정,
1184,취향,"좋아하는 콘텐츠는 한 번만 보는 편인가요, 여러 번 다시 보는 편인가요?",T1,익숙함 ↔ 새로움,s,2,B,,수동 확정,
1185,취향,익숙한 것과 새로운 것 중 뭐가 더 끌리나요?,T1,익숙함 ↔ 새로움,s,6,A,,수동 확정,
1186,취향,선물로 물건과 손편지 중 뭐가 더 좋나요?,T3,경험 ↔ 소유,s,4,B,,수동 확정,
1187,취향,예쁘다고 느끼는 것들의 공통점은 무엇인가요?,,,r,6,,,수동 확정,
1188,관계,친구 취향과 내 취향이 충돌할 때 어느쪽을 주로 따르는 편인가요?,L1,이끎 ↔ 맞춤,s,1,B,,수동 확정,
1189,관계,마음에 안 드는 선물을 받으면 따로 말을 하는 편인가요?,L3,솔직함 ↔ 배려함,s,4,A,,수동 확정,
1190,관계,약속 장소는 내가 먼저 제안하는 편인가요?,L1,이끎 ↔ 맞춤,s,1,A,,수동 확정,
1191,관계,여러 사람과 무언갈 고를 때 내 취향을 먼저 말하는 편인가요?,L1,이끎 ↔ 맞춤,s,5,A,,수동 확정,
1192,관계,추천받은 맛집이 별로일 때 솔직히 말하는 편인가요?,L3,솔직함 ↔ 배려함,s,1,A,,수동 확정,
1193,관계,"식당 후기를 쓸 때 솔직하게 쓰나요, 좋게 쓰려고 노력하나요?",L3,솔직함 ↔ 배려함,s,4,A,,수동 확정,
1194,관계,"여행 계획을 정할 때 주로 의견을 내나요, 따라가는 편인가요?",L1,이끎 ↔ 맞춤,s,5,A,,수동 확정,
1195,관계,다수결로 내 취향이 밀렸을 때 다시 한 번 어필해 보는 편인가요?,L1,이끎 ↔ 맞춤,s,5,A,,수동 확정,
