질문 ID,관심사,문구,분석 축,신호,해석 가이드
34,취향,어떤 라이프스타일로 살고 싶나요?,가치·동기,t,바라는 삶의 핵심 단어 → 우선 가치
96,감정,나를 가장 자주 움직이게 하는 감정은 무엇인가요?,가치·동기,t,나를 움직이는 감정(설렘/불안/책임감 등) → 동기원
111,루틴,나에게 주는 확실한 보상은 무엇인가요?,가치·동기,t,보상의 종류 → 외적 보상 활용
127,루틴,하기 싫은 일을 할 때 나를 움직이게 하는 한마디는 무엇인가요?,가치·동기,t,자기 동기 문장의 결(보상/책임/의미)
149,루틴,일상을 잘 보냈다고 느끼는 날은 어떤 날인가요?,가치·동기,t,잘 보낸 하루의 기준 → 가치
163,관계,친구를 사귈 때 가장 중요하게 보는 점은 무엇인가요?,가치·동기,t,친구 선택 기준 → 관계 가치
176,관계,내가 생각하는 '좋은 사람'의 기준은 무엇인가요?,가치·동기,t,좋은 사람 기준 → 관계 가치
190,관계,관계를 정리하게 되는 순간은 언제인가요?,가치·동기,t,관계를 정리하는 기준 → 관계의 선
206,관계,사람들에게 어떤 부분에서 인정받고 싶나요?,가치·동기,t,인정받고 싶은 영역 → 인정 욕구
248,사랑,내 인생에서 사랑이 차지하는 비중은 몇 퍼센트쯤일까요?,가치·동기,t,사랑의 비중 → 관계 가치 크기
253,가치관,가장 보람을 느끼는 순간은 언제인가요?,가치·동기,t,보람의 원천 → 성취/관계/기여
254,가치관,5년 뒤 '잘 살고 있다'고 느끼려면 뭐가 필요할까요?,가치·동기,t,잘 사는 조건 → 핵심 가치
256,가치관,돈을 쓸 때 가장 아깝지 않은 곳은 어디인가요?,가치·동기,t,돈 쓰는 곳 → 경험/물건/관계 가치
257,가치관,내가 생각하는 '부자'의 기준은 무엇인가요?,가치·동기,t,부의 기준 → 안정/자유/여유
268,가치관,시간이 가장 빨리 가는 순간은 언제인가요?,가치·동기,t,몰입하는 활동 → 내재 흥미
271,가치관,공정하지 않다고 느끼는 상황은 언제인가요?,가치·동기,t,불공정 민감 영역 → 공정 가치
274,가치관,손해를 봐도 지키고 싶은 원칙은 무엇인가요?,가치·동기,t,지키는 원칙 → 핵심 가치
275,가치관,행복하려면 꼭 필요한 세 가지는 무엇인가요?,가치·동기,t,행복 조건 → 가치 우선순위
277,가치관,내가 가장 자유롭다고 느끼는 순간은 언제인가요?,가치·동기,t,자유를 느끼는 순간 → 자율 가치
279,가치관,100억이 생긴다면 내 삶의 목표가 바뀔까요?,가치·동기,t,안 바뀜→내재 동기 / 바뀜→외적 조건 영향
283,가치관,나의 가치관과 충돌하는 상황에서 나는 어떻게 하나요?,가치·동기,t,타협/고수 → 가치 일관성
284,가치관,삶의 의미를 어디에서 찾나요?,가치·동기,t,의미의 원천
287,가치관,나에게 '일'은 어떤 의미인가요?,가치·동기,t,일의 의미(생계/성장/정체성)
289,가치관,내가 가장 중요하게 생각하는 옳고 그름의 기준은 무엇인가요?,가치·동기,t,옳고 그름 기준
311,취향,취미에 일주일에 얼마나 시간을 쓰나요?,가치·동기,t,취미 시간 크기 → 여가·자기표현 가치
416,루틴,워라밸이 얼마나 중요한가요?,가치·동기,t,워라밸 중요도 → 여유 vs 성취 가치
454,루틴,"잘하고 싶은 마음 vs 해야 하는 마음, 뭐가 더 크나요?",가치·동기,c,잘하고 싶음→내재·성취 동기 / 해야 함→의무 동기
477,루틴,나에게 '돈'이란 한마디로 무엇인가요?,가치·동기,t,돈의 의미(안정/자유/수단)
494,관계,친한 친구가 큰 잘못을 하고 숨겨달라고 하면 어떻게 할 것 같나요?,가치·동기,t,의리 vs 원칙 → 도덕 판단 기준
546,관계,우정에서 무엇을 가장 중요하게 생각하나요?,가치·동기,t,우정에서 중요한 것 → 관계 가치
569,사랑,내 인생에서 사랑은 몇 순위쯤인가요? 이유도 알려주세요.,가치·동기,t,사랑 순위 → 관계 가치 비중
581,가치관,내 생각을 쉽게 굽히지 않는 주제는 무엇인가요?,가치·동기,t,굽히지 않는 주제 → 핵심 신념
583,가치관,편안함과 성장 중 요즘의 나는 어느 쪽을 더 원하나요?,가치·동기,c,편안함→안정 / 성장→성취·자극
586,가치관,언제 가장 살아있다고 느끼나요?,가치·동기,t,살아있음을 느끼는 순간 → 몰입·의미
592,가치관,좋아하는 일과 잘하는 일 중 어느 쪽을 직업으로 삼고 싶나요?,가치·동기,c,좋아하는 일→내재 동기 / 잘하는 일→성취·현실
593,가치관,돈과 시간 중 더 소중한 건 무엇인가요?,가치·동기,c,돈→안정·물질 / 시간→자율·경험
594,가치관,나에게 성공한 하루는 어떤 하루인가요?,가치·동기,t,성공한 하루 기준 → 성취 정의
595,가치관,지금 나는 꿈과 현실 중 어느 쪽에 더 가까운가요?,가치·동기,c,꿈→이상 / 현실→실용
597,가치관,재능과 노력 중 무엇이 더 중요하다고 생각하나요?,가치·동기,c,재능→고정 관점 / 노력→성장 관점
600,가치관,가장 이기고 싶을 땐 언제인가요?,가치·동기,t,이기고 싶은 상황 → 경쟁 동기 영역
611,가치관,사람은 변할 수 있다고 생각하나요?,가치·동기,c,변할 수 있다→성장 관점 / 없다→고정 관점
614,가치관,절대 되고 싶지 않은 사람의 모습은 무엇인가요?,가치·동기,t,되기 싫은 모습 → 반대 가치
617,가치관,과정이 나빠도 결과가 좋으면 괜찮나요?,가치·동기,c,괜찮음→결과 중심 / 아님→과정 중심
622,가치관,내 인생에서 덜어내고 싶은 것은 무엇인가요?,가치·동기,t,덜어내고 싶은 것 → 부담 영역
626,가치관,요즘 나를 움직이게 하는 가장 큰 동력은 무엇인가요?,가치·동기,t,현재 동력 → 동기원
628,가치관,누구 눈치도 보지 않고 내 마음대로 정하고 싶은 것은 무엇인가요?,가치·동기,t,자율 영역 → 자기결정 욕구
634,가치관,관계에서 내가 절대 포기할 수 없는 0순위는 무엇인가요?,가치·동기,t,관계 0순위 → 관계 핵심 가치
659,가치관,어떤 상황에서도 절대 하지 않을 것 같은 한 가지 일은 무엇인가요?,가치·동기,t,절대 하지 않을 일 → 도덕 경계
671,취향,물건을 소유하는 삶과 경험을 쌓는 삶 중 뭐가 더 남나요?,가치·동기,c,소유→물질 / 경험→경험 가치
692,관계,친구들에게 인정받는 것과 부모님께 인정받는 것 중 뭐가 더 중요한가요?,가치·동기,t,인정받고 싶은 대상 → 인정 욕구 원천
705,관계,"10억을 준다면, 절친을 배신하는 것과 의리를 지키는 것 중 뭐가 더 끌리나요?",가치·동기,c,의리→관계 가치 / 돈→물질
706,관계,인성은 아쉽지만 능력 좋은 동료와 인성은 좋지만 능력은 아쉬운 동료 중 누구와 함께하고 싶나요?,가치·동기,c,능력→성과 / 인성→관계
712,관계,편안한 우정과 나를 성장시키는 우정 중 뭐가 더 끌리나요?,가치·동기,c,편안→안정 / 성장→성취
717,관계,내 뜻대로 하는 힘과 모두에게 믿음받는 것 중 뭐가 더 나은가요?,가치·동기,c,내 뜻→자율·권력 / 믿음→관계 신뢰
745,가치관,하기 싫은 일로 월 600을 버는 것과 자유롭게 지내며 월 200을 받는 것 중 뭐가 더 나은가요?,가치·동기,c,600→물질 / 자유 200→자율
746,가치관,연봉 2천에 매일 칼퇴근하는 것과 연봉 6천에 주 7일 일하는 것 중 뭐가 더 나에게 맞나요?,가치·동기,c,칼퇴→여유 / 6천→성취·물질
748,가치관,바쁘지만 성장하는 곳과 여유롭지만 성장 없는 곳 중 어디가 더 나은가요?,가치·동기,c,성장→성취 / 여유→안락
751,가치관,배울 게 많은 사람과 편한 사람 중 누구와 함께하고 싶나요?,가치·동기,c,배울 게 많은→성장 / 편한→안락
753,가치관,남 밑에서 편하게 일하는 것과 내 사업을 하는 것 중 뭐가 더 나은가요?,가치·동기,c,편하게→안정 / 내 사업→자율·도전
756,가치관,아무도 몰라주는 최고와 존경받는 평범함 중 뭐가 더 만족스러운가요?,가치·동기,c,최고→성취 내재 / 존경→사회적 인정
757,가치관,개인적인 삶의 성공과 커리어의 성공 중 뭐가 더 중요한가요?,가치·동기,c,개인의 삶→관계·여유 / 커리어→성취
762,가치관,한 사람을 깊이 돕는 것과 백 명을 조금씩 돕는 것 중 뭐가 더 의미 있나요?,가치·동기,c,한 사람 깊이→관계 깊이 / 백 명→영향력
767,가치관,보람 있게 열심히 일하는 삶과 편한 삶 중 뭐가 더 값진가요?,가치·동기,c,보람→성취·의미 / 편한 삶→안락
769,가치관,세상 문제에 책임감을 느끼는 삶과 신경 쓰지 않고 즐기는 삶 중 뭐가 더 나다운가요?,가치·동기,c,책임감→보편주의 / 즐김→쾌락·자기방향
770,가치관,가장 인기 있는 사람과 가장 똑똑한 사람 중 누가 더 되고 싶나요?,가치·동기,c,인기→사회적 인정 / 똑똑함→역량
772,가치관,크게 이룬 것 없는 만족스러운 삶과 이루고도 불만족스러운 삶 중 뭐가 더 나은가요?,가치·동기,c,만족→행복 중심 / 성취→성취 중심
781,가치관,다수를 위한 희생과 내 행복 중 뭐가 더 우선인가요?,가치·동기,c,다수→이타 / 내 행복→자기 중심
783,가치관,편안함을 추구하는 삶과 끊임없이 애쓰는 삶 중 뭐가 더 나다운가요?,가치·동기,c,편안함→안락 / 애씀→성취
796,가치관,지금 가진 것에 만족하는 것과 더 원하는 것 중 뭐가 더 나다운가요?,가치·동기,c,만족→수용 / 더 원함→성취 욕구
797,가치관,역사에 이름을 남기는 삶과 행복한 평범함 중 뭐가 더 나은가요?,가치·동기,c,이름 남기기→성취·명예 / 평범한 행복→안락
802,가치관,작은 곳의 리더와 큰 곳의 구성원 중 뭐가 더 편한가요?,가치·동기,c,작은 곳 리더→주도 / 큰 곳 구성원→소속·안정
804,가치관,연봉이 두 배로 오르는 것과 1년 유급 휴가 중 뭐가 더 좋은가요?,가치·동기,c,연봉→물질 / 휴가→여유·경험
808,가치관,적은 월급에 좋아하는 일과 고액 연봉에 싫은 일 중 뭐가 더 만족스러운가요?,가치·동기,c,좋아하는 일→내재 동기 / 고액 연봉→외적 보상
809,가치관,자유로운 프리랜서와 안정적인 직장인 중 어느 쪽이 더 나에게 맞을까요?,가치·동기,c,프리랜서→자율 / 직장인→안정
821,가치관,두려움을 없애는 것과 강점을 키우는 것 중 뭐가 더 끌리나요?,가치·동기,c,두려움 없애기→약점 보완 / 강점 키우기→강점 지향
838,가치관,완벽해도 가짜인 삶과 평범해도 진짜인 삶 중 뭐가 더 나은가요?,가치·동기,c,진짜→진정성 / 완벽한 가짜→이미지
847,가치관,친절한 사람으로 남는 것과 똑똑한 사람으로 남는 것 중 뭐가 더 좋은가요?,가치·동기,c,친절→관계 가치 / 똑똑함→역량 가치
870,가치관,세상을 바꾸려 애쓰는 것과 있는 그대로 받아들이는 것 중 뭐가 더 나에게 맞나요?,가치·동기,c,바꾸려 애씀→변화·영향 / 받아들임→수용
874,가치관,조금씩 나아지는 삶과 크게 도약하는 삶 중 뭐가 더 나다운가요?,가치·동기,c,조금씩→점진·안정 / 도약→도전·성취
54,감정,눈물이 나는 순간은 주로 어떤 때인가요?,감정 민감도,t,눈물이 나는 상황의 종류 → 정서 민감 영역
67,감정,나는 주로 어떤 상황에서 질투를 느끼나요?,감정 민감도,t,질투가 생기는 영역 → 비교 민감 영역
73,감정,남들 시선이 가장 신경 쓰이는 상황은 언제인가요?,감정 민감도,t,시선이 신경 쓰이는 상황 → 평가 민감
74,감정,말로 표현하기 가장 어려운 감정은 무엇인가요?,감정 민감도,t,표현이 막히는 감정 → 억제되는 감정
77,감정,내가 가장 예민하게 반응하는 포인트는 무엇인가요?,감정 민감도,t,예민 포인트 → 핵심 민감 영역
84,감정,남에게 잘 말하지 않는 걱정은 어떤 종류인가요?,감정 민감도,t,숨기는 걱정의 영역 → 불안 주제
188,관계,말이나 행동을 조심하게 되는 상황은 언제인가요?,감정 민감도,t,조심하는 상황 → 사회적 민감
191,관계,나를 지치게 하는 관계는 어떤 모습인가요?,감정 민감도,t,소진되는 관계 모습 → 민감 영역
202,관계,다른 사람의 좋은 소식을 들으면 어떤 마음이 먼저 드나요?,감정 민감도,t,축하 먼저→안정 / 비교·조급 먼저→비교 민감
203,관계,나를 가장 화나게 하는 말은 무엇인가요?,감정 민감도,t,화나는 말 → 핵심 상처 지점
208,관계,관계에서 가장 힘든 순간은 어떤 때인가요?,감정 민감도,t,관계에서 힘든 순간 → 취약 지점
224,사랑,질투심이 들 때 나는 어떻게 반응하나요?,감정 민감도,t,질투 반응 → 표현/억제/불안
298,가치관,남과 나를 비교하게 될 때 어떤 생각이 드나요?,감정 민감도,t,비교 시 감정 → 자존감 민감
351,감정,스스로도 놀랐던 내 감정 반응은 무엇인가요?,감정 민감도,t,의외의 감정 반응 → 숨은 민감 영역
355,감정,감정을 억누르기 힘든 순간은 주로 언제인가요?,감정 민감도,t,감정 조절이 어려운 상황 → 취약 트리거
361,감정,"내 기분은 예측이 잘 되는 편인가요, 변덕스러운 편인가요?",감정 민감도,c,예측 가능→정서 안정 / 변덕→정서 변동성
362,감정,기분이 갑자기 바뀌는 순간은 주로 언제인가요?,감정 민감도,t,기분 변화 트리거
364,감정,나를 가장 강하게 흔드는 감정은 무엇인가요?,감정 민감도,t,가장 강한 감정 → 지배 정서
365,감정,나를 가장 쉽게 지치게 만드는 것은 무엇인가요?,감정 민감도,t,소진 요인 → 에너지 취약 지점
369,감정,가장 마주하기 싫은 감정은 무엇인가요?,감정 민감도,t,회피하는 감정 → 정서 회피
389,감정,감정을 숨기기 어려워하는 편인가요?,감정 민감도,c,숨기기 어려움→정서 표현 개방
390,감정,감정에 쉽게 휘둘리는 편인가요?,감정 민감도,c,휘둘림→정서 반응성 높음 / 아님→안정
392,감정,남들보다 자주 느끼는 감정은 무엇인가요?,감정 민감도,t,자주 느끼는 감정 → 기저 정서
397,감정,나만의 짜증이 나는 포인트는 무엇인가요?,감정 민감도,t,짜증 포인트 → 민감 영역
398,감정,화난 감정이 얼마나 오래가나요?,감정 민감도,t,분노 지속 시간 → 반추·회복 속도
404,감정,가장 두려운 실패는 어떤 실패인가요?,감정 민감도,t,두려운 실패 영역 → 불안 주제
406,감정,혼자 있을 때 불안함을 어느정도 느끼나요?,감정 민감도,t,혼자일 때 불안 정도 → 고독 내성
407,감정,"미래가 불안할 때, 어떤 부분이 가장 걱정되나요?",감정 민감도,t,미래 불안 영역
411,감정,감정의 회복 속도가 빠른 편인가요 혹은 느린편인가요?,감정 민감도,c,빠름→정서 회복력 / 느림→반추 경향
455,루틴,시험이나 발표 전에 긴장하는 편이에요?,감정 민감도,c,긴장함→평가 불안
485,루틴,밤이 되면 생각이 많아지는 편인가요?,감정 민감도,c,많아짐→반추 경향
488,루틴,이불 속에서 눈을 감으면 가장 먼저 떠오르는 생각은 뭔가요?,감정 민감도,t,잠들기 전 생각의 결 → 반추/기대
489,루틴,당황하면 나도 모르게 나오는 말이나 행동은 무엇인가요?,감정 민감도,t,당황 반응 → 스트레스 반응 양식
538,관계,지나간 인연을 자주 떠올리는 편인가요?,감정 민감도,c,자주 떠올림→반추·회고 경향
574,가치관,남의 시선을 얼마나 의식하나요?,감정 민감도,t,시선 의식 정도 → 평가 민감
644,가치관,포기할 때 나는 어떤 마음이 드나요?,감정 민감도,t,포기 시 감정 → 자기 비판/수용
673,감정,아파도 감정을 그대로 느끼는 것과 부정적인 감정을 안 느끼는 것 중 뭐가 더 좋나요?,감정 민감도,c,그대로 느낌→정서 수용 / 안 느낌→정서 회피
675,감정,감정을 강렬하게 느끼는 것과 잔잔하게 한결같이 느끼는 것 중 뭐가 더 나다운가요?,감정 민감도,c,강렬→정서 강도 높음 / 잔잔→정서 안정
747,가치관,칭찬받을 때와 싫은 소리를 들을 때 중 언제 일이 더 잘되나요?,감정 민감도,c,칭찬→긍정 강화형 / 싫은 소리→압박 동기형
819,가치관,사람들의 속마음을 아는 것과 모르는 것 중 뭐가 더 편안한가요?,감정 민감도,c,아는 게 편함→불확실성 불편 / 모르는 게 편함→평가 회피
824,가치관,한 달을 슬퍼하고 달라지는 것과 1년을 무감각하게 사는 것 중 뭐가 더 나은가요?,감정 민감도,c,슬퍼하고 달라짐→정서 수용 / 무감각→회피
138,루틴,"새로운 걸 시작할 때 일단 해보는 편인가요, 충분히 알아보고 시작하는 편인가요?",결정 방식,c,일단 해봄→직관·실행 / 알아봄→분석·신중
272,가치관,인생에서 '운'이 차지하는 비중은 어느 정도일까요?,결정 방식,t,운 비중 높음→외적 통제 / 낮음→내적 통제
273,가치관,나는 '직감'을 믿는 편인가요?,결정 방식,c,믿음→직관형 / 아님→분석형
291,가치관,과거로 돌아가 딱 하나를 바꿀 수 있다면 무엇을 바꾸고 싶나요?,결정 방식,t,바꾸고 싶은 선택 → 후회 영역
393,감정,"감정을 정리한 뒤에 대화하는 편인가요, 대화하면서 정리하는 편인가요?",결정 방식,c,정리 후 대화→내적 처리 / 대화하며 정리→외적 처리
473,루틴,"물건을 살 때 가격이 먼저인가요, 마음에 드는 게 먼저인가요?",결정 방식,c,가격→실용·분석 / 마음→감정·직관
523,관계,대화할 때 나는 조언과 공감 중 무엇을 더 원하나요?,결정 방식,c,조언→사고형 / 공감→감정형
563,사랑,끌리는 사람과 좋은 사람 중 누가 더 좋은가요?,결정 방식,c,끌림→감정·직관 / 좋은 사람→이성·판단
566,사랑,"처음엔 별로였다가 좋아지는 편인가요, 첫인상이 오래가는 편인가요?",결정 방식,c,점점 좋아짐→숙고형 / 첫인상 유지→직관형
579,가치관,나의 생각과 감정 중 뭘 더 믿나요?,결정 방식,c,생각→사고형 / 감정→감정형
638,가치관,선택을 후회하지 않기 위한 나만의 방법은 무엇인가요?,결정 방식,t,후회 방지 전략 → 결정 스타일
677,감정,평생 남을 후회와 한순간의 창피함 중 뭐가 더 두렵나요?,결정 방식,c,후회가 두려움→기회 지향 / 창피함→평가 불안
752,가치관,확실한 10억과 반반 확률의 50억 중 뭐가 더 나은가요?,결정 방식,c,확실한 10억→위험 회피 / 50억 확률→위험 감수
780,가치관,미리 허락을 구하는 것과 일단 저지르는 것 중 뭐가 더 편한가요?,결정 방식,c,허락→신중·규범 / 저지름→실행·위험 감수
787,가치관,책으로 배운 것과 직접 부딪혀 배운 것 중 뭐가 더 크게 남나요?,결정 방식,c,책→이론·분석 / 부딪힘→경험·실행
788,가치관,남의 조언을 받아들이는 것과 내 판단만 믿는 것 중 뭐가 더 나은가요?,결정 방식,c,조언 수용→개방 / 내 판단→자기 확신
799,가치관,늘 옳은 결정을 내리는 힘과 실수에서 빨리 배우는 힘 중 뭐가 더 필요한가요?,결정 방식,c,옳은 결정→완벽 지향 / 빨리 배움→성장 지향
816,가치관,신중히 곱씹는 삶과 후회 없이 실수하는 삶 중 뭐가 더 나다운가요?,결정 방식,c,곱씹는 삶→숙고 / 실수하는 삶→실행
872,가치관,선택지가 너무 많은 것과 하나의 길만 걷는 것 중 뭐가 더 답답한가요?,결정 방식,c,선택지 많음이 답답→만족화·단순 선호 / 하나의 길이 답답→자율·탐색
875,가치관,혼자 정하는 것과 함께 정하는 것 중 뭐가 더 마음 편한가요?,결정 방식,c,혼자→독립 결정 / 함께→협의 결정
115,루틴,"미루고 싶을 때 나를 움직이게 하는 건 마감인가요, 의지인가요?",계획·실행,c,마감→외적 압박형 / 의지→자기조절형
117,루틴,새로운 루틴을 만들 때 가장 힘든 점은 무엇인가요?,계획·실행,t,루틴이 막히는 지점 → 자기조절의 약점
118,루틴,"일정을 머릿속으로 기억하는 편인가요, 적어두는 편인가요?",계획·실행,c,머릿속→즉흥·기억 의존 / 적어둠→체계형
122,루틴,할 일이 많을 때 어떤 순서로 처리하나요?,계획·실행,t,우선순위·계획 방식 → 체계성
124,루틴,"약속 시간에 딱 맞춰 가는 편인가요, 일찍 가는 편인가요?",계획·실행,c,딱 맞춰→효율 / 일찍→신중·대비
125,루틴,"돈을 계획적으로 쓰는 편인가요, 그때그때 쓰는 편인가요?",계획·실행,c,계획적→성실·통제 / 그때그때→즉흥
128,루틴,"짐을 쌀 때 꼼꼼하게 챙기는 편인가요, 최소한만 챙기는 편인가요?",계획·실행,c,꼼꼼→준비·통제 / 최소→유연·즉흥
132,루틴,중요한 일을 앞두고 하는 나만의 준비는 무엇인가요? 징크스도 좋아요.,계획·실행,t,준비 행동·징크스 → 통제 욕구
136,루틴,"기록하는 편인가요, 기억에 맡기는 편인가요?",계획·실행,c,기록→체계형 / 기억→즉흥형
270,가치관,"약속을 지키는 편인가요, 유연하게 바꾸는 편인가요?",계획·실행,c,지킴→원칙·성실 / 유연→적응
303,취향,"야심 차게 시작했다가 금방 포기한 취미가 있다면, 어떤 건가요?",계획·실행,t,시작-포기 패턴 → 지속성
314,취향,여행 갈 때 계획파인가요 무계획파인가요?,계획·실행,c,계획파→체계 / 무계획파→즉흥
414,루틴,아침형 인간인가요 저녁형 인간인가요?,계획·실행,c,아침형 / 저녁형 → 생활 리듬
415,루틴,계획이 바뀌었을 때 어떻게 행동하나요?,계획·실행,t,계획 변경 대응 → 유연성/통제 욕구
428,루틴,계속 미루고 있는 일 하나는 무엇인가요?,계획·실행,t,미루는 일의 종류 → 회피 영역
430,루틴,나도 모르게 과하게 하는 것은 무엇인가요?,계획·실행,t,과하게 하는 것 → 조절이 어려운 영역
432,루틴,"나는 계획적으로 사는 편인가요, 즉흥적으로 사는 편인가요?",계획·실행,c,계획적→성실 / 즉흥적→유연
436,루틴,계획보다 시간이 훨씬 더 오래 걸린 일은 무엇인가요?,계획·실행,t,시간 예측 오차 → 계획 오류
437,루틴,끝내지 못하고 붙잡고 있는 일은 무엇인가요?,계획·실행,t,끝내지 못하는 일 → 완결 어려움
446,루틴,무언가에 한 번 몰입하면 집중력은 보통 얼마나 지속되나요?,계획·실행,t,몰입 지속 시간 → 집중력
447,루틴,"여러 일을 동시에 하는 편인가요, 하나에 몰입하는 편인가요?",계획·실행,c,동시에→멀티태스킹 / 하나에→단일 몰입
449,루틴,타이머나 시간 관리 도구를 쓰나요?,계획·실행,c,씀→체계적 관리
450,루틴,"집중이 안 될 때 잠깐 쉬는 편인가요, 억지로라도 버티는 편인가요?",계획·실행,c,쉼→자기 조절·유연 / 버팀→인내·완수
457,루틴,"물건을 잘 버리는 편인가요, 모아두는 편인가요?",계획·실행,c,버림→단순·정리 / 모아둠→보존·애착
458,루틴,"물건의 자리를 정해두는 편인가요, 그때그때 두는 편인가요?",계획·실행,c,정해둠→질서 / 그때그때→유연
460,루틴,"주변이 어수선하면 바로 치우는 편인가요, 그냥 두는 편인가요?",계획·실행,c,바로 치움→질서 욕구 / 둠→무심·유연
463,루틴,공간이 깨끗해지면 마음도 달라지나요?,계획·실행,t,환경이 마음에 주는 영향 → 질서 민감
469,루틴,"귀찮은 날 나는 쉬는 편인가요, 그래도 하는 편인가요?",계획·실행,c,쉼→유연·자기 돌봄 / 그래도 함→성실·자기통제
476,루틴,바꾸고 싶은 나의 소비 습관은 무엇인가요?,계획·실행,t,바꾸고 싶은 소비 → 충동 조절
576,가치관,"포기가 빠른 편인가요, 늦은 편인가요?",계획·실행,c,빠름→유연·손절 / 늦음→끈기
609,가치관,자꾸 미루게 되는 일은 무엇인가요?,계획·실행,t,미루는 일 → 회피 영역
633,가치관,원칙과 융통성 중 나는 어느 쪽에 더 가깝나요?,계획·실행,c,원칙→성실·규범 / 융통성→유연
682,루틴,10분 늦는 것과 20분 일찍 오는 것 중 뭐가 더 편한가요?,계획·실행,c,10분 늦음→느긋 / 20분 일찍→신중·통제
720,사랑,사소한 기념일까지 챙기는 것과 중요한 날만 챙기는 것 중 뭐가 더 편한가요?,계획·실행,c,사소한 것까지→세심·의례 / 중요한 날만→실용
744,가치관,매번 늦는 사람과 재촉하는 사람 중 누가 더 미운가요?,계획·실행,c,늦는 사람이 미움→시간 엄수 / 재촉이 미움→느긋
779,가치관,촘촘한 계획과 순간의 마음을 따르는 것 중 뭐가 더 나에게 맞나요?,계획·실행,c,촘촘한 계획→체계 / 마음 따름→즉흥
790,가치관,번 돈은 저축하는 것과 아낌없이 쓰는 것 중 뭐가 더 나다운가요?,계획·실행,c,저축→지연 보상 / 소비→즉시 만족
798,가치관,지금 하고 싶은 일과 해야 하는 일 중 무엇을 먼저 하나요?,계획·실행,c,하고 싶은 일 먼저→즉시 만족 / 해야 하는 일 먼저→자기통제
80,감정,"용서가 쉬운 편인가요, 어려운 편인가요?",관계 온도,c,쉬움→관용·유연 / 어려움→원칙·상처 기억
164,관계,반대되는 성격의 사람과도 잘 지내는 편인가요?,관계 온도,c,잘 지냄→친화·유연 / 어려움→선호 뚜렷
169,관계,다른 사람의 고민을 잘 들어주는 편인가요?,관계 온도,c,잘 들어줌→친화·공감
172,관계,거절을 해야 할 때 어떤 마음이 드나요?,관계 온도,t,미안함·죄책감→과잉 배려 / 담담→경계 설정
175,관계,불편한 사람과 거리를 둘 때 나는 어떻게 하는 편인가요?,관계 온도,t,직접 말함→자기주장 / 조용히 멀어짐→회피
177,관계,누군가에게 실망했을 때 어떤 태도를 취하나요?,관계 온도,t,표현/거리두기/이해 → 갈등 태도
180,관계,다른 사람 칭찬을 잘해주는 편인가요?,관계 온도,c,잘함→친화·표현
182,관계,오해가 생겼을 때 어떻게 대처하나요?,관계 온도,t,바로 풀기→직면 / 기다림→회피·시간 필요
183,관계,"다투고 나면 먼저 사과하는 편인가요, 기다리는 편인가요?",관계 온도,c,먼저 사과→관계 우선 / 기다림→자존·원칙
189,관계,나를 바꾸려 하는 사람을 만나면 어떻게 하나요?,관계 온도,t,맞춤/거리두기/주장 → 자기주장
227,사랑,사랑하는 사람과 다툼이 생기면 어떻게 해결하나요?,관계 온도,t,대화/시간/회피 → 갈등 해결 방식
230,사랑,사랑하는 사람이 슬플 때 나는 어떻게 대처하나요?,관계 온도,t,해결책 제시 vs 곁에 있기 → 공감 방식
239,사랑,사랑하는 사람을 위해 어디까지 양보할 수 있나요?,관계 온도,t,양보 한계 → 경계 설정
294,가치관,억울한 일을 당했을 때 나는 어떻게 대처하나요?,관계 온도,t,따짐/참음/정리 → 자기주장
394,감정,다른 사람의 감정에 얼마나 예민하게 반응하는 편인가요?,관계 온도,t,타인 감정 민감도 → 공감 민감성
413,감정,미안하다는 표현을 잘하는 편인가요?,관계 온도,c,잘함→관계 회복 지향
475,루틴,누군가에게 돈을 쓸 때 기분이 어떤가요?,관계 온도,t,타인에게 쓸 때 기분 → 관대함
490,루틴,겉으로는 '응' 하지만 속으로는 '싫어' 하는 것은 무엇인가요?,관계 온도,t,속으로 거절하는 것 → 표현되지 않은 경계
497,관계,관계에서 주고받는 것의 균형을 중요하게 생각하나요?,관계 온도,c,중요함→호혜성 / 아님→무조건적 관계관
500,관계,의견이 다를 때 어떻게 대화를 풀어나가나요?,관계 온도,t,의견 차이 대화 → 협상/양보/주장
503,관계,관계가 자연스럽게 멀어질 때 어떻게 행동하나요?,관계 온도,t,멀어지는 관계 대응 → 붙잡음/수용
510,관계,실망해도 기회를 또 주는 편인가요?,관계 온도,c,또 줌→관용 / 안 줌→원칙
511,관계,다수 의견이랑 다를 때 말하는 편인가요?,관계 온도,c,말함→자기주장 / 안 함→동조
524,관계,"하고 싶은 말을 참는 편인가요, 하는 편인가요?",관계 온도,c,참음→갈등 회피 / 함→자기주장
529,관계,다른 사람의 감정을 잘 알아채는 편인가요?,관계 온도,c,잘 알아챔→공감 민감성
534,관계,"말을 다정하게 하는 편인가요, 직설적으로 하는 편인가요?",관계 온도,c,다정→관계 보호 / 직설→명확성
555,사랑,"싸우면 바로 푸는 편인가요, 시간을 두는 편인가요?",관계 온도,c,바로 풂→직면 / 시간 둠→숙고·회피
562,사랑,연인에게 절대 져줄 수 없는 것이 무엇인가요?,관계 온도,t,양보 못 하는 것 → 핵심 경계
575,가치관,거절을 해야 할 때 나는 어떻게 하나요?,관계 온도,t,거절 방식 → 자기주장·경계
596,가치관,다수의 의견과 내 생각이 다를 때 어떻게 하나요?,관계 온도,t,다수와 다를 때 → 동조/주장
616,가치관,"자존심 때문에 손해를 보는 편인가요, 자존심을 쉽게 굽히는 편인가요?",관계 온도,c,손해 봄→자존·원칙 / 굽힘→유연·관계 우선
680,감정,내 감정을 완전히 다스리는 능력과 타인의 감정을 읽는 능력 중 뭐가 더 갖고 싶나요?,관계 온도,c,내 감정 다스림→자기조절 / 타인 감정 읽기→공감 지향
698,관계,친구가 내 실수를 솔직하게 말해주는 것과 그냥 넘어가 주는 것 중 뭐가 더 나은가요?,관계 온도,c,솔직→직면 선호 / 넘어감→관계 조화
699,관계,무모한 결정에도 무조건 지지해주는 것과 말려주는 것 중 뭐가 더 좋은가요?,관계 온도,c,지지→수용형 / 말림→보호·직언형
700,관계,너무 솔직해서 상처받는 친구 그룹과 불편한 주제를 피하는 친구 그룹 중 뭐가 더 좋은가요?,관계 온도,c,솔직 그룹→직면 / 회피 그룹→조화
711,관계,관계를 정리할 때 주로 어떻게 하는 편인가요?,관계 온도,t,관계 정리 방식 → 직면/자연 소멸
715,관계,권위형 리더와 솔선수범형 리더 중 어느 쪽에 더 가깝나요?,관계 온도,c,권위형→주도 / 솔선수범형→협력
718,관계,친구의 착각을 바로잡는 것과 관계를 위해 그냥 두는 것 중 뭐가 더 맞나요?,관계 온도,c,바로잡음→진실·직면 / 둠→관계 조화
735,사랑,안 싸우는 무난한 연애와 부딪혀도 솔직한 연애 중 더 선호하는 것은 무엇인가요?,관계 온도,c,무난→갈등 회피 / 솔직→직면
740,사랑,쉽게 용서하는 사람과 서운함을 같이 풀어가는 사람 중 누가 더 편한가요?,관계 온도,c,쉽게 용서→갈등 최소화 / 함께 풂→대화 해결
741,사랑,우연히 본 연인의 사생활을 솔직히 말하는 것과 모르는 척 넘어가는 것 중 뭐가 더 맞나요?,관계 온도,c,솔직히 말함→직면 / 넘어감→회피
758,가치관,돈을 빚지는 것과 부탁을 빚지는 것 중 뭐가 더 부담스러운가요?,관계 온도,c,부탁 빚이 부담→관계 부채 민감
763,가치관,위안이 되는 거짓말과 불편한 진실 중 뭐가 더 나은가요?,관계 온도,c,위안 거짓말→조화 / 불편한 진실→정직
791,가치관,항상 솔직히 말하는 것과 돌려 말하는 것 중 뭐가 더 나에게 맞나요?,관계 온도,c,솔직→직설 / 돌려→완곡
792,가치관,사람을 만나면 일단 믿는 것과 의심하는 것 중 뭐가 더 나에게 맞나요?,관계 온도,c,믿음→신뢰 기본값 / 의심→경계
826,가치관,아픈 진실을 말하는 것과 자비로운 거짓말을 하는 것 중 뭐가 더 옳은가요?,관계 온도,c,아픈 진실→정직 / 자비로운 거짓말→배려
11,취향,새로 시도해서 재밌었던 일은 무엇인가요?,새로움 추구,t,새로 시도한 일의 종류와 빈도 → 경험 개방
17,취향,새로운 곳에 가면 꼭 해보는 것은 무엇인가요?,새로움 추구,t,낯선 곳에서의 탐색 행동 → 탐색 욕구
27,취향,자기 전 머릿속으로 그리는 상상은 무엇인가요?,새로움 추구,t,상상의 결(현실 계획/공상) → 상상력·개방
46,취향,내 취향이 남들과 가장 다른 점은 뭘까요?,새로움 추구,t,남과 다른 취향의 크기 → 독특성 추구
50,취향,예전과 비교해 가장 많이 바뀐 내 취향은 무엇인가요?,새로움 추구,t,취향 변화 폭 → 변화 수용
116,루틴,반복되는 일상에서 가장 지루하게 느끼는 순간은 언제인가요?,새로움 추구,t,지루함을 느끼는 지점 → 자극 추구
258,가치관,무엇을 가장 배우고 싶나요?,새로움 추구,t,배우고 싶은 것 → 지적 호기심
297,가치관,도전을 해야할 때 나의 마음은 어떤가요?,새로움 추구,t,설렘→접근 동기 / 두려움→회피 동기
313,취향,이동하는 시간에 나는 주로 무슨 생각을 하나요?,새로움 추구,t,이동 중 생각의 결(계획/공상) → 상상·개방
315,취향,새로운 걸 배울 때 나에게 맞는 방식은 무엇인가요?,새로움 추구,t,배우는 방식(직접/체계적/사람) → 학습 스타일
338,취향,더 깊이 알고 싶은 분야나 주제는 무엇인가요?,새로움 추구,t,파고들고 싶은 분야 → 지적 호기심
341,취향,평소 어떤 상상을 가장 자주 하나요?,새로움 추구,t,상상의 주제 → 공상·개방
495,관계,오래된 관계와 새로운 관계 중 어디에 더 힘을 쓰나요?,새로움 추구,c,오래된 관계→안정 / 새로운 관계→탐색
661,취향,여러 곳을 돌아보는 여행과 한 곳에 머무는 여행 중 뭐가 더 끌리나요?,새로움 추구,c,여러 곳→탐색 / 한 곳→깊이·안정
664,취향,도시의 작은 아파트와 시골의 넓은 집 중 뭐가 더 마음이 가나요?,새로움 추구,c,아파트(도시)→자극 / 시골→고요
670,취향,단순하게 사는 것과 복잡해도 풍부하게 사는 것 중 뭐가 더 나다운가요?,새로움 추구,c,단순→절제 / 풍부→경험 개방
672,취향,스트레스 없는 삶과 지루함 없는 삶 중 뭐가 더 끌리나요?,새로움 추구,c,스트레스 없는→안정 / 지루함 없는→자극 추구
688,루틴,위험해도 나을 가능성에 도전하는 것과 안전하게 지내는 것 중 뭐가 더 나은가요?,새로움 추구,c,도전→위험 감수 / 안전→위험 회피
750,가치관,바빠서 지치는 것과 한가해서 지치는 것 중 뭐가 더 버거운가요?,새로움 추구,c,한가함이 버거움→자극 추구 / 바쁨이 버거움→안정 추구
782,가치관,위험해도 자유로운 것과 안전을 위해 참는 것 중 뭐가 더 나에게 맞나요?,새로움 추구,c,자유→자극·자율 / 안전→안정
784,가치관,한곳에 정착하는 삶과 계속 떠도는 삶 중 뭐가 더 어울리나요?,새로움 추구,c,정착→안정 / 떠돎→탐색
786,가치관,여러 분야를 두루 하는 것과 한 우물 파는 것 중 뭐가 더 나에게 맞나요?,새로움 추구,c,두루→폭넓은 탐색 / 한 우물→깊이
795,가치관,열정 넘치는 삶과 평온한 삶 중 뭐가 더 끌리나요?,새로움 추구,c,열정→자극 / 평온→안정
856,가치관,평온한 삶과 위험한 도전이 가득한 삶 중 뭐가 더 끌리나요?,새로움 추구,c,평온→안정 / 도전→자극 추구
865,가치관,도전과 안정 중 지금 뭐가 더 끌리나요?,새로움 추구,c,도전→자극 / 안정→안전 (시기별 추적)
26,취향,스트레스를 받을 때 찾게 되는 노래는 어떤 분위기인가요?,스트레스 대처,t,기분 전환형(신나는) vs 감정 몰입형(비슷한 분위기)
61,감정,답답할 때 나는 주로 어떻게 푸나요?,스트레스 대처,t,행동형/대화형/휴식형/회피형 중 어디인지
62,감정,불안할 때 마음을 가라앉히는 나만의 방법은 무엇인가요?,스트레스 대처,t,불안 대처 방식 → 문제중심 vs 정서중심
71,감정,화가 났을 때 마음을 가라앉히는 방법은 무엇인가요?,스트레스 대처,t,분노 조절 방식 → 표출/전환/억제
72,감정,슬픈 감정을 실컷 쏟아내고 나면 어떤가요?,스트레스 대처,t,후련→정서 표출이 회복에 도움 / 허탈→다른 방식이 맞음
81,감정,"감정을 솔직하게 말하는 편인가요, 참는 편인가요?",스트레스 대처,c,솔직→정서 표현 / 참음→정서 억제
82,감정,두려움을 이겨낼 때 나에게 가장 힘이 되는 것은 무엇인가요?,스트레스 대처,t,힘이 되는 자원(사람/신념/경험) → 회복 자원
83,감정,감정이 흔들릴 때 나는 주로 무엇을 하나요?,스트레스 대처,t,감정이 흔들릴 때의 행동 → 대처 유형
86,감정,슬플 때 나를 건져주는 것은 무엇인가요?,스트레스 대처,t,슬픔에서 회복시키는 자원
88,감정,한계에 부딪혔다고 느낄 때 나는 어떻게 하나요?,스트레스 대처,t,버티기/쉬기/도움 요청/포기 → 한계 대처
113,루틴,스트레스가 쌓이면 나도 모르게 하는 행동은 무엇인가요?,스트레스 대처,t,무의식적 스트레스 행동 → 대처 패턴
126,루틴,무언가를 시작하기 전 마음을 가다듬는 방법은 무엇인가요?,스트레스 대처,t,시작 전 의식 → 긴장 조절
131,루틴,망가진 하루를 바로잡는 나만의 방법은 무엇인가요?,스트레스 대처,t,망친 하루 복구 방식 → 회복 전략
174,관계,관계에서 오는 스트레스를 어떻게 해결하나요?,스트레스 대처,t,관계 스트레스 대처 → 직면/거리두기/대화
235,사랑,헤어짐을 받아들이는 나만의 방식은 무엇인가요?,스트레스 대처,t,이별 대처 방식 → 회복 전략
264,가치관,실패했을 때 나를 일으켜 세우는 생각은 무엇인가요?,스트레스 대처,t,실패 후 생각 → 회복 신념
320,취향,힘들 때 찾게 되는 곳은 어디인가요?,스트레스 대처,t,힘들 때 찾는 장소(혼자/사람/자연) → 회복 방식
336,취향,복잡한 마음을 잠시 쉬게 해주는 것은 무엇인가요?,스트레스 대처,t,마음을 쉬게 하는 것 → 회복 자원
342,감정,감정이 격해질 때 말이 많아지나요 적어지나요?,스트레스 대처,c,많아짐→표출형 / 적어짐→내면 처리형
347,감정,힘든 날 나를 달래주는 나만의 방법은 무엇인가요?,스트레스 대처,t,자기 위로 방식 → 정서 조절 전략
349,감정,울컥할 때 나는 주로 어떻게 넘기나요?,스트레스 대처,t,울컥할 때 처리 방식 → 표현/억제
357,감정,기분이 처질 때 나를 살려내는 것은 무엇인가요?,스트레스 대처,t,기분 회복 자원
366,감정,"마음이 무거울 때, 어떻게 행동하나요?",스트레스 대처,t,무거울 때 행동 → 대처 유형
367,감정,속으로만 담아두는 감정은 주로 어떤 감정인가요?,스트레스 대처,t,억제하는 감정 → 표현 제한 영역
376,감정,감정을 말로 표현하는 게 쉬운 편인가요?,스트레스 대처,c,쉬움→정서 표현 / 어려움→억제·정리 필요
379,감정,울고 나면 기분이 나아지는 편인가요?,스트레스 대처,c,나아짐→정서 표출 효과 큼
386,감정,힘든 일이 생기면 나는 주로 어떻게 버티나요?,스트레스 대처,t,버티는 방식 → 인내/분산/도움 요청
395,감정,화가 나면 어떻게 표현하나요?,스트레스 대처,t,분노 표현 방식 → 표출/억제/전환
396,감정,"참다가 폭발하는 편인가요, 그때그때 표현하는 편인가요?",스트레스 대처,c,참다 폭발→억제 후 폭발 / 그때그때→즉시 표현
399,감정,"울고 싶을 때 참는 편인가요, 우는 편인가요?",스트레스 대처,c,참음→정서 억제 / 욺→정서 표출
401,감정,"슬플 때 슬픈 노래를 듣는 편인가요, 신나는 노래를 듣는 편인가요?",스트레스 대처,c,슬픈 노래→감정 몰입형 / 신나는 노래→전환형
403,감정,"잠 못 드는 밤, 나를 진정시키는 방법은 무엇인가요?",스트레스 대처,t,진정 방법 → 수면 전 정서 조절
405,감정,걱정이 생기면 나는 주로 어떻게 하나요?,스트레스 대처,t,걱정 대처 → 문제 해결/반추/회피
410,감정,감정을 글로 쓰면 정리가 되나요? 쓰고 나면 뭐가 달라지나요?,스트레스 대처,t,글쓰기 효과 → 표현적 글쓰기 적합성
448,루틴,무언가 하다 막히면 나는 어떻게 하나요?,스트레스 대처,t,막힐 때 행동 → 문제중심/회피
526,관계,관계 때문에 마음이 무거울 때 나는 어떻게 하나요?,스트레스 대처,t,관계 고민 대처
540,관계,상처를 겪고 나서 오히려 강해진 부분은 무엇인가요?,스트레스 대처,t,상처 후 성장 → 외상 후 성장
560,사랑,이별 후 얼마나 지나야 새 연애를 시작할 수 있을 것 같나요?,스트레스 대처,t,회복 기간 → 이별 회복 속도
591,가치관,잊고 싶은 기억이 생기면 나는 주로 어떻게 하나요?,스트레스 대처,t,잊고 싶은 기억 대처 → 회피/직면/재해석
605,가치관,괜찮지 않을 때도 '괜찮아'라고 말하는 편인가요?,스트레스 대처,c,그렇다→정서 억제·괜찮은 척
615,가치관,통제할 수 없는 상황에서 어떻게 하나요?,스트레스 대처,t,통제 불가 상황 대처 → 수용/통제 시도
619,가치관,믿고 있던 게 흔들릴 때 나는 어떻게 하나요?,스트레스 대처,t,신념 흔들릴 때 → 탐색/고수/회피
642,가치관,"실수에서 배우는 편인가요, 금방 잊는 편인가요?",스트레스 대처,c,배움→성찰형 / 잊음→전환형
679,감정,감정을 못 드러내는 것과 못 숨기는 것 중 뭐가 덜 힘든가요?,스트레스 대처,c,못 드러냄이 덜 힘듦→억제형 / 못 숨김→표현형
12,취향,혼자 시간을 보낼 때 찾는 장소는 어디인가요?,에너지 방향,t,혼자 찾는 장소의 성격(조용함/자극) → 회복 방식
65,감정,혼자 있을 때 주로 어떤 감정을 느끼나요?,에너지 방향,t,편안·자유→내향 / 외로움·심심→외향
114,루틴,하루 중 온전히 나만을 위해 쓰는 시간은 얼마나 되나요?,에너지 방향,t,나만의 시간 양 → 자기 회복 시간 확보
153,관계,만나면 기운이 나는 사람은 어떤 사람인가요?,에너지 방향,t,기운을 주는 사람 유형 → 에너지원
173,관계,진정한 친구는 몇 명이면 충분하다고 생각하나요?,에너지 방향,t,적은 수→깊은 소수 관계 / 많은 수→넓은 관계
179,관계,사람들과 어울리는 것과 혼자 있는 것 중 무엇이 더 좋나요?,에너지 방향,c,어울림→외향 / 혼자→내향
185,관계,여러 사람 사이에서 나는 어떤 자리에 있을 때 편한가요?,에너지 방향,t,중심/옆자리/뒤 → 사회적 위치 선호
196,관계,새로운 사람을 만나는 게 설레나요 혹은 부담되나요?,에너지 방향,c,설렘→외향·사회적 접근 / 부담→내향·평가 불안
204,관계,사람들과 헤어지고 집에 가는 길에 드는 생각은 무엇인가요?,에너지 방향,t,여운·충전→외향 / 피곤·곱씹기→내향·반추
337,취향,나에게 진짜 휴식은 어떤 모습인가요?,에너지 방향,t,혼자·조용→내향 회복 / 사람·활동→외향 회복
377,감정,방전됐을 때 나를 다시 충전해주는 것은 무엇인가요?,에너지 방향,t,사람→외향 충전 / 혼자·잠→내향 충전
420,루틴,약속 없는 휴일엔 무엇을 하나요?,에너지 방향,t,혼자 쉼→내향 / 약속 만들기→외향
461,루틴,누군가 내 방에 오면 신경 쓰이나요?,에너지 방향,t,개인 공간 민감도 → 경계
467,루틴,"몸을 움직일 때 혼자가 좋나요, 함께가 좋나요?",에너지 방향,c,혼자→내향 / 함께→외향
491,루틴,충분히 쉬었다고 느끼려면 무엇이 필요한가요?,에너지 방향,t,충분한 쉼의 조건 → 회복 방식
499,관계,넓고 얕은 관계와 좁고 깊은 관계 중 뭐가 더 좋나요?,에너지 방향,c,넓고 얕음→외향 / 좁고 깊음→내향
501,관계,인간관계에 쏟는 에너지는 어느 정도인가요?,에너지 방향,t,관계 에너지 크기 → 사회적 에너지
513,관계,"혼자가 편한 편인가요, 함께가 편한 편인가요?",에너지 방향,c,혼자→내향 / 함께→외향
530,관계,"새로운 사람에게 먼저 다가가는 편인가요, 기다리는 편인가요?",에너지 방향,c,먼저 다가감→외향·접근 / 기다림→내향·신중
637,가치관,"나는 혼자 배우며 크는 편인가요, 사람들 속에서 크는 편인가요?",에너지 방향,c,혼자 배움→내향 / 사람들 속→외향
666,취향,번화한 도시와 고요한 숲속 중 뭐가 더 끌리나요?,에너지 방향,c,도시→자극 추구 / 숲→조용함 선호
689,관계,친한 친구 한 명과 여러 명의 친구 중 뭐가 더 소중한가요?,에너지 방향,c,한 명→깊은 소수 / 여러 명→넓은 관계
695,관계,5년을 혼자 지내는 것과 늘 사람들과 붙어 지내는 것 중 뭐가 더 편안한가요?,에너지 방향,c,혼자→내향 / 붙어 지냄→외향
701,관계,모임을 이끄는 것과 따르는 것 중 어디에 더 가까운 편인가요?,에너지 방향,c,이끔→주도 / 따름→협조
709,관계,늘 웃게 해주는 친구와 생각하게 만드는 친구 중 누가 더 끌리나요?,에너지 방향,c,웃게→즐거움 추구 / 생각→지적 자극
743,가치관,대화를 주도하는 것과 경청하는 것 중 뭐가 더 편한가요?,에너지 방향,c,주도→외향 / 경청→내향
760,가치관,인간관계 없는 숲속의 고요함과 소란한 도시의 삶 중 뭐가 더 편안한가요?,에너지 방향,c,숲→내향 / 도시→외향
785,가치관,무리에 자연스럽게 섞이는 것과 확실히 돋보이는 것 중 뭐가 더 편한가요?,에너지 방향,c,섞임→조화·비노출 / 돋보임→주목 추구
803,가치관,외로운 천재와 단순해도 행복한 사람 중 누가 더 나에게 가깝나요?,에너지 방향,c,외로운 천재→성취 / 행복한 사람→관계·행복
806,가치관,혼자 일하는 것과 팀으로 일하는 것 중 뭐가 더 잘 맞나요?,에너지 방향,c,혼자→내향·독립 / 팀→외향·협업
812,가치관,하루 종일 말하는 것과 듣기만 하는 것 중 뭐가 더 나다운가요?,에너지 방향,c,말하기→외향 / 듣기→내향
859,가치관,늘 관심의 중심이 되는 것과 아무도 모르게 지내는 것 중 뭐가 더 끌리나요?,에너지 방향,c,관심의 중심→주목 추구 / 모르게→사적 선호
45,취향,어떤 공간에 있을 때 가장 나답다고 느끼나요?,자기 인식,t,나답다고 느끼는 공간의 공통점 → 자기 개념
64,감정,칭찬을 들었을 때 어떤 반응을 보이나요?,자기 인식,t,쑥스러워 부정 vs 수용 → 자기 수용
75,감정,내가 생각하는 나만의 장점은 무엇인가요?,자기 인식,t,장점을 쉽게 말하는지 → 자기 긍정
76,감정,실수했을 때 나 자신에게 어떤 말을 해주나요?,자기 인식,t,다정한 말→자기 자비 / 비난→자기 비판
91,감정,내 성격 중 가장 소중히 여기는 모습은 무엇인가요?,자기 인식,t,아끼는 성격 → 자기 가치의 근거
98,감정,나만 아는 나의 속마음은 어떤 모습인가요?,자기 인식,t,겉과 속의 차이 → 사적 자기
143,루틴,나를 가장 잘 보여주는 생활 습관은 무엇인가요?,자기 인식,t,스스로 꼽는 대표 습관 → 자기 개념
144,루틴,남들이 보는 나는 어떤 사람일까요?,자기 인식,t,타인이 보는 나 → 공적 자기 인식
201,관계,사람들 앞의 나와 혼자 있을 때의 나는 어떻게 다른가요?,자기 인식,t,공적/사적 자기의 차이 크기
236,사랑,나 자신을 사랑하는 방법은 무엇인가요?,자기 인식,t,자기 돌봄 방식 → 자기 자비
267,가치관,사람들에게 보여주고 싶은 나의 모습은 무엇인가요?,자기 인식,t,보여주고 싶은 모습 → 이상적 자기
329,취향,하루만 다른 사람으로 살 수 있다면 어떤 사람으로 살고 싶나요?,자기 인식,t,되고 싶은 사람 → 이상적 자기
343,감정,"내가 느끼는 감정과 남들이 보는 내 감정, 얼마나 다른가요?",자기 인식,t,내면과 겉모습의 차이 → 정서 표현 일치도
383,감정,사람들이 잘 모르는 나의 의외의 모습은 무엇인가요?,자기 인식,t,의외의 모습 → 숨은 자기
385,감정,스스로 더 아껴주고 싶은 나의 모습은 무엇인가요?,자기 인식,t,아껴주고 싶은 모습 → 자기 자비
422,루틴,"나도 모르게 반복하는, 조금 신경 쓰이는 버릇은 무엇인가요?",자기 인식,t,신경 쓰이는 버릇 → 자기 관찰
433,루틴,내 루틴 중에서 스스로 칭찬해주고 싶은 것은 무엇인가요?,자기 인식,t,스스로 칭찬하는 루틴 → 자기 인정
451,루틴,지쳤다는 걸 알려주는 나만의 신호는 무엇인가요?,자기 인식,t,지침 신호 인식 → 신체·정서 자기 인식
453,루틴,마음 편히 쉬기 어려울 때는 언제인가요?,자기 인식,t,쉬지 못하는 상황 → 생산성 압박
468,루틴,무언가를 꾸준히 하면서 알게 된 나의 모습은 무엇인가요?,자기 인식,t,꾸준함으로 발견한 나
471,루틴,작은 성취를 느낄 때 나는 어떻게 스스로를 챙기나요?,자기 인식,t,성취 후 자기 보상 → 자기 인정
505,관계,친구들이 말하는 나는 어떤 사람인가요?,자기 인식,t,타인이 보는 나 → 공적 자기
512,관계,상황에 따라 내가 달라지는 모습은 무엇인가요?,자기 인식,t,상황별 자기 변화 → 자기 일관성
542,관계,사람들이 나에 대해 자주 하는 말은 무엇인가요?,자기 인식,t,타인 평가 → 공적 자기
580,가치관,딱 하나 바꿀 수 있다면 바꾸고 싶은 나의 모습은 무엇인가요?,자기 인식,t,바꾸고 싶은 모습 → 자기 수용 영역
582,가치관,"내 한계를 인정하는 게 쉬운가요, 어려운가요?",자기 인식,c,쉬움→자기 수용 / 어려움→완벽주의
585,가치관,"나에게 엄격한 편인가요, 관대한 편인가요?",자기 인식,c,엄격→자기 비판 / 관대→자기 자비
601,가치관,"겉과 속이 다를 때, 나는 어떤 마음인가요?",자기 인식,t,겉과 속 불일치 시 감정 → 진정성 불편감
606,가치관,"내가 생각하는 나와 남이 보는 나, 뭐가 다른가요?",자기 인식,t,자기 인식과 타인 인식의 차이
823,가치관,확고한 정체성과 계속 변하는 자유 중 뭐가 더 나에게 가깝나요?,자기 인식,c,확고한 정체성→안정 / 변하는 자유→유연
852,가치관,항상 이해받는 것과 인정받는 것 중 뭐가 더 좋은가요?,자기 인식,c,이해받음→정서적 공감 욕구 / 인정받음→성취 인정 욕구
863,가치관,완전히 이해받는 것과 있는 그대로라도 받아들여지는 것 중 뭐가 더 필요한가요?,자기 인식,c,이해받음→공감 욕구 / 받아들여짐→수용 욕구
866,가치관,가짜 모습으로 사랑받는 것과 미움받아도 진짜 나로 사는 것 중 뭐가 더 끌리나요?,자기 인식,c,진짜 나→진정성 / 사랑받음→인정 욕구
152,관계,고민이 있을 때 가장 먼저 찾게 되는 친구는 어떤 사람인가요?,친밀감 방식,t,고민을 맡기는 사람의 특징 → 신뢰 조건
159,관계,처음 만난 사람에게 호감을 느끼는 포인트는 무엇인가요?,친밀감 방식,t,호감 포인트 → 끌리는 관계 방식
166,관계,서운한 점이 있을 때 솔직하게 말하는 편인가요?,친밀감 방식,c,솔직→직면형 / 아님→회피·참음
168,관계,다른 사람에게 내 이야기를 어디까지 털어놓나요?,친밀감 방식,t,털어놓는 깊이 → 자기노출
184,관계,사람들에게 내 이야기를 잘 하는 편인가요?,친밀감 방식,c,잘함→자기노출 높음 / 아님→신중
187,관계,소중한 관계를 지키기 위해 어떤 노력을 하나요?,친밀감 방식,t,관계 유지 노력 방식 → 친밀 표현
194,관계,약한 모습을 보여주기 쉬운 사람은 어떤 사람인가요?,친밀감 방식,t,약한 모습을 보일 수 있는 조건 → 취약성 표현
205,관계,누군가를 믿게 되는 순간은 언제인가요?,친밀감 방식,t,신뢰가 생기는 조건
211,사랑,누군가를 좋아하기 시작하면 나는 어떻게 달라지나요?,친밀감 방식,t,좋아할 때의 변화 → 애착 표현
213,사랑,"사랑은 설렘에 가까운가요, 편안함에 가까운가요?",친밀감 방식,c,설렘→자극 추구 / 편안함→안정 추구
214,사랑,"첫눈에 반하는 편인가요, 천천히 스며드는 편인가요?",친밀감 방식,c,첫눈→직관·빠른 몰입 / 스며듦→신중·점진
218,사랑,연애할 때 나의 연락 스타일은 어떤가요?,친밀감 방식,t,연락 빈도·방식 → 친밀 욕구
233,사랑,오래된 연인들의 편안함과 설렘 중 무엇이 더 좋은가요?,친밀감 방식,c,편안함→안정 / 설렘→자극
234,사랑,사랑하는 사람에게 서운할 때 나는 어떻게 행동하나요?,친밀감 방식,t,말함/티 냄/참음 → 서운함 표현
237,사랑,사랑할 때 가장 걱정되는 것은 무엇인가요?,친밀감 방식,t,걱정의 종류(버려짐/구속) → 애착 불안·회피
243,사랑,사랑에 빠졌을 때 가장 두려운 건 뭘까요?,친밀감 방식,t,두려움의 종류 → 애착 불안·회피
319,취향,반대되는 성격이 좋나요 아니면 비슷한 성격이 좋나요?,친밀감 방식,c,반대 성격→보완·자극 / 비슷한 성격→안정·유사성
400,감정,혼자 울 때와 누군가 앞에서 울 때가 다른가요?,친밀감 방식,t,타인 앞 감정 노출 → 취약성 표현
412,감정,고마운 마음을 잘 표현하는 편인가요?,친밀감 방식,c,잘함→긍정 정서 표현
496,관계,"상대의 약한 모습을 알게 되면 더 가까워진 느낌인가요, 부담스러운가요?",친밀감 방식,c,가까워짐→친밀 수용 / 부담→거리 유지
504,관계,친해지고 싶은 사람이 생기면 어떻게 하나요?,친밀감 방식,t,다가가는 방식 → 적극/우회
506,관계,"관계에서 내가 더 노력하는 편인가요, 받는 편인가요?",친밀감 방식,c,노력→주는 쪽 / 받음→받는 쪽
507,관계,가족에게 가장 솔직해지기 어려운 부분은 무엇인가요?,친밀감 방식,t,가족과의 솔직함 한계
514,관계,신경 쓰이는 사람이 생기면 나는 어떻게 하나요?,친밀감 방식,t,관심 생겼을 때 행동 → 접근/회피
520,관계,나는 사람들에게 마음을 얼마나 열어두고 있나요?,친밀감 방식,t,마음을 여는 정도 → 개방성
522,관계,사람들과 가까워질 때 가장 어려운 점은 무엇인가요?,친밀감 방식,t,가까워질 때 어려움 → 애착 불안·회피
525,관계,"미안할 때 나는 말로 하나요, 행동으로 하나요?",친밀감 방식,c,말→언어 표현 / 행동→행동 표현
543,관계,좋아하는 사람이 생기면 푹 빠지는 편인가요?,친밀감 방식,c,푹 빠짐→몰입형 애착
553,사랑,연애할 때 혼자만의 시간은 어떤 의미인가요?,친밀감 방식,t,혼자 시간의 의미 → 자율 욕구
556,사랑,사랑에 빠지는 것과 사랑을 유지하는 것 중 무엇이 더 어려운가요?,친밀감 방식,c,빠지기→신중 / 유지→지속 어려움
557,사랑,좋아할 때 숨기기 어려운 건 무엇인가요?,친밀감 방식,t,숨기지 못하는 표현 → 애정 표현
558,사랑,"좋아하는 사람에게 먼저 연락하나요, 기다리나요?",친밀감 방식,c,먼저→적극 / 기다림→신중·확인 욕구
559,사랑,사랑받고 있다고 느끼는 순간은 언제인가요?,친밀감 방식,t,사랑받는 느낌의 경로 → 사랑의 언어
697,관계,"좋은 일이 생기면 주변에 알리는 편인가요, 조용히 간직하는 편인가요?",친밀감 방식,c,알림→정서 공유 / 간직→사적 처리
703,관계,늘 들어주는 역할과 늘 털어놓는 역할 중 뭐가 더 편한가요?,친밀감 방식,c,들어줌→수용 역할 / 털어놓음→자기노출
713,관계,널리 얕게 사랑받는 것과 미움받아도 깊은 관계 하나 중 뭐가 더 소중한가요?,친밀감 방식,c,넓게 사랑받음→인정 / 깊은 하나→친밀
721,사랑,빠른 답장과 느려도 정성 담긴 답장 중 뭐가 더 좋은가요?,친밀감 방식,c,빠른 답장→즉각 확인 욕구 / 정성→깊이 중시
726,사랑,매일 만나고 싶어 하는 애인과 만날 시간 잡기 어려운 애인 중 누가 더 좋은가요?,친밀감 방식,c,매일→친밀 욕구 / 시간 잡기 어려움→자율 수용
729,사랑,질투 많은 연인과 질투가 없는 연인 중 누가 더 좋은가요?,친밀감 방식,c,질투 많은→확인·애착 욕구 / 없는→자율 선호
730,사랑,사랑은 말로 표현하는 것과 행동으로 보여주는 것 중 뭐가 더 중요하다고 생각하나요?,친밀감 방식,c,말→언어 표현 / 행동→행동 표현
731,사랑,말 없이도 알아채 주길 바라는 것과 명확히 말하는 것 중 뭐가 더 편한가요?,친밀감 방식,c,알아채 주길→간접 표현·기대 / 명확히→직접 표현
734,사랑,무뚝뚝한 연인과 애정 표현이 과한 연인 중 누가 더 힘든가요?,친밀감 방식,c,무뚝뚝이 힘듦→표현 욕구 / 과한 표현이 힘듦→거리 선호
736,사랑,더 사랑받는 관계와 더 많이 사랑하는 관계 중 뭐가 더 좋은가요?,친밀감 방식,c,사랑받는→수용 욕구 / 사랑하는→주는 사랑
737,사랑,연인이 내 모든 걸 아는 것과 모르는 것 중 뭐가 더 좋은가요?,친밀감 방식,c,모든 걸 앎→전면 개방 / 모름→사적 영역 유지
738,사랑,한 사람에게 깊이 이해받는 것과 여럿에게 사랑받는 것 중 뭐가 더 끌리나요?,친밀감 방식,c,깊은 이해→친밀 / 여럿의 사랑→인정
739,사랑,단짝 같은 연인과 매력적이지만 거리감이 있는 연인 중 누가 더 끌리나요?,친밀감 방식,c,단짝→안정 친밀 / 거리감→자극·자율
793,가치관,돈은 하나로 합치는 것과 각자 독립을 지키는 것 중 뭐가 더 편한가요?,친밀감 방식,c,합침→융합 / 독립→자율
820,가치관,남의 마음을 읽는 것과 내 마음을 나누는 것 중 뭐가 더 하고 싶나요?,친밀감 방식,c,읽기→관찰형 / 나누기→표현형
849,가치관,속마음을 다 말하는 것과 평생 입을 다무는 것 중 뭐가 더 나은가요?,친밀감 방식,c,다 말함→개방 / 입 다묾→비공개
