DB id,축 키,목적,소주제,신호,관심사 제안
784,T2,s,3,A,
696,T1,s,6,A,
695,T3,s,4,B,
694,T1,s,6,A,
693,,k,2,,
692,,k,2,,
691,,k,3,,
690,T2,s,3,B,
689,,k,4,,
688,,k,3,,
687,T3,s,4,B,
686,T3,s,3,A,
685,T1,s,3,B,
673,,k,1,,
654,,k,2,,
604,,k,6,,
552,,k,5,,
388,,k,6,,
341,,k,6,,
340,,k,3,,
339,,k,2,,
338,,k,6,,
335,T3,s,4,,
334,,k,6,,
333,,k,1,,
332,,k,1,,
331,,k,6,,
330,,k,3,,
329,,k,6,,
328,,k,4,,
327,,k,2,,
326,,k,6,,
325,,k,2,,
324,,k,3,,
323,,k,4,,
322,,k,1,,
321,,k,6,,
320,,k,3,,
318,,k,2,,
317,,k,2,,
316,,k,2,,
315,,k,6,,
314,R1,s,3,A,루틴
312,,k,5,,
311,,k,5,,
310,,k,4,,
309,,k,3,,
308,,k,2,,
307,,k,2,,
306,,k,4,,
305,,k,4,,
304,T3,s,5,B,
303,,k,5,,
302,,k,1,,
301,,k,4,,
261,T3,s,4,,
129,T2,s,5,,
50,,r,6,,
49,,k,6,,
47,,k,5,,
46,,r,6,,
45,,r,3,,
44,,r,6,,
43,,k,2,,
42,,r,4,,
41,,r,6,,
40,,k,4,,
39,,k,1,,
38,T2,s,5,A,
37,,k,5,,
36,,k,1,,
35,,k,2,,
34,,r,6,,
33,,k,4,,
32,,k,4,,
31,,k,1,,
30,,k,2,,
29,,k,6,,
28,,k,1,,
27,,k,6,,
26,,k,2,,
25,,k,1,,
24,,k,6,,
23,,k,4,,
22,,k,2,,
21,,r,6,,
20,,k,1,,
19,,k,4,,
18,,k,2,,
17,,k,3,,
16,,k,4,,
15,,k,5,,
14,,k,3,,
13,,k,4,,
12,,k,3,,
11,T1,s,5,,
10,,k,1,,
9,,k,1,,
8,,k,2,,
7,,k,4,,
6,,k,1,,
4,,k,1,,
3,,k,2,,
2,,k,2,,
1,,k,1,,
939,T1,s,1,A,
940,T1,s,3,A,
941,,k,6,,
942,T1,s,2,A,
943,,k,1,,
986,,k,4,,
987,,k,2,,
988,,k,1,,
989,,k,2,,
990,,k,1,,
991,,k,4,,
992,,k,6,,
993,,k,4,,
994,,k,6,,
995,,k,1,,
996,T3,s,4,B,
997,,k,1,,
998,,k,3,,
999,,k,1,,
1000,,k,1,,
1001,,k,1,,
1002,,k,1,,
1003,,k,1,,
1110,,k,4,,
1111,,k,6,,
1112,,k,2,,
1113,,k,1,,
1114,,k,1,,
1115,,k,6,,
1116,,k,6,,
1117,,k,6,,
1118,,k,6,,
1119,,k,2,,
1120,,k,4,,
1121,,k,6,,
1122,,k,6,,
1123,,k,4,,
1124,,k,5,,
1125,,k,2,,
1126,,k,6,,
1127,,k,6,,
1128,T1,s,6,A,
1129,,k,1,,
1130,,k,1,,
1131,,k,3,,
1132,,k,1,,
1133,,k,4,,
1134,T2,s,3,B,
1174,,k,3,,
1175,,k,1,,
1176,,k,5,,
1177,,k,1,,
1178,,k,6,,
1179,,k,1,,
1180,,k,2,,
1181,T3,s,4,,
1182,,k,1,,
1183,,k,3,,
1184,T1,s,2,B,
1185,T1,s,6,A,
1186,T3,s,4,B,
1187,,r,6,,
1188,L1,s,1,B,관계
1189,L3,s,4,A,관계
1190,L1,s,1,A,관계
1191,L1,s,5,A,관계
1192,L3,s,1,A,관계
1193,L3,s,4,A,관계
1194,L1,s,5,A,관계
1195,L1,s,5,A,관계
704,,k,3,,
703,E1,s,2,B,
702,,k,1,,
701,,k,5,,
700,,k,3,,
699,E2,s,1,A,
698,,k,1,,
697,,k,1,,
682,,k,1,,
677,,r,6,,
672,,r,3,,
671,,r,1,,
666,E2,s,4,A,
665,E3,s,5,,
608,,r,6,,
607,,r,6,,
605,,r,3,,
591,,r,5,,
588,,r,6,,
578,E4,s,6,,
489,,k,1,,
455,E2,s,5,A,
411,E2,s,3,B,
410,E3,s,3,A,
409,,r,1,,
408,,r,1,,
407,,k,5,,
406,E2,s,5,,
405,,k,5,,
404,,k,5,,
403,,k,5,,
402,,k,3,,
401,E3,s,3,,
400,E1,s,2,,
399,E1,s,2,B,
398,E2,s,4,,
397,,k,4,,
396,E1,s,2,B,
395,E1,s,2,,
394,E2,s,4,,
393,E3,s,3,A,
392,,k,1,,
391,,k,4,,
390,E2,s,4,A,
389,E1,s,2,A,
386,E3,s,3,,
385,,r,6,,
381,,r,1,,
380,,k,1,,
379,E1,s,2,A,
378,,k,1,,
377,E3,s,3,,
376,,k,2,,
374,,k,1,,
373,,k,1,,
372,,r,6,,
371,,k,1,,
370,,k,1,,
369,,k,1,,
368,,k,1,,
367,,k,2,,
366,E3,s,3,,
365,,k,4,,
364,,k,4,,
363,,r,3,,
362,E2,s,4,,
361,E3,s,3,,
360,,k,1,,
359,,k,3,,
358,,k,1,,
357,E3,s,3,,
356,,k,1,,
355,E1,s,2,,
354,,k,1,,
353,,r,6,,
352,,k,6,,
351,,k,1,,
350,,k,3,,
349,E1,s,2,,
348,,k,1,,
347,E3,s,3,,
346,,k,1,,
345,,r,6,,
344,,k,3,,
343,E1,s,2,,
342,E1,s,2,A,
336,E3,s,3,,
236,,r,6,,
98,,r,6,,
97,,r,1,,
96,,r,1,,
94,,r,3,,
93,,k,1,,
92,,r,6,,
91,,r,6,,
90,,r,1,,
89,,k,1,,
88,E3,s,3,,
86,E3,s,3,,
85,,k,1,,
84,,k,5,,
83,E3,s,3,,
82,,k,5,,
81,E1,s,2,A,
80,E2,s,4,B,
79,,r,6,,가치관
78,,r,6,,
77,,k,4,,
76,E4,s,6,,
75,,r,6,,
74,,k,2,,
73,E2,s,4,,
72,E1,s,2,,
71,E3,s,3,,
70,,k,3,,
69,,r,5,,
68,,k,3,,
67,E2,s,4,,
66,,k,1,,
65,,k,1,,
64,E1,s,4,,
63,,k,1,,
62,E3,s,5,,
61,,k,4,,
59,E4,s,6,,
58,,k,1,,
57,,k,1,,
56,,k,1,,
54,,k,2,,
53,,k,3,,
52,,k,1,,
51,,k,1,,
907,E2,s,4,,
908,,k,3,,
909,E4,s,6,,
910,E2,s,5,B,
911,E2,s,5,A,
912,E3,s,3,B,
913,E2,s,5,B,
914,E2,s,1,A,
915,,k,3,,
916,,k,1,,
917,E2,s,4,B,
918,E4,s,6,A,
919,E2,s,4,B,
953,,k,1,,
954,,k,1,,
955,E3,s,3,,
956,,k,5,,
957,,k,1,,
958,,k,1,,
959,,k,3,,
960,E1,s,4,,
961,E3,s,3,,
962,,k,3,,
963,E1,s,2,A,
1065,,k,4,,
1066,,r,6,,
1067,,k,1,,
1068,,k,1,,
1069,,k,1,,
1070,,k,4,,
1071,E4,s,6,,
1072,E2,s,4,A,
1073,E2,s,1,A,
1074,E4,s,6,,
1075,,k,4,,
1142,,k,5,,
1143,E1,s,2,,
1144,,k,3,,
1145,,k,1,,
1146,E4,s,6,,
1147,,k,1,,
1148,,k,3,,
1149,,k,1,,
822,,k,1,,가치관
711,R2,s,1,B,
708,,k,1,,가치관
707,,r,2,,
706,R1,s,3,B,
705,,k,3,,
681,,k,1,,
670,E3,r,3,,감정
668,R2,s,1,B,
663,,k,1,,
661,,k,2,,
641,R1,r,2,,
609,R1,k,3,,
492,,r,4,,
491,R3,k,4,,
488,,k,1,,
487,,k,2,,
486,,k,6,,
485,R2,k,1,,
484,,k,1,,
483,,k,1,,
482,,k,1,,
481,,k,6,,
480,,r,5,,가치관
478,,k,5,,
476,,k,5,,
475,,r,5,,
474,,k,5,,
473,T3,k,4,,취향
472,,r,2,,
471,,k,2,,
470,,k,2,,
469,R1,s,2,B,
468,,r,3,,
467,T2,s,5,A,취향
466,R3,k,4,,
465,R3,k,2,,
464,,k,6,,
463,,r,6,,
462,,k,6,,
461,,k,6,,
460,R1,s,6,A,
459,,k,6,,
458,R1,k,6,,
457,,r,6,,
456,,k,3,,
454,,r,3,,
453,,r,4,,
452,R3,k,4,,
451,,r,3,,
450,,k,3,,
449,R1,s,6,A,
448,,k,3,,
447,R1,s,3,A,
446,,k,3,,
445,,k,3,,
444,,k,3,,
443,R2,s,3,,
441,R3,k,4,,
440,R3,r,2,,
439,R3,k,2,,
438,R3,k,2,,
437,,k,3,,
436,R1,k,3,,
435,,k,6,,
434,R2,s,1,A,
433,,k,2,,
432,R1,s,3,A,
431,,k,2,,
430,,k,2,,
429,,k,1,,
428,R1,k,3,,
427,R2,k,1,,
426,,k,3,,
425,,k,2,,
424,,k,2,,
423,,k,3,,
422,,k,2,,
421,,k,6,,
420,R3,s,4,,
419,R2,k,1,,
418,T3,s,4,,취향
417,,k,2,,
416,,r,4,,가치관
415,R1,s,3,,
414,R2,s,1,A,
384,,r,6,,감정
337,R3,r,4,,
313,,k,6,,
280,,r,4,,
150,,k,1,,
149,,r,1,,
148,,k,2,,
147,,k,2,,
146,,r,2,,
145,R1,r,1,,
143,,k,2,,
142,,r,2,,
141,,r,2,,
140,R1,k,3,,
139,,k,6,,
138,R1,s,2,,
137,,k,1,,
136,,k,6,,
134,,k,6,,
133,,k,1,,
132,,k,3,,
131,,r,2,,
130,R1,k,6,,
128,R1,s,6,,
127,,k,3,,
126,,k,3,,
125,R1,s,5,,
124,R1,s,3,,
123,,k,2,,
122,R1,s,3,,
121,R3,k,4,,
120,,k,1,,
119,,k,2,,
118,R1,s,3,,
117,R1,r,2,,
116,,k,1,,
115,R1,s,3,,
114,,k,4,,
113,E3,k,3,,감정
112,,k,3,,
111,,k,4,,
110,R2,k,1,,
109,,k,6,,취향
108,,k,1,,
107,,k,6,,
106,,k,1,,
105,,k,1,,
104,R3,k,4,,
103,R2,s,1,,
102,R2,k,1,,
101,R2,k,1,,
930,R3,s,4,B,
931,R1,s,3,A,
932,R1,s,6,A,
933,R1,s,6,A,
934,R1,s,3,A,
935,R1,s,5,B,
936,R1,s,3,A,
937,R3,s,4,B,
974,,k,6,,
975,,k,5,,
976,,k,4,,
977,,k,1,,
978,,k,6,,
979,,k,1,,
980,R2,s,1,A,
981,R2,s,1,A,
1092,,k,1,,
1093,,k,2,,
1094,,r,4,,감정
1095,,r,1,,
1096,,r,1,,
1097,,k,2,,
1098,,k,2,,
1099,R1,s,3,A,
1100,R1,s,6,A,
1101,R1,s,6,A,
1102,R3,s,4,B,
1163,,k,4,,
1164,,k,1,,
1165,,k,4,,
1166,R3,s,4,,
1167,,k,6,,
1168,,k,1,,
1169,,k,4,,
1170,,r,2,,
844,,k,4,,
815,L3,s,4,A,
762,L2,s,6,B,
742,L3,s,1,A,
739,L1,s,3,A,
737,L2,s,6,A,
736,,k,1,,
735,,r,6,,
734,,k,1,,
733,,k,1,,
732,,r,1,,
731,L2,s,6,,
730,,k,3,,가치관
729,,k,1,,가치관
728,,k,6,,가치관
727,L1,s,4,B,
725,L1,s,5,A,
724,L3,s,1,A,
723,L3,s,1,B,
722,L3,s,1,A,
721,S2,s,,B,사랑
719,L2,s,5,,
718,,k,1,,가치관
717,,k,2,,가치관
716,,k,2,,
714,,k,2,,
713,L2,s,1,,
684,L1,s,1,A,
683,,k,1,,
678,,r,6,,
669,,k,1,,
634,,r,6,,
575,L3,r,4,,
551,,k,1,,
550,,k,2,,
549,,r,2,,
548,,r,2,,
547,,r,2,,
546,,r,1,,
545,,r,6,,
544,,k,1,,
542,,k,6,,
541,,r,6,,
540,,r,6,,
539,,r,6,,
538,,k,6,,
537,,k,6,,
536,,k,6,,
535,,k,6,,
534,L3,s,4,B,
533,,r,6,,
532,,r,6,,
531,,k,6,,
530,L1,r,5,,
529,E2,s,4,,감정
528,,k,4,,
527,,k,6,,
526,,r,6,,
525,,k,4,,
524,,r,4,,
523,,k,4,,
522,L2,s,5,,
521,,k,6,,
520,L2,s,6,,
519,,r,6,,
518,,k,6,,
516,,k,6,,
515,,k,6,,
514,,r,6,,
513,E3,r,3,,감정
512,,k,,,가치관
511,L1,s,4,,
510,L3,s,4,,
509,,r,2,,
508,,r,6,,
507,,r,2,,
506,,r,6,,
505,,k,1,,
504,L1,r,5,,
503,,r,6,,
502,,r,6,,
501,L2,s,6,,
500,L3,r,4,,
499,L2,s,6,A,
498,,k,4,,
497,,r,6,,
496,,r,6,,
495,L2,s,6,,
494,,k,1,,가치관
493,,k,1,,
490,L3,k,4,,
413,L3,s,4,,
412,,k,4,,
319,,k,6,,
281,,r,2,,
209,,r,6,,
208,,r,6,,
207,,r,6,,
206,,r,6,,
205,,r,6,,
204,,k,5,,
203,,k,4,,
202,,r,6,,
201,,r,5,,
200,,r,6,,
199,,r,6,,
198,L2,s,5,,
197,,r,6,,
196,L2,s,5,A,
195,,k,1,,
194,,r,6,,
193,,k,6,,
192,,k,6,,
191,,r,6,,
190,,r,6,,
189,L3,r,4,,
188,,r,4,,
187,,r,6,,
186,,r,6,,
185,L1,s,5,,
184,L3,s,4,,
183,L1,s,4,A,
182,L3,r,4,,
181,,r,6,,
180,,k,4,,
179,L2,s,5,,
178,,r,6,,
177,L3,r,4,,
176,,r,6,,
175,L3,r,4,,
174,E3,r,3,,감정
173,L2,s,1,,
172,L3,r,4,,
171,,r,1,,
170,,r,6,,
169,L1,s,4,B,
168,L2,s,4,,
167,,k,1,,
166,L3,s,4,,
165,,k,6,,
164,,k,6,,
163,,r,1,,
162,L1,k,5,,
161,,k,5,,
160,,k,6,,
159,,k,5,,
158,,k,6,,
157,,k,6,,
156,,k,6,,
155,,k,6,,
154,,k,6,,
153,,k,6,,
152,,k,1,,
151,,k,2,,
87,,k,6,,
60,,k,6,,
55,,k,6,,
48,,r,6,,
920,E2,s,6,,감정
921,,k,1,,
922,L3,s,4,,
923,L1,s,4,A,
924,L2,s,5,B,
925,L2,s,5,A,
926,L3,s,4,A,
927,L1,s,5,B,
928,E2,s,4,B,감정
929,,r,6,,
964,,k,5,,
965,,k,6,,
966,,k,5,,
967,,k,1,,
968,L2,s,5,,
969,,k,1,,
970,L2,s,1,A,
971,L1,s,4,B,
972,L1,s,5,,
973,,k,1,,
1076,,k,6,,
1077,,k,4,,
1078,,k,1,,
1079,L2,s,5,,
1080,,k,1,,
1081,,r,6,,
1082,,k,1,,
1083,,k,6,,
1084,L1,s,5,A,
1085,L3,s,4,A,
1086,,k,4,,
1087,L3,r,4,,
1088,,k,6,,
1089,L2,s,6,,
1090,,k,6,,
1091,L2,s,6,,
1150,,k,2,,
1151,,k,1,,
1152,,k,1,,
1153,,k,5,,
1154,,k,1,,
1155,,k,1,,
1156,,k,6,,
1157,,k,1,,
1158,L2,s,5,,
1159,L3,s,4,A,
1160,L3,s,4,,
1161,R1,s,1,A,루틴
1162,L1,s,5,A,
818,S3,s,2,B,
817,S2,s,2,A,
766,,k,4,,
765,,k,4,,
764,,k,4,,
763,S2,s,1,A,
761,S2,s,2,A,
760,,k,5,,
759,S3,s,4,B,
758,S1,s,3,,
757,S3,s,1,,
756,,k,1,,가치관
755,S1,s,3,B,
754,S1,s,3,A,
753,S2,s,4,A,
752,,k,5,,
751,,k,5,,가치관
750,S2,s,2,A,
749,,k,4,,
748,,k,1,,
747,,k,4,,
746,,k,4,,
745,,k,3,,
744,,k,3,,
743,,k,1,,
680,,k,,,취향
679,,k,2,,
676,,r,,,감정
675,,k,2,,
667,,r,,,가치관
664,,k,1,,
662,,r,5,,
573,,k,1,,
572,,r,1,,
571,,k,2,,
570,,k,1,,
569,,r,5,,
568,,r,1,,
567,,k,1,,
566,,r,1,,
565,,r,1,,
564,,r,1,,
563,S3,s,1,A,
562,,k,4,,
561,,k,5,,
560,,k,5,,
559,,r,3,,
558,S1,s,3,,
557,,k,3,,
556,S3,s,5,,
555,,k,4,,
554,,r,5,,
553,S2,r,2,,
543,,k,1,,관계
249,,r,5,,
248,,r,5,,
247,S1,s,3,,
246,S3,s,5,,
245,,k,3,,
243,,r,5,,
242,,r,5,,
241,,r,5,,
240,S3,k,1,,
239,,r,4,,
238,,r,5,,
237,,r,4,,
235,,k,4,,
234,,r,4,,
233,S3,s,5,B,
232,,r,5,,
231,,r,1,,
230,,r,3,,
229,,r,5,,
228,,k,2,,
227,,r,4,,
226,,r,1,,
225,,k,1,,
224,S2,r,4,,
223,,r,5,,
222,,k,1,,
221,S1,k,3,,
220,,k,1,,
219,,k,1,,
218,S2,k,2,,
217,S3,s,5,,
216,,k,1,,
215,S2,k,2,,
214,S3,s,1,A,
213,,r,5,,
212,,k,2,,
211,S1,k,3,,
99,,r,5,,
938,S1,s,3,A,
982,,k,3,,
983,,k,3,,
984,,k,2,,
985,S1,s,3,,
1004,S3,k,1,,
1005,,k,1,,
1006,,k,3,,
1007,,k,4,,
1008,S2,s,2,,
1009,,k,2,,
1010,S2,s,2,,
1011,,k,2,,
1012,,k,2,,
1013,,k,4,,
1014,S1,s,3,,
1015,,k,4,,
1016,S2,s,4,,
1017,S2,s,4,,
1018,,k,4,,
1019,,k,5,,
1020,,k,3,,
1021,,k,3,,
1022,,k,5,,
1023,S2,s,2,,
1024,,k,2,,
1025,,k,4,,
1026,,k,2,,
1027,,k,1,,
1028,,k,4,,
1029,,k,3,,
1030,S2,s,2,A,
1031,S2,s,4,,
1032,S2,s,4,A,
1033,,k,1,,
1103,,r,4,,
1104,S1,k,3,,
1105,S2,s,4,,
1106,,k,2,,
1107,S1,s,3,,
1108,S2,s,4,,
1109,S2,s,4,,
1171,,k,5,,
1172,,k,3,,
1173,S1,s,3,,
898,V1,s,5,A,
897,,k,4,,
896,V3,s,2,B,
895,V1,s,1,A,
894,V1,s,4,B,
893,V3,s,3,B,
892,,k,4,,
891,,k,4,,
890,,k,6,,
889,V1,s,4,B,
888,,k,4,,
887,,k,6,,
886,,k,3,,
885,,k,1,,
884,,k,1,,
883,,k,6,,
882,,k,6,,
881,,k,4,,
880,V1,s,1,A,
879,,k,4,,
878,V3,s,3,A,
877,,k,4,,
876,,k,6,,
875,V1,s,4,A,
874,,k,4,,
873,,k,6,,
872,,k,4,,
871,V2,s,6,B,
870,,k,6,,
869,,k,4,,
868,,k,4,,
867,,k,1,,
866,,k,1,,
865,,k,3,,
864,,k,4,,
863,,k,6,,
862,,k,1,,
861,,k,6,,
860,,k,6,,
859,,k,4,,
858,,k,4,,
857,,k,4,,
856,,k,1,,
855,V3,s,3,A,
854,V1,s,2,A,
853,,k,3,,
852,V3,s,3,,
851,V3,s,3,B,
850,V3,s,3,A,
849,,k,3,,
848,,k,4,,
847,V1,s,6,A,
846,,k,6,,
845,,k,5,,
843,,k,6,,
842,,k,4,,
841,,k,4,,
840,V1,s,2,A,
839,,k,4,,
838,,k,4,,
837,,k,4,,
836,L1,s,4,A,관계
835,,k,5,,
834,,k,5,,
833,V1,s,5,B,
832,,k,5,,
831,R1,s,3,A,루틴
830,V2,s,5,A,
829,,k,5,,
828,,k,5,,
827,,k,6,,
826,L1,s,5,A,관계
825,,k,6,,
824,V2,s,3,B,
823,,k,2,,
821,,k,1,,
820,V1,s,1,A,
819,V1,s,1,B,
816,L3,s,6,,관계
814,V1,s,5,A,
813,,k,,,관계
812,V3,s,2,,
811,,k,5,,
810,V1,s,5,,
809,,k,6,,
808,V1,s,4,A,
807,V1,s,4,A,
806,V1,s,2,B,
805,V2,s,3,B,
804,V1,s,2,A,
803,R1,s,3,A,루틴
802,,k,6,,
801,,k,3,,
800,,k,4,,
799,,k,4,,
798,,k,3,,
797,,k,5,,
796,,k,1,,
795,,k,1,,
794,,k,6,,
793,V2,s,3,B,
792,,k,5,,
791,,k,5,,
790,,k,5,,
789,,k,3,,
788,,k,4,,
787,V3,s,3,B,
786,V2,s,3,,
785,V1,s,5,A,
783,,k,5,,
782,,k,5,,
781,,k,1,,
780,,k,1,,
779,V1,s,5,B,
778,,k,5,,
777,V1,s,5,A,
776,V1,s,2,A,
775,V1,s,5,B,
774,,k,5,,
773,,k,6,,
772,V1,s,5,B,
771,,k,5,,
770,,k,5,,
769,,k,5,,
768,,k,,,관계
767,L1,s,4,A,관계
741,V2,s,6,A,
740,,k,4,,
738,,k,4,,
726,,k,4,,
720,V2,s,1,A,
715,,k,6,,
712,V1,s,2,B,
709,,k,4,,
660,,r,6,,
659,V3,r,3,,
658,,k,4,,
657,,k,1,,
656,V2,r,3,,
655,,k,1,,
653,,k,5,,
652,,r,1,,
651,,k,6,,
650,,k,1,,
649,,k,4,,
648,V3,r,3,,
647,,k,6,,
646,,r,5,,
645,,r,5,,
644,,r,5,,
643,,k,6,,
642,,r,5,,
640,,r,5,,
639,,r,6,,
638,V3,r,2,,
637,V2,s,5,A,
636,,k,5,,
635,,k,1,,
633,V3,r,3,,
632,,r,4,,
631,,k,6,,
630,,r,5,,
629,,r,4,,
628,,k,2,,
627,,k,4,,
626,,r,5,,
625,,r,4,,
624,,k,5,,
623,,r,2,,
622,,r,4,,
621,,r,6,,
620,,k,6,,
619,,r,3,,
618,,r,4,,
617,V3,s,3,B,
616,,r,6,,
615,V3,r,4,,
614,,r,6,,
613,,r,4,,
612,V3,r,6,,
611,,k,6,,
610,,r,4,,
606,,r,6,,
603,,k,6,,
602,,k,1,,
601,,r,6,,
600,,k,6,,
599,V3,s,3,B,
598,V3,s,3,,
597,,k,5,,
596,V3,r,2,,
595,V1,s,4,,
594,,r,1,,
593,,k,4,,
592,V1,s,5,,
590,,r,6,,감정
589,,k,4,,
587,,k,1,,
586,,r,1,,
585,E4,s,6,A,감정
584,,k,1,,
583,V1,s,5,A,
582,E4,s,6,,감정
581,V3,r,6,,
580,,r,6,,
579,,k,2,,
577,,r,5,,
576,V1,s,5,,
574,,r,6,,
517,,k,6,,
479,,k,5,,
477,,r,5,,
387,,r,6,,
383,,k,6,,
300,,k,1,,
299,,r,4,,
298,,r,6,,
297,V1,r,5,,
296,,r,6,,
295,,k,6,,
294,V3,r,3,,
293,,r,6,,
291,,r,4,,
290,,k,3,,
289,V3,r,3,,
288,V2,k,3,,
287,,r,5,,
286,,k,6,,
285,,r,1,,
284,,r,1,,
283,V3,r,3,,
282,,r,4,,
279,,r,1,,
278,V2,r,3,,
277,,r,1,,
276,,k,4,,
275,,r,1,,
274,V3,r,3,,
273,,k,2,,
272,,k,4,,
271,V3,r,3,,
270,V3,r,3,,
269,V1,r,5,,
268,,k,4,,
267,,r,6,,
266,,r,5,,
264,,r,5,,
263,,r,6,,
262,,r,6,,
260,,k,6,,
259,,k,6,,
258,,k,5,,
257,,r,5,,
256,T3,k,4,,취향
255,,k,6,,
254,,r,1,,
253,,r,5,,
252,,k,5,,
251,,r,1,,
144,,r,6,,
100,,k,4,,
95,V3,r,3,,
900,V1,s,5,A,
901,,k,5,,
902,,k,5,,
903,,k,1,,
904,V3,s,2,A,
905,V1,s,2,A,
906,,k,4,,
944,,k,5,,
945,,k,4,,
946,,k,6,,
947,,k,6,,
948,V3,r,6,,
949,V3,k,3,,
950,,k,6,,
951,,k,4,,
952,,k,4,,
1034,,r,5,,
1035,,k,1,,
1036,,r,1,,
1037,,k,6,,
1038,,k,6,,
1039,,k,4,,
1040,,k,6,,
1041,V1,r,5,,
1042,,r,4,,
1043,,k,6,,
1044,V1,k,4,,
1045,,r,1,,
1046,,r,6,,
1047,,r,4,,
1048,,k,4,,
1049,,k,1,,
1050,,k,4,,
1051,,k,2,,
1052,,k,6,,
1053,V3,s,3,A,
1054,,k,6,,
1055,,k,1,,
1056,,r,6,,
1057,,k,5,,
1058,,r,6,,
1059,,r,4,,
1060,,k,6,,
1061,,r,3,,
1062,V2,s,4,,
1063,,r,5,,
1064,V2,r,3,,
1135,,k,6,,
1136,,r,4,,
1137,V2,s,1,A,
1138,,k,4,,
1139,V2,r,5,,
1140,E4,r,6,,감정
1141,,r,4,,
