통계 질문 ID,문구(수정본),지금 관심사,제안 관심사,이유
48,내가 좋아하는 사람들의 공통점은 무엇인가요?,취향,관계,좋아하는 사람들(친구 등)
55,지금 가장 보고 싶은 사람은 어떤 사람인가요? 이름 대신 이유를 알려주세요.,감정,관계,보고 싶은 사람
60,지금 누군가에게 전하고 싶은 말은 무엇인가요?,감정,관계,누군가에게 전하는 말
87,다른 사람을 보며 멋지다고 느끼는 포인트는 무엇인가요?,감정,관계,다른 사람을 보는 시선
95,내가 생각하는 용기 있는 행동은 어떤 건가요?,감정,가치관,용기에 대한 생각
99,사랑한다고 느끼는 순간은 언제인가요?,감정,사랑,사랑을 느끼는 순간
100,내 인생을 계절에 비유하면 지금은 어떤 계절인가요?,감정,가치관,인생 비유
109,매일 사용하는 물건 중 가장 아끼는 것은 무엇인가요?,루틴,취향,아끼는 물건(기존 #32가 취향)
129,가장 좋아하는 기념일은 무엇인가요?,루틴,취향,좋아하는 기념일
144,남들이 보는 나는 어떤 사람일까요?,루틴,가치관,남이 보는 나(기존 #606이 가치관)
236,나 자신을 사랑하는 방법은 무엇인가요?,사랑,감정,나를 아끼는 방법
259,나를 가장 설레게 하는 단어는 무엇인가요?,가치관,감정,설레는 감정을 묻는 질문
261,돈을 기분 좋게 썼던 기억은 무엇인가요?,가치관,취향,"소비 취향(기존 #335 ""돈이 아깝지 않았던 소비""가 취향)"
280,요즘 내 일상은 일과 쉼 중 어느 쪽으로 기울어 있나요?,가치관,루틴,일과 쉼의 균형(기존 #416·#492가 루틴)
281,나에게 '가족'이란 어떤 존재인가요?,가치관,관계,가족에 대한 질문
313,이동하는 시간에 나는 주로 무슨 생각을 하나요?,취향,루틴,이동 시간
319,반대되는 성격이 좋나요 아니면 비슷한 성격이 좋나요?,취향,관계,사람의 성격 선호
336,복잡한 마음을 잠시 쉬게 해주는 것은 무엇인가요?,취향,감정,마음을 쉬게 하는 것
337,나에게 진짜 휴식은 어떤 모습인가요?,취향,루틴,쉬는 방식(기존 #491이 루틴)
383,사람들이 잘 모르는 나의 의외의 모습은 무엇인가요?,감정,가치관,의외의 모습(기존 #643 반전 매력이 가치관)
384,나도 가끔 이해 안 되는 내 습관은 무엇인가요?,감정,루틴,습관(기존 #422 버릇이 루틴)
387,싫어하는 것이 나에게 주는 의외의 이점이 있을까요?,감정,가치관,관점 전환
388,나만 알고 싶은 나의 작은 비밀 취향은 무엇인가요?,감정,취향,취향
412,고마운 마음을 잘 표현하는 편인가요?,감정,관계,고마움 표현(기존 #518이 관계)
413,미안하다는 표현을 잘하는 편인가요?,감정,관계,사과 표현(기존 #525가 관계)
455,시험이나 발표 전에 긴장하는 편이에요?,루틴,감정,긴장
477,나에게 '돈'이란 한마디로 무엇인가요?,루틴,가치관,돈의 의미
479,나에게 투자할 가치가 있는 분야는 무엇인가요?,루틴,가치관,나에 대한 투자 관점
489,당황하면 나도 모르게 나오는 말이나 행동은 무엇인가요?,루틴,감정,당황했을 때의 반응
490,겉으로는 '응' 하지만 속으로는 '싫어' 하는 것은 무엇인가요?,루틴,관계,속으로 싫은 부탁·약속
517,나 자신과 하고 싶은 약속은 무엇인가요?,관계,가치관,나와의 약속
543,좋아하는 사람이 생기면 푹 빠지는 편인가요?,관계,사랑,좋아하는 사람
552,어린 시절 가장 좋아했던 놀이는 무엇인가요?,관계,취향,좋아했던 놀이
575,거절을 해야 할 때 나는 어떻게 하나요?,가치관,관계,거절(기존 #172가 관계)
578,나에게 좀 더 다정해지고 싶은 순간은 언제인가요?,가치관,감정,나를 달래는 마음
588,과거의 나에게 '괜찮아'라고 말해주고 싶은 순간은 언제인가요?,가치관,감정,과거의 나 위로(기존 #78이 감정)
591,잊고 싶은 기억이 생기면 나는 주로 어떻게 하나요?,가치관,감정,기억을 다루는 감정 대처
604,뉴스나 SNS에서 보면 꼭 클릭하게 되는 주제는 무엇인가요?,가치관,취향,관심 콘텐츠 주제
605,괜찮지 않을 때도 '괜찮아'라고 말하는 편인가요?,가치관,감정,감정 표현 방식
607,스스로를 위로해주고 싶은 순간은 언제인가요?,가치관,감정,자기 위로
608,요즘 마음이 더 채워졌으면 하는 부분은 무엇인가요?,가치관,감정,마음 상태
609,자꾸 미루게 되는 일은 무엇인가요?,가치관,루틴,미루는 일(기존 #428이 루틴)
620,"나와 가장 닮은 영화, 책, 드라마 속 인물은 누구인가요?",가치관,취향,작품 속 인물
634,관계에서 내가 절대 포기할 수 없는 0순위는 무엇인가요?,가치관,관계,관계에서의 우선순위
641,10년 뒤 나에게 고마울 습관은 무엇일까요?,가치관,루틴,습관(기존 #141이 루틴)
654,가장 좋아하는 문장은 무엇인가요?,가치관,취향,좋아하는 문장(기존 #325가 취향)
684,당장 소원 하나와 10년 후 소원 세 개 중 뭐가 더 좋은가요?,루틴,가치관,지금과 미래의 선택
685,많은 시간과 많은 에너지 중 뭐가 더 좋은가요?,루틴,가치관,시간과 에너지의 가치
688,위험해도 나을 가능성에 도전하는 것과 안전하게 지내는 것 중 뭐가 더 나은가요?,루틴,가치관,도전과 안전
691,두려움의 대상과 사랑받는 사람 중 누가 더 되고 싶나요?,관계,가치관,되고 싶은 모습
696,삶에서 일과 가족 중 뭐가 더 우선인가요?,관계,가치관,삶의 우선순위
702,모든 게 공유되는 세상과 모든 게 비밀인 세상 중 뭐가 더 편안한가요?,관계,가치관,세상에 대한 상상
714,아무 문제 없는 세상과 내가 다스리는 세상 중 뭐가 더 좋은가요?,관계,가치관,세상에 대한 상상
716,남의 운명을 좌우하는 것과 내 삶을 내 뜻대로 하는 것 중 뭐가 더 좋나요?,관계,가치관,삶의 주도권
717,내 뜻대로 하는 힘과 모두에게 믿음받는 것 중 뭐가 더 나은가요?,관계,가치관,힘과 신뢰의 가치
738,한 사람에게 깊이 이해받는 것과 여럿에게 사랑받는 것 중 뭐가 더 끌리나요?,사랑,관계,연인이 아닌 관계 일반
743,대화를 주도하는 것과 경청하는 것 중 뭐가 더 편한가요?,가치관,관계,대화 방식
744,매번 늦는 사람과 재촉하는 사람 중 누가 더 미운가요?,가치관,관계,약속 시간을 둘러싼 사람 사이
760,인간관계 없는 숲속의 고요함과 소란한 도시의 삶 중 뭐가 더 편안한가요?,가치관,취향,사는 곳 선호(기존 #666 도시 vs 숲이 취향)
789,관계 문제는 커플 상담과 자기계발서 중 뭐가 더 효과적인가요?,가치관,사랑,커플 관계 문제
790,번 돈은 저축하는 것과 아낌없이 쓰는 것 중 뭐가 더 나다운가요?,가치관,루틴,돈 관리 습관(기존 #125가 루틴)
791,항상 솔직히 말하는 것과 돌려 말하는 것 중 뭐가 더 나에게 맞나요?,가치관,관계,말하는 방식
792,사람을 만나면 일단 믿는 것과 의심하는 것 중 뭐가 더 나에게 맞나요?,가치관,관계,사람을 대하는 태도
793,돈은 하나로 합치는 것과 각자 독립을 지키는 것 중 뭐가 더 편한가요?,가치관,사랑,커플의 돈 관리
794,먼 미래를 계획하는 연애와 지금을 즐기는 연애 중 뭐가 더 편한가요?,가치관,사랑,연애 방식
798,지금 하고 싶은 일과 해야 하는 일 중 무엇을 먼저 하나요?,가치관,루틴,일 처리 순서
812,하루 종일 말하는 것과 듣기만 하는 것 중 뭐가 더 나다운가요?,가치관,관계,대화 방식
820,남의 마음을 읽는 것과 내 마음을 나누는 것 중 뭐가 더 하고 싶나요?,가치관,관계,마음 읽기와 나누기
