a,b,판정,메모,a 문구,b 문구
353,983,diff,형식만 비슷하고 묻는 게 다름,내가 나에게 가장 듣고 싶은 칭찬은 무엇인가요?,연인에게 가장 듣고 싶은 칭찬은 무엇인가요?
532,192,diff,형식만 비슷하고 묻는 게 다름,가장 가까운 사람에게 꼭 전하고 싶은 말은 무엇인가요?,가까운 사람에게 가장 듣고 싶은 말은 무엇인가요?
548,547,diff,형식만 비슷하고 묻는 게 다름,아빠(또는 보호자)와 닮은 점은 무엇인가요?,엄마(또는 보호자)와 닮은 점은 무엇인가요?
662,213,dup,같은 질문(사랑의 정의),내가 생각하는 사랑은 무엇인가요?,내가 생각하는 사랑은 어떤 느낌인가요?
466,465,diff,형식만 비슷하고 묻는 게 다름,운동 후에 꼭 하는 것은 무엇인가요? 운동을 안 한다면 나만의 휴식법을 알려주세요.,운동 전에 꼭 하는 것은 무엇인가요? 운동을 안 한다면 해보고 싶은 운동을 알려주세요.
878,849,diff,형식만 비슷하고 묻는 게 다름,항상 진실만 말하는 것과 남의 거짓말을 알아채는 것 중 뭐가 더 나은가요?,거짓말을 항상 알아채는 것과 전혀 못 알아채는 것 중 뭐가 더 나은가요?
373,32,diff,형식만 비슷하고 묻는 게 다름,오래 간직하고 싶은 감정은 무엇인가요?,오래 간직하고 있는 물건은 무엇인가요?
953,1065,diff,형식만 비슷하고 묻는 게 다름,나를 단번에 웃게 만드는 것은 무엇인가요?,나를 단번에 김빠지게 만드는 것은 무엇인가요?
28,1111,diff,형식만 비슷하고 묻는 게 다름,가장 좋아하는 꽃의 이름은 무엇인가요?,사람 이름 중 가장 좋아하는 이름은 무엇인가요?
575,172,similar,거절 상황 — 행동과 마음으로 나뉨,거절을 해야 할 때 나는 어떻게 하나요?,거절을 해야 할 때 어떤 마음이 드나요?
186,48,diff,형식만 비슷하고 묻는 게 다름,나를 믿어주는 사람들의 공통점은 무엇인가요?,내가 좋아하는 사람들의 공통점은 무엇인가요?
568,48,diff,형식만 비슷하고 묻는 게 다름,지금까지 만난 사람들의 공통점은 무엇인가요?,내가 좋아하는 사람들의 공통점은 무엇인가요?
392,360,similar,자주 느끼는 감정 — 답이 겹치기 쉬움,남들보다 자주 느끼는 감정은 무엇인가요?,요즘 가장 자주 느끼는 감정은 무엇인가요?
614,1034,diff,형식만 비슷하고 묻는 게 다름,절대 되고 싶지 않은 사람의 모습은 무엇인가요?,절대 하고 싶지 않은 일은 무엇인가요?
682,663,similar,하루 중 기분 좋은 때와 웃는 때,하루 중 기분이 가장 좋은 시간은 언제인가요?,하루 중 가장 많이 웃는 시간은 언제인가요?
1035,1120,diff,형식만 비슷하고 묻는 게 다름,누구에게나 꼭 한 번 해보라고 추천하고 싶은 것은 무엇인가요?,누구에게나 추천하고 싶은 나의 필수템은 무엇인가요?
268,150,dup,같은 질문(시간이 빨리 가는 순간),시간이 가장 빨리 가는 순간은 언제인가요?,가장 빨리 흘러가는 순간은 언제인가요?
258,1124,diff,형식만 비슷하고 묻는 게 다름,무엇을 가장 배우고 싶나요?,악기를 하나 배울 수 있다면 무엇을 배우고 싶나요?
627,589,diff,형식만 비슷하고 묻는 게 다름,다시 살아보고 싶은 하루는 언제인가요?,가장 살아보고 싶은 시대는 언제인가요?
682,354,diff,형식만 비슷하고 묻는 게 다름,하루 중 기분이 가장 좋은 시간은 언제인가요?,하루 중 가장 기분이 가라 앉는 순간은 언제인가요?
412,247,similar,마음 표현,고마운 마음을 잘 표현하는 편인가요? ,마음을 말로 표현하는 게 쉬운 편인가요?
682,427,diff,형식만 비슷하고 묻는 게 다름,하루 중 기분이 가장 좋은 시간은 언제인가요?,하루 중 몸이 가장 바쁜 시간은 언제인가요?
626,96,diff,형식만 비슷하고 묻는 게 다름,요즘 나를 움직이게 하는 가장 큰 동력은 무엇인가요?,나를 가장 자주 움직이게 하는 감정은 무엇인가요?
110,101,dup,같은 질문(아침에 가장 먼저 하는 일),아침에 일어나 가장 먼저 하는 일은 뭔가요?,아침에 일어나면 가장 먼저 무엇을 하나요?
550,536,similar,함께할 때 좋은 순간,가족과 함께할 때 가장 편한 순간은 언제인가요?,소중한 사람과 함께할 때 가장 좋아하는 순간은 언제인가요?
470,123,similar,건강을 위해 하는 것,건강을 위해 올해 해보고 싶은 것은 무엇인가요?,건강을 위해 챙기고 있는 것은 무엇인가요?
663,107,diff,형식만 비슷하고 묻는 게 다름,하루 중 가장 많이 웃는 시간은 언제인가요?,하루 중 스마트폰을 가장 많이 보는 시간은 언제인가요?
573,459,diff,형식만 비슷하고 묻는 게 다름,가장 좋아했던 사람을 한 단어로 표현하면 무엇인가요?,지금 내 방을 한 단어로 표현하면 무엇인가요?
700,83,diff,형식만 비슷하고 묻는 게 다름,내 감정을 다스리는 것과 생각을 다스리는 것 중 뭐가 더 하고 싶나요?,감정을 다스리는 나만의 루틴은 무엇인가요?
286,1043,diff,형식만 비슷하고 묻는 게 다름,다시 태어난다면 어떤 사람으로 살고 싶나요?,다시 태어난다면 사람 말고 무엇으로 태어나고 싶나요?
578,59,diff,형식만 비슷하고 묻는 게 다름,스스로에게 가장 엄격해지는 순간은 언제인가요?,스스로에게 주로 실망하는 순간은 언제인가요?
870,794,diff,형식만 비슷하고 묻는 게 다름,웃긴 사람과 똑똑한 사람 중 누가 더 끌리나요?,가장 인기 있는 사람과 가장 똑똑한 사람 중 누가 더 되고 싶나요?
329,286,diff,형식만 비슷하고 묻는 게 다름,하루만 다른 사람으로 살 수 있다면 어떤 사람으로 살고 싶나요?,다시 태어난다면 어떤 사람으로 살고 싶나요?
843,839,diff,형식만 비슷하고 묻는 게 다름,사람들의 속마음을 아는 것과 모르는 것 중 뭐가 더 편안한가요?,죽는 날짜를 아는 것과 모르는 것 중 뭐가 더 편안한가요?
368,51,similar,지금 기분 표현,지금 내 기분을 한 단어로 말하면 무엇인가요?,지금 기분을 날씨로 말하면 어떤가요?
459,368,diff,형식만 비슷하고 묻는 게 다름,지금 내 방을 한 단어로 표현하면 무엇인가요?,지금 내 기분을 한 단어로 말하면 무엇인가요?
458,128,diff,형식만 비슷하고 묻는 게 다름,나만의 정리 규칙은 무엇인가요?,여행 가방을 싸는 나만의 규칙은 무엇인가요?
607,433,diff,형식만 비슷하고 묻는 게 다름,스스로를 위로해주고 싶은 순간은 언제인가요?,요즘 스스로를 칭찬하고 싶은 순간은 주로 언제인가요?
663,427,diff,형식만 비슷하고 묻는 게 다름,하루 중 가장 많이 웃는 시간은 언제인가요?,하루 중 몸이 가장 바쁜 시간은 언제인가요?
568,186,diff,형식만 비슷하고 묻는 게 다름,지금까지 만난 사람들의 공통점은 무엇인가요?,나를 믿어주는 사람들의 공통점은 무엇인가요?
257,176,diff,형식만 비슷하고 묻는 게 다름,내가 생각하는 '부자'의 기준은 무엇인가요?,내가 생각하는 '좋은 사람'의 기준은 무엇인가요?
2,969,diff,형식만 비슷하고 묻는 게 다름,가장 자주 듣는 노래는 무엇인가요?,친구들에게 가장 자주 듣는 말은 무엇인가요?
166,81,similar,솔직하게 말하는 편,서운한 점이 있을 때 솔직하게 말하는 편인가요? ,"감정을 솔직하게 말하는 편인가요, 참는 편인가요?"
459,348,diff,형식만 비슷하고 묻는 게 다름,지금 내 방을 한 단어로 표현하면 무엇인가요?,요즘 하루를 한 단어로 표현하면 무엇일까요?
113,1143,diff,형식만 비슷하고 묻는 게 다름,스트레스가 쌓이면 나도 모르게 하는 행동은 무엇인가요?,기분이 좋을 때 나도 모르게 하는 행동은 무엇인가요?
559,99,diff,형식만 비슷하고 묻는 게 다름,사랑받고 있다고 느끼는 순간은 언제인가요?,사랑한다고 느끼는 순간은 언제인가요?
360,96,diff,형식만 비슷하고 묻는 게 다름,요즘 가장 자주 느끼는 감정은 무엇인가요?,나를 가장 자주 움직이게 하는 감정은 무엇인가요?
682,103,diff,형식만 비슷하고 묻는 게 다름,하루 중 기분이 가장 좋은 시간은 언제인가요?,하루 중 에너지가 가장 넘치는 시간은 언제인가요?
646,492,diff,형식만 비슷하고 묻는 게 다름,더 나은 내가 되기 위해 노력하고 있는 것은 무엇인가요?,일과 삶의 균형을 위해 노력하고 있는 건 무엇인가요?
472,1145,diff,형식만 비슷하고 묻는 게 다름,성취감을 느끼는 순간은 주로 언제인가요?,외로움을 느끼는 순간은 주로 언제인가요?
591,381,diff,형식만 비슷하고 묻는 게 다름,꼭 잊고 싶은 기억은 무엇인가요?,가장 소중한 기억은 무엇인가요?
277,253,diff,형식만 비슷하고 묻는 게 다름,내가 가장 자유롭다고 느끼는 순간은 언제인가요?,가장 보람을 느끼는 순간은 언제인가요?
682,107,diff,형식만 비슷하고 묻는 게 다름,하루 중 기분이 가장 좋은 시간은 언제인가요?,하루 중 스마트폰을 가장 많이 보는 시간은 언제인가요?
544,253,diff,형식만 비슷하고 묻는 게 다름,좋은 친구라고 느끼는 순간은 언제인가요?,가장 보람을 느끼는 순간은 언제인가요?
253,99,diff,형식만 비슷하고 묻는 게 다름,가장 보람을 느끼는 순간은 언제인가요?,사랑한다고 느끼는 순간은 언제인가요?
663,103,diff,형식만 비슷하고 묻는 게 다름,하루 중 가장 많이 웃는 시간은 언제인가요?,하루 중 에너지가 가장 넘치는 시간은 언제인가요?
253,1145,diff,형식만 비슷하고 묻는 게 다름,가장 보람을 느끼는 순간은 언제인가요?,외로움을 느끼는 순간은 주로 언제인가요?
671,459,diff,형식만 비슷하고 묻는 게 다름,지금 내 기분을 음식으로 표현하면 무엇인가요?,지금 내 방을 한 단어로 표현하면 무엇인가요?
573,348,diff,형식만 비슷하고 묻는 게 다름,가장 좋아했던 사람을 한 단어로 표현하면 무엇인가요?,요즘 하루를 한 단어로 표현하면 무엇일까요?
259,1112,diff,형식만 비슷하고 묻는 게 다름,나를 가장 설레게 하는 단어는 무엇인가요?,가장 싫어하는 단어는 무엇인가요?
472,253,diff,형식만 비슷하고 묻는 게 다름,성취감을 느끼는 순간은 주로 언제인가요?,가장 보람을 느끼는 순간은 언제인가요?
427,103,diff,형식만 비슷하고 묻는 게 다름,하루 중 몸이 가장 바쁜 시간은 언제인가요?,하루 중 에너지가 가장 넘치는 시간은 언제인가요?
2,1171,diff,형식만 비슷하고 묻는 게 다름,가장 자주 듣는 노래는 무엇인가요?,사랑 노래 중 가장 공감 가는 노래는 무엇인가요?
493,1135,diff,형식만 비슷하고 묻는 게 다름,절친을 소개할 때 가장 먼저 말하고 싶은 장점은 무엇인가요?,나를 소개할 때 가장 먼저 꺼내는 말은 무엇인가요?
544,99,diff,형식만 비슷하고 묻는 게 다름,좋은 친구라고 느끼는 순간은 언제인가요?,사랑한다고 느끼는 순간은 언제인가요?
277,99,diff,형식만 비슷하고 묻는 게 다름,내가 가장 자유롭다고 느끼는 순간은 언제인가요?,사랑한다고 느끼는 순간은 언제인가요?
604,8,diff,형식만 비슷하고 묻는 게 다름,요즘 가장 관심 있는 주제는 무엇인가요?,요즘 자주 보는 영상의 주제는 무엇인가요?
427,107,diff,형식만 비슷하고 묻는 게 다름,하루 중 몸이 가장 바쁜 시간은 언제인가요?,하루 중 스마트폰을 가장 많이 보는 시간은 언제인가요?
6,988,diff,형식만 비슷하고 묻는 게 다름,가장 좋아하는 과일은 무엇인가요?,가장 좋아하는 과자는 무엇인가요?
544,1145,diff,형식만 비슷하고 묻는 게 다름,좋은 친구라고 느끼는 순간은 언제인가요?,외로움을 느끼는 순간은 주로 언제인가요?
99,1145,diff,형식만 비슷하고 묻는 게 다름,사랑한다고 느끼는 순간은 언제인가요?,외로움을 느끼는 순간은 주로 언제인가요?
896,893,diff,형식만 비슷하고 묻는 게 다름,선택지가 너무 많은 것과 하나의 길만 걷는 것 중 뭐가 더 답답한가요?,규칙이 하나도 없는 세상과 너무 많은 세상 중 뭐가 더 답답한가요?
593,381,diff,형식만 비슷하고 묻는 게 다름,돈과 시간 중 더 소중한 건 무엇인가요?,가장 소중한 기억은 무엇인가요?
544,472,diff,형식만 비슷하고 묻는 게 다름,좋은 친구라고 느끼는 순간은 언제인가요?,성취감을 느끼는 순간은 주로 언제인가요?
472,99,diff,형식만 비슷하고 묻는 게 다름,성취감을 느끼는 순간은 주로 언제인가요?,사랑한다고 느끼는 순간은 언제인가요?
7,1176,diff,형식만 비슷하고 묻는 게 다름,집에서 가장 좋아하는 컵은 무엇인가요?,비 오는 날 집에서 가장 하고 싶은 일은 무엇인가요?
289,176,diff,형식만 비슷하고 묻는 게 다름,내가 가장 중요하게 생각하는 옳고 그름의 기준은 무엇인가요?,내가 생각하는 '좋은 사람'의 기준은 무엇인가요?
353,192,diff,형식만 비슷하고 묻는 게 다름,내가 나에게 가장 듣고 싶은 칭찬은 무엇인가요?,가까운 사람에게 가장 듣고 싶은 말은 무엇인가요?
352,2,diff,형식만 비슷하고 묻는 게 다름,나를 가장 잘 설명해주는 노래는 무엇인가요?,가장 자주 듣는 노래는 무엇인가요?
544,277,diff,형식만 비슷하고 묻는 게 다름,좋은 친구라고 느끼는 순간은 언제인가요?,내가 가장 자유롭다고 느끼는 순간은 언제인가요?
654,6,diff,형식만 비슷하고 묻는 게 다름,가장 좋아하는 문장은 무엇인가요?,가장 좋아하는 과일은 무엇인가요?
1016,1108,diff,형식만 비슷하고 묻는 게 다름,"내가 먼저 집에 간 뒤 연인과 내 친구 둘이 더 마신다면 괜찮나요, 신경 쓰이나요?","연인이 내 친구의 깻잎을 떼어주는 건 괜찮나요, 신경 쓰이나요?"
6,1177,diff,형식만 비슷하고 묻는 게 다름,가장 좋아하는 과일은 무엇인가요?,가장 좋아하는 간식은 무엇인가요?
602,571,diff,형식만 비슷하고 묻는 게 다름,죽기 전에 꼭 해보고 싶은 건 무엇인가요?,가장 해보고 싶은 데이트는 무엇인가요?
662,176,diff,형식만 비슷하고 묻는 게 다름,내가 생각하는 사랑은 무엇인가요?,내가 생각하는 '좋은 사람'의 기준은 무엇인가요?
123,1055,diff,형식만 비슷하고 묻는 게 다름,건강을 위해 챙기고 있는 것은 무엇인가요?,"건강, 관계, 일, 쉼 중 지금 가장 챙기고 싶은 것은 무엇인가요?"
16,6,diff,형식만 비슷하고 묻는 게 다름,가장 좋아하는 신발은 무엇인가요?,가장 좋아하는 과일은 무엇인가요?
554,99,similar,사랑을 느끼는 순간,좋아하는 마음이 사랑으로 바뀌었다고 느끼는 순간은 언제인가요?,사랑한다고 느끼는 순간은 언제인가요?
654,1177,diff,형식만 비슷하고 묻는 게 다름,가장 좋아하는 문장은 무엇인가요?,가장 좋아하는 간식은 무엇인가요?
277,1145,diff,형식만 비슷하고 묻는 게 다름,내가 가장 자유롭다고 느끼는 순간은 언제인가요?,외로움을 느끼는 순간은 주로 언제인가요?
459,293,diff,형식만 비슷하고 묻는 게 다름,지금 내 방을 한 단어로 표현하면 무엇인가요?,나의 인생을 한 단어로 표현한다면 무엇인가요?
318,6,diff,형식만 비슷하고 묻는 게 다름,가장 좋아하는 게임은 무엇인가요?,가장 좋아하는 과일은 무엇인가요?
6,1,diff,형식만 비슷하고 묻는 게 다름,가장 좋아하는 과일은 무엇인가요?,가장 좋아하는 색깔은 무엇인가요?
654,16,diff,형식만 비슷하고 묻는 게 다름,가장 좋아하는 문장은 무엇인가요?,가장 좋아하는 신발은 무엇인가요?
654,988,diff,형식만 비슷하고 묻는 게 다름,가장 좋아하는 문장은 무엇인가요?,가장 좋아하는 과자는 무엇인가요?
109,986,similar,아끼는 물건,매일 사용하는 물건 중 가장 아끼는 것은 무엇인가요?,내 방에서 가장 아끼는 물건은 무엇인가요?
383,267,diff,형식만 비슷하고 묻는 게 다름,사람들이 잘 모르는 나의 의외의 모습은 무엇인가요?,사람들에게 보여주고 싶은 나의 모습은 무엇인가요?
1017,1108,diff,형식만 비슷하고 묻는 게 다름,"연인 차에 이성 친구가 블루투스를 연결하는 건 괜찮나요, 신경 쓰이나요?","연인이 내 친구의 깻잎을 떼어주는 건 괜찮나요, 신경 쓰이나요?"
472,277,diff,형식만 비슷하고 묻는 게 다름,성취감을 느끼는 순간은 주로 언제인가요?,내가 가장 자유롭다고 느끼는 순간은 언제인가요?
654,318,diff,형식만 비슷하고 묻는 게 다름,가장 좋아하는 문장은 무엇인가요?,가장 좋아하는 게임은 무엇인가요?
16,1177,diff,형식만 비슷하고 묻는 게 다름,가장 좋아하는 신발은 무엇인가요?,가장 좋아하는 간식은 무엇인가요?
654,1,diff,형식만 비슷하고 묻는 게 다름,가장 좋아하는 문장은 무엇인가요?,가장 좋아하는 색깔은 무엇인가요?
988,1177,similar,과자와 간식,가장 좋아하는 과자는 무엇인가요?,가장 좋아하는 간식은 무엇인가요?
107,103,diff,형식만 비슷하고 묻는 게 다름,하루 중 스마트폰을 가장 많이 보는 시간은 언제인가요?,하루 중 에너지가 가장 넘치는 시간은 언제인가요?
392,96,diff,형식만 비슷하고 묻는 게 다름,남들보다 자주 느끼는 감정은 무엇인가요?,나를 가장 자주 움직이게 하는 감정은 무엇인가요?
318,1177,diff,형식만 비슷하고 묻는 게 다름,가장 좋아하는 게임은 무엇인가요?,가장 좋아하는 간식은 무엇인가요?
1,1177,diff,형식만 비슷하고 묻는 게 다름,가장 좋아하는 색깔은 무엇인가요?,가장 좋아하는 간식은 무엇인가요?
16,988,diff,형식만 비슷하고 묻는 게 다름,가장 좋아하는 신발은 무엇인가요?,가장 좋아하는 과자는 무엇인가요?
318,16,diff,형식만 비슷하고 묻는 게 다름,가장 좋아하는 게임은 무엇인가요?,가장 좋아하는 신발은 무엇인가요?
39,1179,diff,형식만 비슷하고 묻는 게 다름,가장 좋아하는 계절의 풍경은 무엇인가요?,가장 좋아하는 계절 음식은 무엇인가요?
318,988,diff,형식만 비슷하고 묻는 게 다름,가장 좋아하는 게임은 무엇인가요?,가장 좋아하는 과자는 무엇인가요?
16,1,diff,형식만 비슷하고 묻는 게 다름,가장 좋아하는 신발은 무엇인가요?,가장 좋아하는 색깔은 무엇인가요?
1,988,diff,형식만 비슷하고 묻는 게 다름,가장 좋아하는 색깔은 무엇인가요?,가장 좋아하는 과자는 무엇인가요?
318,1,diff,형식만 비슷하고 묻는 게 다름,가장 좋아하는 게임은 무엇인가요?,가장 좋아하는 색깔은 무엇인가요?
352,1171,diff,형식만 비슷하고 묻는 게 다름,나를 가장 잘 설명해주는 노래는 무엇인가요?,사랑 노래 중 가장 공감 가는 노래는 무엇인가요?
7,6,diff,형식만 비슷하고 묻는 게 다름,집에서 가장 좋아하는 컵은 무엇인가요?,가장 좋아하는 과일은 무엇인가요?
6,1180,diff,형식만 비슷하고 묻는 게 다름,가장 좋아하는 과일은 무엇인가요?,가장 좋아하는 캐릭터는 무엇인가요?
323,6,diff,형식만 비슷하고 묻는 게 다름,가장 좋아하는 브랜드는 무엇인가요?,가장 좋아하는 과일은 무엇인가요?
121,15,diff,형식만 비슷하고 묻는 게 다름,주말에 꼭 하는 일은 무엇인가요?,주말 아침에 가장 하고 싶은 일은 무엇인가요?
654,7,diff,형식만 비슷하고 묻는 게 다름,가장 좋아하는 문장은 무엇인가요?,집에서 가장 좋아하는 컵은 무엇인가요?
607,59,diff,형식만 비슷하고 묻는 게 다름,스스로를 위로해주고 싶은 순간은 언제인가요?,스스로에게 주로 실망하는 순간은 언제인가요?
1016,1017,diff,형식만 비슷하고 묻는 게 다름,"내가 먼저 집에 간 뒤 연인과 내 친구 둘이 더 마신다면 괜찮나요, 신경 쓰이나요?","연인 차에 이성 친구가 블루투스를 연결하는 건 괜찮나요, 신경 쓰이나요?"
573,293,diff,형식만 비슷하고 묻는 게 다름,가장 좋아했던 사람을 한 단어로 표현하면 무엇인가요?,나의 인생을 한 단어로 표현한다면 무엇인가요?
654,1180,diff,형식만 비슷하고 묻는 게 다름,가장 좋아하는 문장은 무엇인가요?,가장 좋아하는 캐릭터는 무엇인가요?
654,323,diff,형식만 비슷하고 묻는 게 다름,가장 좋아하는 문장은 무엇인가요?,가장 좋아하는 브랜드는 무엇인가요?
28,6,diff,형식만 비슷하고 묻는 게 다름,가장 좋아하는 꽃의 이름은 무엇인가요?,가장 좋아하는 과일은 무엇인가요?
7,1177,diff,형식만 비슷하고 묻는 게 다름,집에서 가장 좋아하는 컵은 무엇인가요?,가장 좋아하는 간식은 무엇인가요?
285,986,diff,형식만 비슷하고 묻는 게 다름,돈으로 살 수 없는 것 중 가장 아끼는 건 무엇인가요?,내 방에서 가장 아끼는 물건은 무엇인가요?
735,190,similar,관계 정리 — 방식과 계기,관계를 정리할 때 주로 어떻게 하는 편인가요?,관계를 정리하게 되는 순간은 언제인가요?
988,1180,diff,형식만 비슷하고 묻는 게 다름,가장 좋아하는 과자는 무엇인가요?,가장 좋아하는 캐릭터는 무엇인가요?
1177,1180,diff,형식만 비슷하고 묻는 게 다름,가장 좋아하는 간식은 무엇인가요?,가장 좋아하는 캐릭터는 무엇인가요?
323,988,diff,형식만 비슷하고 묻는 게 다름,가장 좋아하는 브랜드는 무엇인가요?,가장 좋아하는 과자는 무엇인가요?
323,1177,diff,형식만 비슷하고 묻는 게 다름,가장 좋아하는 브랜드는 무엇인가요?,가장 좋아하는 간식은 무엇인가요?
16,7,diff,형식만 비슷하고 묻는 게 다름,가장 좋아하는 신발은 무엇인가요?,집에서 가장 좋아하는 컵은 무엇인가요?
654,28,diff,형식만 비슷하고 묻는 게 다름,가장 좋아하는 문장은 무엇인가요?,가장 좋아하는 꽃의 이름은 무엇인가요?
7,988,diff,형식만 비슷하고 묻는 게 다름,집에서 가장 좋아하는 컵은 무엇인가요?,가장 좋아하는 과자는 무엇인가요?
16,1180,diff,형식만 비슷하고 묻는 게 다름,가장 좋아하는 신발은 무엇인가요?,가장 좋아하는 캐릭터는 무엇인가요?
323,16,diff,형식만 비슷하고 묻는 게 다름,가장 좋아하는 브랜드는 무엇인가요?,가장 좋아하는 신발은 무엇인가요?
318,7,diff,형식만 비슷하고 묻는 게 다름,가장 좋아하는 게임은 무엇인가요?,집에서 가장 좋아하는 컵은 무엇인가요?
7,1,diff,형식만 비슷하고 묻는 게 다름,집에서 가장 좋아하는 컵은 무엇인가요?,가장 좋아하는 색깔은 무엇인가요?
28,1177,diff,형식만 비슷하고 묻는 게 다름,가장 좋아하는 꽃의 이름은 무엇인가요?,가장 좋아하는 간식은 무엇인가요?
318,1180,diff,형식만 비슷하고 묻는 게 다름,가장 좋아하는 게임은 무엇인가요?,가장 좋아하는 캐릭터는 무엇인가요?
323,318,diff,형식만 비슷하고 묻는 게 다름,가장 좋아하는 브랜드는 무엇인가요?,가장 좋아하는 게임은 무엇인가요?
1,1180,diff,형식만 비슷하고 묻는 게 다름,가장 좋아하는 색깔은 무엇인가요?,가장 좋아하는 캐릭터는 무엇인가요?
435,405,diff,형식만 비슷하고 묻는 게 다름,요즘 가장 정리하고 싶은 것은 무엇인가요?,요즘 가장 큰 걱정은 무엇인가요?
323,1,diff,형식만 비슷하고 묻는 게 다름,가장 좋아하는 브랜드는 무엇인가요?,가장 좋아하는 색깔은 무엇인가요?
607,578,diff,형식만 비슷하고 묻는 게 다름,스스로를 위로해주고 싶은 순간은 언제인가요?,스스로에게 가장 엄격해지는 순간은 언제인가요?
28,16,diff,형식만 비슷하고 묻는 게 다름,가장 좋아하는 꽃의 이름은 무엇인가요?,가장 좋아하는 신발은 무엇인가요?
28,988,diff,형식만 비슷하고 묻는 게 다름,가장 좋아하는 꽃의 이름은 무엇인가요?,가장 좋아하는 과자는 무엇인가요?
318,28,diff,형식만 비슷하고 묻는 게 다름,가장 좋아하는 게임은 무엇인가요?,가장 좋아하는 꽃의 이름은 무엇인가요?
28,1,diff,형식만 비슷하고 묻는 게 다름,가장 좋아하는 꽃의 이름은 무엇인가요?,가장 좋아하는 색깔은 무엇인가요?
134,107,diff,형식만 비슷하고 묻는 게 다름,스마트폰 없이 보내는 시간이 하루에 얼마나 되나요?,하루 중 스마트폰을 가장 많이 보는 시간은 언제인가요?
6,1111,diff,형식만 비슷하고 묻는 게 다름,가장 좋아하는 과일은 무엇인가요?,사람 이름 중 가장 좋아하는 이름은 무엇인가요?
654,1111,diff,형식만 비슷하고 묻는 게 다름,가장 좋아하는 문장은 무엇인가요?,사람 이름 중 가장 좋아하는 이름은 무엇인가요?
663,268,diff,형식만 비슷하고 묻는 게 다름,하루 중 가장 많이 웃는 시간은 언제인가요?,시간이 가장 빨리 가는 순간은 언제인가요?
1111,1177,diff,형식만 비슷하고 묻는 게 다름,사람 이름 중 가장 좋아하는 이름은 무엇인가요?,가장 좋아하는 간식은 무엇인가요?
392,74,diff,형식만 비슷하고 묻는 게 다름,남들보다 자주 느끼는 감정은 무엇인가요?,자주 느끼지만 남들에게 티내지 않으려고 노력하는 감정은 무엇인가요?
16,1111,diff,형식만 비슷하고 묻는 게 다름,가장 좋아하는 신발은 무엇인가요?,사람 이름 중 가장 좋아하는 이름은 무엇인가요?
7,1175,diff,형식만 비슷하고 묻는 게 다름,집에서 가장 좋아하는 컵은 무엇인가요?,가장 좋아하는 아침 메뉴는 무엇인가요?
988,1111,diff,형식만 비슷하고 묻는 게 다름,가장 좋아하는 과자는 무엇인가요?,사람 이름 중 가장 좋아하는 이름은 무엇인가요?
400,201,diff,형식만 비슷하고 묻는 게 다름,혼자 울 때와 누군가 앞에서 울 때가 다른가요?,사람들 앞의 나와 혼자 있을 때의 나는 어떻게 다른가요?
323,1180,diff,형식만 비슷하고 묻는 게 다름,가장 좋아하는 브랜드는 무엇인가요?,가장 좋아하는 캐릭터는 무엇인가요?
318,1111,diff,형식만 비슷하고 묻는 게 다름,가장 좋아하는 게임은 무엇인가요?,사람 이름 중 가장 좋아하는 이름은 무엇인가요?
7,1180,diff,형식만 비슷하고 묻는 게 다름,집에서 가장 좋아하는 컵은 무엇인가요?,가장 좋아하는 캐릭터는 무엇인가요?
1,1111,diff,형식만 비슷하고 묻는 게 다름,가장 좋아하는 색깔은 무엇인가요?,사람 이름 중 가장 좋아하는 이름은 무엇인가요?
892,841,similar,과거·미래 중 궁금한 쪽,과거의 모든 일과 미래의 모든 일 중 뭐가 더 궁금한가요?,100년 전 과거와 100년 후 미래 중 뭐가 더 궁금한가요?
323,7,diff,형식만 비슷하고 묻는 게 다름,가장 좋아하는 브랜드는 무엇인가요?,집에서 가장 좋아하는 컵은 무엇인가요?
348,293,diff,형식만 비슷하고 묻는 게 다름,요즘 하루를 한 단어로 표현하면 무엇일까요?,나의 인생을 한 단어로 표현한다면 무엇인가요?
7,1179,diff,형식만 비슷하고 묻는 게 다름,집에서 가장 좋아하는 컵은 무엇인가요?,가장 좋아하는 계절 음식은 무엇인가요?
618,237,diff,형식만 비슷하고 묻는 게 다름,예전보다 조심스러워진 부분은 무엇인가요?,연애에서 가장 조심하는 부분은 무엇인가요?
30,7,diff,형식만 비슷하고 묻는 게 다름,가장 좋아하는 영화 장르는 무엇인가요?,집에서 가장 좋아하는 컵은 무엇인가요?
357,961,dup,같은 질문(가라앉을 때 힘이 되는 것),기분이 가라앉았을 때 힘이 되는 것은 무엇인가요?,기분이 가라앉는 날 나를 끌어올리는 한 가지는 무엇인가요?
28,7,diff,형식만 비슷하고 묻는 게 다름,가장 좋아하는 꽃의 이름은 무엇인가요?,집에서 가장 좋아하는 컵은 무엇인가요?
