id,문구,empathy_guide,hint_guide,leading_question_guide
110,아침에 일어나 가장 먼저 하는 일은 뭔가요?,아침의 첫 행동은 하루의 리듬을 만들어요.,"알람 끄기, 물 마시기, 휴대폰 보기, 스트레칭을 떠올려봐요.",그 행동이 하루를 어떻게 시작하게 해주나요?
115,미루고 싶을 때 주로 어떻게 움직이나요?,미루고 싶은 마음은 누구에게나 찾아와요.,"마감 떠올리기, 5분만 하기, 보상 약속하기를 떠올려봐요.",그 방법이 잘 통하는 이유는 뭘까요?
118,어떻게 일정을 관리하는 편인가요?,일정을 다루는 방식에 나의 성향이 묻어나요.,"다이어리, 캘린더 앱, 메모, 머릿속을 떠올려봐요.",그 방식이 나에게 어떤 안정감을 주나요?
119,내 루틴 중 친구들에게도 추천하고 싶은 건 무엇인가요?,나에게 잘 맞는 루틴은 나누고 싶어지죠.,"아침 습관, 운동, 기록, 잠들기 전 루틴을 떠올려봐요.",그 루틴이 나를 어떻게 바꿔줬나요?
123,건강을 위해 챙기고 있는 것은 무엇인가요?,나를 가꾸는 습관은 몸에서 먼저 나타나요.,"물 마시기, 영양제, 산책, 일찍 자기처럼 작은 것도 좋아요.",그걸 챙기면서 어떤 변화가 있었나요?
124,약속에 늦지 않기 위해 무얼 하나요?,시간을 대하는 태도에 성격이 묻어나잖아요.,"알람 여러 개 맞추기, 10분 일찍 출발하기를 떠올려봐요.",그 준비가 마음의 여유를 만드는 데 도움이 되나요?
125,돈 관리를 어떻게 하나요?,돈을 다루는 방식에 삶의 태도가 담겨 있어요.,"가계부, 자동 저축, 통장 나누기, 그때그때 쓰기를 떠올려봐요.",그 방식에 만족하는 편이에요?
128,여행 가방을 싸는 나만의 규칙은 무엇인가요?,짐을 싸는 방식에서 평소의 꼼꼼함이 보여요.,"목록 만들기, 최소한만 챙기기, 전날 몰아서 싸기를 떠올려봐요.",빠뜨린 게 생기면 나는 어떻게 해요?
129,특별한 날을 보내는 나만의 방식은 무엇인가요?,특별한 날을 기억하는 방식은 저마다 달라요.,"생일, 기념일, 연말을 어떻게 보내는지 떠올려봐요.",그렇게 보내면 그날이 어떻게 특별해져요?
132,중요한 일을 앞두고 하는 습관적인 행동은 무엇인가요?,긴장되는 날엔 나만의 의식이 생기기도 해요.,"특정 옷 입기, 정해진 음식 먹기, 심호흡을 떠올려봐요.",그 행동이 마음을 어떻게 잡아주나요?
133,계절이 바뀔 때 가장 먼저 바꾸는 것은 무엇인가요?,계절이 바뀌면 생활도 조금씩 바뀌어요.,"옷장, 이불, 음료, 플레이리스트를 떠올려봐요.",그걸 바꾸면 기분이 어떻게 달라져요?
136,하루를 기록할 때 주로 어떤 방법을 쓰나요?,기록하는 방식에도 나다움이 담겨요.,"일기, 메모, 사진, SNS, 기억에 맡기기를 떠올려봐요.",그 방식이 나에게 잘 맞는 이유는 뭐예요?
138,새로운 취미를 시작할 때 꼭 거치는 과정은 무엇인가요?,새로운 걸 시작하는 방식에 내 성향이 보여요.,"정보 찾기, 장비부터 사기, 일단 해보기를 떠올려봐요.",그 과정에서 가장 즐거운 순간은 언제예요?
148,예전과 비교하면 좋아진 습관은 무엇인가요?,작은 변화도 쌓이면 큰 성장이 돼요.,"잠, 식사, 운동, 말투, 정리 습관을 떠올려봐요.",그 변화를 만든 계기는 뭐였어요?
150,가장 빨리 흘러가는 순간은 언제인가요?,시간 가는 줄 모르는 순간에 내 진짜 관심이 있어요.,"좋아하는 사람과 있을 때, 몰입할 때, 놀 때를 떠올려봐요.",그 순간이 빨리 지나가는 이유는 뭘까요?
153,어떤 사람과 함께할 때 에너지가 채워지는 느낌을 받나요?,함께 있는 것만으로 충전되는 사람이 있죠.,"밝은 사람, 잘 들어주는 사람, 편한 사람을 떠올려봐요.",그 사람의 어떤 점이 나를 채워주나요?
155,가장 기억에 남는 누군가의 메시지는 무엇인가요?,메시지 한 줄이 오래 마음에 남기도 해요.,"응원, 안부, 축하, 사과 메시지를 떠올려봐요.",그 메시지가 오래 남은 이유는 뭘까요?
158,어떤 사람과 함께할 때 계속 웃게 되나요?,함께 웃을 수 있다는 건 정말 소중한 인연이에요.,"유머 코드가 맞는 사람, 리액션이 좋은 사람을 떠올려봐요.",그 사람과 있으면 왜 웃음이 날까요?
165,주변 사람들로부터 자주 받는 부탁은 무엇인가요?,자주 받는 부탁에는 나를 의지하는 이유가 담겨 있어요.,"조언, 일손, 추천, 고민 상담을 떠올려봐요.",그 부탁을 들어줄 때 내 마음은 어떤가요?
175,힘들게 하는 사람과 어떻게 거리를 두는 편인가요?,나를 지키기 위해 거리를 두는 것도 필요해요.,"연락 줄이기, 솔직하게 말하기, 자연스럽게 멀어지기를 떠올려봐요.",거리를 두고 나면 마음이 어떻게 달라져요?
178,주로 어떤 사람과 함께 있으면 성장한다고 느끼나요?,어떤 사람은 곁에 있는 것만으로 나를 자라게 해요.,"배울 게 많은 사람, 솔직한 사람, 응원해주는 사람을 떠올려봐요.",그 사람과 있을 때 나는 어떻게 달라지나요?
193,주변 사람에게 배우고 싶은 점은 무엇인가요?,가까운 사람에게서 배울 점이 보이기도 해요.,"말투, 태도, 습관, 마음가짐을 떠올려봐요.",그 점을 닮기 위해 해볼 수 있는 건 뭐예요?
198,사람들과 빨리 친해지는 편인가요?,친해지는 속도는 사람마다 달라요.,처음 만난 자리에서의 나를 떠올려봐요.,친해지는 데 도움이 되는 나만의 방법이 있나요?
21,언제든 다시 보고픈 순간은 어떤 모습인가요?,마음속에 오래 남은 장면이 하나쯤 있어요.,"풍경, 사람, 여행지, 평범한 하루를 떠올려봐요.",그 순간을 다시 보고 싶은 이유는 뭐예요?
211,좋아하는 마음이 생길 때 가장 먼저 티 나는 행동은 무엇인가요?,좋아하는 마음은 숨기려 해도 드러나기도 하죠.,"연락, 표정, 말투, 자꾸 눈이 가는 것을 떠올려봐요.",그 행동을 주변에서 알아챈 적이 있나요?
213,사랑은 설렘과 신뢰 중 어느쪽에 가까운가요?,사람마다 사랑의 모습은 다 달라요.,두근거림과 믿음 중 뭐가 먼저 떠오르나요?,그렇게 생각하게 된 이유는 뭐예요?
219,누군가를 귀엽다고 느끼는 순간은 주로 언제인가요?,귀여움은 의외의 순간에 발견되기도 해요.,"엉뚱한 말투, 서툰 행동, 웃는 모습을 떠올려봐요.",그 모습이 귀엽게 느껴지는 이유는 뭘까요?
231,연애를 시작할 때 절대 넘어갈 수 없는 포인트는 무엇인가요?,연애에도 나만의 기준선이 있어요.,"거짓말, 연락, 예의, 가치관을 떠올려봐요.",그 기준이 생긴 이유는 뭐예요?
235,"관계가 끝날 때 나는 빨리 정리하는 편인가요, 오래 걸리는 편인가요?",관계를 정리하는 속도는 사람마다 달라요.,끝난 뒤의 나를 떠올려봐요.,정리하는 데 도움이 되는 나만의 방법이 있나요?
237,연애에서 가장 조심하는 부분은 무엇인가요?,연애할 때 유독 신경 쓰는 부분이 있죠.,"말투, 연락, 서운함 표현, 약속을 떠올려봐요.",그 부분을 조심하게 된 이유는 뭐예요?
245,좋아하는 사람이 생기면 가장 먼저 변하는 것은 무엇인가요?,좋아하는 사람이 생기면 일상도 조금씩 달라져요.,"옷차림, 휴대폰 보는 횟수, 기분, 말투를 떠올려봐요.",그 변화가 마음에 드는 편이에요?
247,마음을 말로 표현하는 게 쉬운 편인가요?,마음을 말로 옮기는 건 생각보다 어려운 일이에요.,"고마움, 서운함, 좋아함을 말할 때를 떠올려봐요.",말로 하기 어려울 땐 어떻게 전해요?
252,지칠 때 주로 떠올리는 말은 무엇인가요?,마음을 일으켜 세우는 말 한마디가 큰 힘이 돼요.,"좋아하는 글귀, 누군가의 응원, 나만의 주문을 떠올려봐요.",그 말이 힘이 되는 이유는 뭘까요?
263,매일 지키려고 노력하는 마음가짐은 무엇인가요?,매일의 마음가짐이 삶의 방향을 만들어요.,"감사, 성실, 다정함, 긍정 같은 태도를 떠올려봐요.",그 마음가짐을 지키는 게 쉬운 날과 어려운 날은 언제예요?
291,그때 다른 선택을 했다면 어땠을까 싶은 순간은 언제인가요?,지나온 갈림길을 떠올리면 여러 생각이 들어요.,"진로, 관계, 이사, 작은 결정을 떠올려봐요.",그 선택이 지금의 나에게 남긴 건 뭐예요?
3,비오는 날 찾게 되는 노래는 무엇인가요?,빗소리에 어울리는 노래는 즐거움을 줘요.,차분한 발라드나 잔잔한 연주곡을 떠올려봐요.,비 오는 날 그 노래가 생각나는 이유는 뭘까요?
300,버킷리스트 1순위는 무엇인가요?,버킷리스트에는 내가 바라는 삶이 담겨 있어요.,"여행, 도전, 배우기, 누군가와 함께하기를 떠올려봐요.",그걸 위해 지금 할 수 있는 작은 일은 뭐예요?
31,좋아하는 말투와 목소리의 특징은 무엇인가요?,대화할 때 기분을 좋게 만드는 포인트가 있어요.,"차분한 말투, 밝은 목소리, 느긋한 속도를 떠올려봐요.",그런 말투에 마음이 가는 이유는 뭘까요?
320,힘들 때마다 찾는 곳은 어디인가요?,힘들 때 나를 받아주는 장소가 있어요.,"바다, 동네 공원, 카페, 내 방을 떠올려봐요.",그곳에 가면 마음이 어떻게 달라져요?
325,마음에 오래 남은 문장은 무엇인가요?,오래 남는 문장은 내 마음 어딘가를 건드렸기 때문이에요.,"책, 노래 가사, 드라마 대사를 떠올려봐요.",그 문장이 오래 남은 이유는 뭘까요?
348,요즘 하루를 한 단어로 표현하면 무엇일까요?,하루를 한 단어로 줄이면 요즘의 내가 보여요.,"바쁨, 평온, 설렘, 버팀 같은 단어를 떠올려봐요.",그 단어를 고른 이유는 뭐예요?
351,낯설게만 느껴지는 감정은 무엇인가요?,아직 익숙하지 않은 감정도 있어요.,"질투, 허탈함, 설렘, 서운함 중에 떠올려봐요.",그 감정이 낯선 이유는 뭘까요?
354,하루 중 가장 기분이 가라 앉는 순간은 언제인가요?,기분에도 하루의 흐름이 있어요.,"아침에 눈 뜰 때, 퇴근길, 잠들기 전을 떠올려봐요.",그 순간을 조금 가볍게 만들 방법이 있을까요?
357,기분이 가라앉았을 때 힘이 되는 것은 무엇인가요?,무거운 기분을 가볍게 해주는 게 있어요.,"음식, 사람, 음악, 잠, 산책을 떠올려봐요.",그게 나에게 통하는 이유는 뭘까요?
359,나를 버티게 하는 힘은 무엇인가요?,버티게 하는 이유는 생각보다 작은 것일 수도 있어요.,"사람, 목표, 약속, 좋아하는 것을 떠올려봐요.",그 힘이 약해질 때는 어떻게 다시 채워요?
361,기분이 예상과 다르게 흘러갈 때 어떻게 하나요?,기분은 예상대로 흘러가지 않을 때가 많아요.,"그대로 두기, 기분 전환하기, 누군가에게 말하기를 떠올려봐요.",그 방법이 나에게 도움이 되나요?
367,요즘 누군가에게 털어놓고 싶은 마음은 무엇인가요?,말하지 못한 마음은 쌓이기 쉬워요.,"고민, 서운함, 기쁜 소식, 걱정을 떠올려봐요.",그 마음을 털어놓는다면 누구에게 하고 싶어요?
376,유독 티내기 힘든 감정은 무엇인가요?,감추게 되는 감정에도 이유가 있어요.,"서운함, 질투, 불안, 기쁨 중에 떠올려봐요.",그 감정을 숨기게 되는 이유는 뭘까요?
377,나의 에너지 충전 방법은 무엇인가요?,에너지를 채우는 방법은 사람마다 달라요.,"잠, 음식, 사람, 혼자만의 시간을 떠올려봐요.",그 방법이 잘 통하는 이유는 뭘까요?
38,"좋아하는 것을 즐길 때 혼자가 좋나요, 함께가 좋나요?",좋아하는 걸 즐기는 방식에도 나다움이 있어요.,혼자 몰입하는 시간과 함께 나누는 시간을 떠올려봐요.,그 방식이 좋은 이유는 뭐예요?
384,나도 이해할 수 없는 내 모습은 무엇인가요?,"""왜 나는 이러지?"" 싶은 순간이 누구에게나 있어요.","습관, 반응, 말버릇, 결정을 떠올려봐요.",그 모습이 생긴 이유를 짐작해볼까요?
386,힘든 일이 생기면 어떻게 버티나요?,힘든 시간을 버티는 방식은 사람마다 달라요.,"혼자 견디기, 털어놓기, 바쁘게 지내기, 잠시 멈추기를 떠올려봐요.",그 방식이 나를 어떻게 지켜주나요?
401,감정이 몰려와 힘들 때 주로 무엇을 하나요?,감정이 파도처럼 밀려올 때가 있어요.,"울기, 걷기, 음악 듣기, 누군가에게 말하기를 떠올려봐요.",그렇게 하고 나면 마음이 어떻게 달라져요?
403,밤마다 불안하게 만드는 고민은 주로 무엇인가요?,밤이 되면 고민이 더 커지기도 해요.,"일, 관계, 미래, 건강에 대한 걱정을 떠올려봐요.",그 고민을 조금 가볍게 하는 방법이 있을까요?
404,가장 두려운 실패는 무엇인가요?,두려운 실패에는 내가 지키고 싶은 게 담겨 있어요.,"관계, 일, 시험, 기대 중에 떠올려봐요.",그 실패가 두려운 이유는 뭐예요?
405,요즘 가장 큰 걱정은 무엇인가요?,걱정을 꺼내놓기만 해도 조금 가벼워져요.,"일, 돈, 관계, 건강 중에 떠올려봐요.",그 걱정을 덜기 위해 할 수 있는 작은 일은 뭐예요?
423,바쁠 때 가장 먼저 포기하는 것은 무엇인가요?,바쁠수록 우선순위가 드러나요.,"잠, 식사, 운동, 연락, 취미를 떠올려봐요.",그걸 포기하고 나면 어떤 영향이 있어요?
428,더이상 미루고 싶지 않은 일은 무엇인가요?,미뤄온 일은 마음 한구석에 남아 있죠.,"정리, 연락, 병원, 공부 같은 일을 떠올려봐요.",5분 안에 할 수 있는 첫 단계는 뭐예요?
429,요즘 일상에서 가장 좋아하는 순간은 언제인가요?,평범한 하루에도 좋아하는 순간이 있어요.,"아침 커피, 퇴근길, 저녁 산책, 잠들기 전을 떠올려봐요.",그 순간이 좋은 이유는 뭐예요?
43,나의 인생책은 무엇인가요?,오래 곁에 두고 싶은 책이 하나쯤 있죠.,몇 번을 읽어도 좋은 책이나 처음 읽고 놀랐던 책을 떠올려봐요.,그 책이 나에게 남긴 건 뭐예요?
431,최근에 가장 많이 반복한 행동은 무엇인가요?,자주 반복하는 행동에 요즘의 내가 담겨 있어요.,"휴대폰 보기, 물 마시기, 한숨 쉬기처럼 떠올려봐요.",그 행동을 자주 하게 된 이유는 뭘까요?
433,요즘 스스로를 칭찬하고 싶은 순간은 주로 언제인가요?,나를 칭찬하는 것도 연습이 필요해요.,"할 일을 끝냈을 때, 참았을 때, 일찍 일어났을 때를 떠올려봐요.",그 순간에 나에게 해주고 싶은 말은 뭐예요?
435,요즘 가장 정리하고 싶은 것은 무엇인가요?,정리하고 싶은 것에는 가벼워지고 싶은 마음이 담겨 있어요.,"옷장, 사진첩, 관계, 생각을 떠올려봐요.",그걸 정리하면 어떤 기분일 것 같아요?
444,집중이 가장 잘 되는 장소는 주로 어디인가요?,집중이 잘 되는 장소는 사람마다 달라요.,"집, 카페, 도서관, 사무실을 떠올려봐요.",그 장소의 어떤 점이 나에게 맞나요?
448,"막힐 때 혼자 파고드는 편인가요, 도움을 요청하는 편인가요?",막혔을 때의 반응은 사람마다 달라요.,최근에 막혔던 순간의 나를 떠올려봐요.,그 방식이 다른 상황에서도 비슷하게 나타나나요?
450,집중이 안될 때 다시 집중하는 나만의 방법은 무엇인가요?,집중이 풀릴 때 나만의 리셋 버튼이 있으면 좋잖아요.,"찬물 마시기, 스트레칭, 자리 옮기기, 타이머를 떠올려봐요.",그 방법이 통하는 이유는 뭘까요?
451,어떤 상황에 주로 번아웃이 왔나요?,지쳐서 아무것도 하기 싫어지는 때가 있어요.,"일이 몰릴 때, 쉬지 못할 때, 인정받지 못할 때를 떠올려봐요.",그 신호를 미리 알아채는 방법이 있을까요?
452,휴식시간에 주로 무엇을 하나요?,쉬는 시간에 하는 일이 진짜 쉼이 되기도 해요.,"스트레칭, 휴대폰, 간식, 산책을 떠올려봐요.",그게 진짜 쉼이 되나요?
456,집중할 때 꼭 옆에 두어야하는 것은 무엇인가요?,옆에 있어야 마음이 놓이는 것들이 있잖아요.,"텀블러, 음악, 간식, 향을 떠올려봐요.",그것이 곁에 있으면 어떤 점이 달라지나요?
457,버릴지 말지 고민될 때 나의 기준은 무엇인가요?,물건을 대하는 방식에 내 성향이 보여요.,"사용 빈도, 추억, 가격, 공간을 떠올려봐요.",그 기준은 언제부터 생겼어요?
458,나만의 정리 규칙은 무엇인가요?,정리에도 나만의 질서가 있어요.,"물건 자리 정하기, 쓰고 바로 두기, 주말에 몰아서 하기를 떠올려봐요.",그 규칙이 나에게 어떤 안정감을 주나요?
462,지금 당장 버리고 싶은 것은 무엇인가요?,없어지면 시원할 것 같은 것들이 있죠.,"안 쓰는 물건, 버리고 싶은 습관, 쌓인 파일을 떠올려봐요.",왜 아직 버리지 못했을까요?
464,이동할 때 어떻게 시간을 보내나요?,이동 시간에도 나만의 루틴이 있어요.,"음악, 영상, 창밖 보기, 생각 정리를 떠올려봐요.",그 시간이 나에게 어떤 의미예요?
468,주변인이 보는 '몰입하는 나'는 어떤 사람인가요?,무언가에 빠진 나는 남에게 다르게 보이기도 해요.,"몰입할 때의 표정, 말수, 행동을 떠올려봐요.",그런 내 모습이 마음에 드나요?
469,"모든 귀찮은 날엔 쉬는 편인가요, 그래도 하는 편인가요?",귀찮은 날의 선택에 나의 기준이 보여요.,"쉬는 날도 있고, 그래도 해내는 날도 있죠.",그 선택의 기준은 뭔가요?
470,건강을 위해 올해 해보고 싶은 것은 무엇인가요?,건강을 위한 작은 목표가 일상을 바꾸기도 해요.,"운동, 식습관, 잠, 검진을 떠올려봐요.",그걸 시작하려면 뭐가 필요할까요?
471,나만의 작은 성취를 어떻게 축하하고 있나요?,작은 성취도 챙겨주면 뿌듯함이 오래가요.,"기록하기, 나에게 선물하기, 자랑하기를 떠올려봐요.",그렇게 축하하면 어떤 힘이 생겨요?
472,성취감을 느끼는 순간은 주로 언제인가요?,성취감은 크고 작은 순간에 찾아와요.,"할 일을 끝냈을 때, 목표를 이뤘을 때, 누군가를 도왔을 때를 떠올려봐요.",그 성취감이 나를 어떻게 움직이게 하나요?
473,물건을 살 때 포기 못하는 기준은 무엇인가요?,물건을 고르는 기준에 나의 우선순위가 담겨 있어요.,"가격, 디자인, 품질, 브랜드를 떠올려봐요.",그 기준이 생긴 이유는 뭐예요?
476,가장 돈을 아끼지 않는 분야는 무엇인가요?,돈을 아끼지 않는 곳에 내가 소중히 여기는 게 있어요.,"음식, 여행, 취미, 사람, 자기계발을 떠올려봐요.",그곳에 쓰면 어떤 기분이 들어요?
483,기억에 남는 꿈 이야기를 들려주세요.,꿈은 가끔 이상하고 재밌는 이야기를 남겨요.,"신기했던 꿈, 무서웠던 꿈, 자주 꾸는 꿈을 떠올려봐요.",그 꿈이 기억에 남은 이유는 뭘까요?
485,잠 못 드는 밤에 주로 떠오르는 생각은 무엇인가요?,밤이 되면 생각이 많아지기도 해요.,"하루 돌아보기, 내일 걱정, 옛날 기억을 떠올려봐요.",그 생각을 가볍게 하는 나만의 방법이 있나요?
489,내 입버릇은 무엇인가요?,입버릇에는 나도 모르는 내 모습이 담겨 있어요.,"""대박"", ""진짜?"", ""아무튼"" 같은 말을 떠올려봐요.",그 말을 자주 쓰게 된 이유는 뭘까요?
490,남들에게 좋다고 말하지만 사실 꺼리는 건 무엇인가요?,겉으로는 괜찮다고 해도 속으로는 꺼리는 게 있죠.,"음식, 모임, 부탁, 장소를 떠올려봐요.",솔직하게 말하기 어려운 이유는 뭘까요?
491,요즘 충분한 휴식을 갖고 있나요?,쉼이 부족한지 충분한지 돌아보는 것도 중요해요.,요즘 일주일의 쉬는 시간을 떠올려봐요.,더 잘 쉬기 위해 필요한 건 뭐예요?
492,일과 삶의 균형을 위해 노력하고 있는 건 무엇인가요?,일과 쉼의 균형에는 나만의 규칙이 필요해요.,"퇴근 후 연락 안 보기, 주말 하루는 쉬기처럼 떠올려봐요.",그 노력이 나에게 어떤 변화를 줬나요?
506,관계가 기울어졌다고 느낄 때 나는 어떻게 하나요?,주고받는 균형이 어긋날 때가 있어요.,"솔직하게 말하기, 거리 두기, 그냥 두기를 떠올려봐요.",그 방식이 관계에 어떤 영향을 주나요?
507,가족들에게 솔직하게 말하기 어려운 부분은 무엇인가요?,가족이라서 오히려 솔직해지기 어려운 부분이 있어요.,"걱정, 진로, 연애, 속마음을 떠올려봐요.",솔직해지기 어려운 이유는 뭘까요?
512,상황과 유전 중 사람을 더 크게 바꾸는 건 뭘까요?,사람이 어떻게 만들어지는지에 대한 생각은 다 달라요.,나를 바꾼 경험과 타고난 성격을 떠올려봐요.,나는 어느 쪽 영향을 더 받았다고 생각해요?
513,외로움이 밀려올 때 어떻게 행동하나요?,외로움은 누구에게나 찾아오는 감정이에요.,"연락하기, 혼자 견디기, 밖에 나가기를 떠올려봐요.",그렇게 하면 마음이 어떻게 달라져요?
514,요즘 마음을 가장 많이 쓰는 관계는 무엇인가요?,마음을 많이 쓰는 관계에 요즘의 내가 담겨 있어요.,"가족, 친구, 연인, 동료를 떠올려봐요.",그 관계에 마음을 쓰게 되는 이유는 뭐예요?
517,스스로에게 가장 자주 하는 다짐은 무엇인가요?,자주 하는 다짐에는 바라는 내 모습이 담겨 있어요.,"""내일부터"", ""조금만 더"", ""괜찮아"" 같은 말을 떠올려봐요.",그 다짐을 지키기 위해 필요한 건 뭐예요?
518,요즘 '고마워'라고 말하고 싶은 사람은 어떤 사람인가요?,고마운 마음은 떠올리기만 해도 따뜻해져요.,"곁에 있어준 사람, 도와준 사람을 떠올려봐요.",그 고마움을 어떻게 전하고 싶어요?
52,최근 가장 크게 웃었던 순간은 언제인가요?,웃음은 가장 건강한 감정 표현이에요.,"친구와의 수다, 영상, 예상치 못한 장면을 떠올려봐요.",그 순간이 그렇게 웃겼던 이유는 뭘까요?
522,"친해지는 데 오래 걸리는 편인가요, 금방 친해지는 편인가요?",친해지는 속도는 사람마다 달라요.,처음 만난 자리와 두 번째 만남을 떠올려봐요.,친해졌다고 느끼는 신호는 뭐예요?
526,관계에서 가장 에너지가 많이 드는 순간은 언제인가요?,관계에도 에너지가 드는 순간이 있어요.,"갈등, 눈치 보기, 연락 유지, 모임을 떠올려봐요.",그 에너지를 덜 쓰는 방법이 있을까요?
528,최근 대화 중 마음에 오래 남은 한마디는 무엇인가요?,마음에 오래 남는 말은 나에게 필요한 말이기도 해요.,"누군가의 응원, 조언, 무심코 한 말을 떠올려봐요.",그 말이 오래 남은 이유는 뭘까요?
53,마음이 가장 고요해지는 장소나 시간은 언제인가요?,마음이 쉬는 곳과 시간이 있어요.,"새벽, 잠들기 전, 산책길, 카페 구석을 떠올려봐요.",그곳에서 고요해지는 이유는 뭘까요?
530,먼저 다가가고 싶은데 망설여지는 순간은 언제인가요?,다가가고 싶은 마음과 망설임은 함께 오기도 해요.,"새로운 사람, 오랜만의 친구, 다툰 사람을 떠올려봐요.",망설이게 만드는 건 뭘까요?
533,고마운 사람들의 특징은 무엇인가요?,고마운 사람들에게는 공통점이 있어요.,"곁에 있어준 사람, 솔직한 사람, 응원해준 사람을 떠올려봐요.",나도 누군가에게 그런 사람인가요?
538,다시 연락이 닿는다면 반가울 사람은 어떤 사이인가요?,연락이 끊겼어도 반가운 인연이 있어요.,"옛 친구, 예전 동료, 선생님을 떠올려봐요.",그 사람과 다시 이야기한다면 무슨 말을 하고 싶어요?
540,나에게 가장 상처를 줬던 관계는 무엇이었나요?,아픈 관계도 시간이 지나면 나를 가르치기도 해요.,떠올려도 괜찮은 만큼만 생각해봐요.,그 관계를 통해 알게 된 나는 어떤 모습이에요?
541,'지금이면 더 잘할 수 있을텐데..' 아쉬움이 남는 순간은 언제인가요?,아쉬움은 그만큼 내가 자랐다는 뜻이기도 해요.,"관계, 일, 시험, 말 한마디를 떠올려봐요.",지금의 나라면 어떻게 했을 것 같아요?
543,인간적으로 반하게 되는 사람들의 매력은 무엇인가요?,사람에게 반하는 순간은 의외의 곳에서 와요.,"배려, 솔직함, 성실함, 유머를 떠올려봐요.",그 매력에 끌리는 이유는 뭘까요?
545,소중한 사람에게 전하지 못했지만 꼭 하고픈 말은 무엇인가요?,마음속에 담아둔 말이 하나쯤 있어요.,"고마워, 미안해, 사랑해 같은 말을 떠올려봐요.",그 말을 전한다면 어떻게 전하고 싶어요?
564,이상형 조건 중 가장 먼저 포기하는 포인트는 무엇인가요?,이상형 조건에도 우선순위가 있어요.,"외모, 키, 직업, 취미, 성격을 떠올려봐요.",그 조건을 포기할 수 있는 이유는 뭐예요?
566,처음엔 별로였지만 나중에 좋아한 사람들의 특징은 무엇이었나요?,알면 알수록 좋아지는 사람이 있어요.,처음 인상과 나중에 알게 된 모습을 떠올려봐요.,마음이 바뀐 계기는 뭐였어요?
567,마음이 몽글몽글해졌던 순간은 언제였나요?,마음이 몽글몽글해지는 순간은 소중해요.,"예상치 못한 다정함, 귀여운 장면, 따뜻한 말을 떠올려봐요.",그런 온기를 더 자주 느끼려면 뭐가 필요할까요?
578,스스로에게 가장 엄격해지는 순간은 언제인가요?,남에게는 너그러운데 나에게는 엄격할 때가 있죠.,"실수했을 때, 비교될 때, 목표를 못 지켰을 때를 떠올려봐요.",그 순간의 나에게 해주고 싶은 말은 뭐예요?
58,요즘 가장 열정을 갖고 하고 있는 일은 무엇인가요?,열정을 쏟는 일에 요즘의 내가 담겨 있어요.,"일, 공부, 취미, 운동, 관계를 떠올려봐요.",그 일에 마음이 가는 이유는 뭐예요?
589,가장 살아보고 싶은 시대는 언제인가요?,다른 시대를 상상하면 숨은 취향이 보여요.,"조선 시대, 80년대, 먼 미래처럼 떠올려봐요.",그 시대에서 가장 해보고 싶은 건 뭐예요?
59,스스로에게 주로 실망하는 순간은 언제인가요?,나에게 실망하는 건 더 잘하고 싶은 마음이 있어서예요.,"약속을 못 지켰을 때, 미뤘을 때, 말실수했을 때를 떠올려봐요.",그 순간의 나를 어떻게 다독이고 싶어요?
591,꼭 잊고 싶은 기억은 무엇인가요?,잊고 싶을수록 더 선명해지는 것들이 있어요.,떠올려도 괜찮은 만큼만 생각해봐요.,"잊는 것과 받아들이는 것, 뭐가 다를까요?"
604,요즘 가장 관심 있는 주제는 무엇인가요?,관심 있는 주제에 요즘의 내가 담겨 있어요.,"사회, 연예, 경제, 취미, 건강 소식을 떠올려봐요.",그 주제에 관심이 가는 이유는 뭐예요?
605,"힘들지만 괜찮다고 넘긴 적 있다면, 어떤 순간이었나요?",괜찮다는 말 뒤에 숨은 마음이 있을 때가 있죠.,"걱정 끼치기 싫을 때, 설명하기 어려울 때를 떠올려봐요.",진짜 괜찮아지려면 나에게 뭐가 필요할까요?
608,채워지지 않는 결핍은 무엇인가요?,뭔가 늘 허전한 구석이 있을 수 있어요.,"사랑, 인정, 안정감, 소속감 중에 떠올려봐요.",그 결핍은 어디에서 비롯됐을까요?
609,자꾸만 미루게 되는 일은 무엇인가요?,자꾸 미루게 되는 일에는 이유가 있어요.,"연락, 정리, 병원, 공부 같은 일을 떠올려봐요.",미루게 되는 진짜 이유는 뭘까요?
61,요즘 나를 답답하게 만드는 것은 무엇인가요?,마음대로 되지 않는 일 때문에 지칠 때가 있어요.,"일, 관계, 목표, 환경을 떠올려봐요.",그 답답함을 풀기 위해 해볼 수 있는 건 뭐예요?
610,예전과 지금 생각이 가장 달라진 주제는 무엇인가요?,생각이 바뀌는 건 내가 자라고 있다는 뜻이기도 해요.,"연애, 일, 돈, 사람에 대한 생각을 떠올려봐요.",생각이 바뀐 계기는 뭐였어요?
613,시간이 지나며 더이상 중요하지 않게 된 건 무엇인가요?,예전엔 소중했던 것도 시간이 지나면 달라지곤 해요.,"물건, 기준, 사람, 걱정을 떠올려봐요.","덜 중요해진 게 아쉬운가요, 홀가분한가요?"
616,자존심 때문에 놓친 가장 소중한 것은 무엇인가요?,자존심을 조금만 굽혔다면 달랐을 일이 있을 수 있어요.,"관계, 기회, 사과를 떠올려봐요.",그때로 돌아간다면 어떻게 하고 싶어요?
619,믿음이 가장 크게 무너졌던 순간은 언제였나요?,믿었던 게 흔들리는 경험은 오래 남아요.,떠올려도 괜찮은 만큼만 생각해봐요.,그 이후로 나는 어떻게 달라졌나요?
62,불안 속에서 나를 잡아주는 것은 무엇인가요?,흔들릴 때 중심을 잡아주는 게 있으면 든든해요.,"사람, 말 한마디, 루틴, 장소를 떠올려봐요.",그게 나를 잡아주는 이유는 뭘까요?
623,최근 내가 내린 선택 중 잘했다 싶은 건 무엇인가요?,잘한 선택을 돌아보면 나를 믿게 돼요.,작은 결정부터 큰 결정까지 떠올려봐요.,그 선택을 할 수 있었던 이유는 뭐예요?
624,최근에 배운 작은 교훈은 무엇인가요?,작은 교훈이 일상을 조금씩 바꿔요.,"실수, 대화, 책, 경험에서 배운 걸 떠올려봐요.",그 교훈을 앞으로 어떻게 써보고 싶어요?
625,예전과 달리 지금은 덤덤해진 일은 무엇인가요?,예전보다 덤덤해진 일에서 나의 성장이 보여요.,예전엔 크게 흔들렸던 상황을 떠올려봐요.,나를 단단하게 만들어준 건 뭐라고 생각해요?
627,다시 살아보고 싶은 하루는 언제인가요?,다시 살아보고 싶은 하루는 그만큼 소중한 날이에요.,"여행, 기념일, 평범했지만 좋았던 날을 떠올려봐요.",그날이 특별했던 이유는 뭐예요?
628,평소 남 눈치 안 보고 정하는 건 주로 무엇인가요?,눈치 보지 않고 정하는 것에 나의 진짜 기준이 있어요.,"옷, 음식, 시간 쓰기, 취미를 떠올려봐요.",그건 왜 내 마음대로 정할 수 있을까요?
633,평소 원칙을 지키려고 주로 어떤 방법을 쓰나요?,원칙을 지키는 데도 나만의 방법이 있어요.,"메모, 다짐, 주변에 말하기, 루틴 만들기를 떠올려봐요.",그 방법이 잘 통하는 이유는 뭘까요?
641,미래의 나를 위해 요즘 하고 있는 작은 일은 무엇인가요?,오늘의 작은 일이 미래의 나를 만들어요.,"저축, 운동, 공부, 기록을 떠올려봐요.",그 일을 이어가게 하는 힘은 뭐예요?
642,최근 실수에서 배웠던 건 무엇이었나요?,실수가 꼭 나쁜 일만은 아니에요.,"일, 관계, 말 한마디에서의 실수를 떠올려봐요.",그 배움을 다음에 어떻게 써보고 싶어요?
645,크게 성장했던 순간들의 공통점은 무엇인가요?,성장했던 순간을 모아보면 나만의 패턴이 보여요.,"힘든 시기, 새로운 도전, 사람과의 만남을 떠올려봐요.",그 공통점을 알면 앞으로 어떻게 해볼 수 있을까요?
646,더 나은 내가 되기 위해 노력하고 있는 것은 무엇인가요?,작은 노력도 쌓이면 변화가 돼요.,"운동, 배우기, 기록, 말투 바꾸기를 떠올려봐요.",그 노력을 이어가게 하는 힘은 뭐예요?
647,어떤 일이 있어도 꼭 지키고 싶은 하나의 물건은 무엇인가요?,딱 하나만 지킨다면 무엇이 가장 소중한지 보여요.,"추억이 담긴 물건, 선물 받은 물건을 떠올려봐요.",그 물건이 특별한 이유는 뭐예요?
689,친구 관계에서 깊이와 넓이 중 뭐가 더 중요한가요?,우정의 모양은 저마다 달라요.,속을 다 아는 친구와 함께 어울리는 친구들을 떠올려봐요.,지금의 나에게 더 소중한 건 어느 쪽이에요?
69,가장 큰 용기를 내봤던 순간 언제인가요?,아주 작은 도전에도 용기가 필요해요.,"고백, 도전, 사과, 새로운 시작을 떠올려봐요.",그때의 나에게 해주고 싶은 말은 뭐예요?
697,"연애를 하면 주변에 공개하는 편인가요, 비밀로 하는 편인가요?",연애를 나누는 방식은 사람마다 달라요.,친구들에게 말할 때와 숨길 때를 떠올려봐요.,그렇게 하는 이유는 뭐라고 생각해요?
74,자주 느끼지만 남들에게 티내지 않으려고 노력하는 감정은 무엇인가요?,감추려는 감정에도 이유가 있어요.,"불안, 서운함, 질투, 피곤함 중에 떠올려봐요.",그 감정을 숨기게 되는 이유는 뭘까요?
748,성장과 여유 중 요즘 더 필요한 것은 무엇인가요?,"성장과 여유, 둘 다 포기하기 아까운 가치예요.",요즘 내 일상이 어느 쪽으로 기울어 있는지 떠올려봐요.,그게 더 필요하다고 느낀 이유는 뭐예요?
755,힘들어도 성장하는 것과 편하지만 성장하기는 어려운 것 중 뭐가 나은가요?,"성장과 편안함, 둘 다 나름의 가치가 있어요.",지금의 나에게 더 필요한 쪽을 떠올려봐요.,그 선택이 끌리는 이유는 뭐예요?
794,먼 미래를 먼저 생각하고 연애를 시작하는 편인가요?,연애를 시작하는 기준은 사람마다 달라요.,지금의 마음과 앞으로의 가능성 중 뭘 먼저 보는지 떠올려봐요.,그렇게 하게 된 이유는 뭐예요?
798,한 달의 자유 시간이 생긴다면 여행과 자기계발 중 무엇을 고를까요?,자유 시간의 쓰임에 내 우선순위가 보여요.,떠나서 쉬는 한 달과 배우며 채우는 한 달을 떠올려봐요.,그 선택이 끌리는 이유는 뭐예요?
802,리더와 팔로워 중 어느 쪽에 더 가까운가요?,모임 속 역할은 자연스럽게 정해지기도 해요.,팀 프로젝트나 친구 모임에서의 나를 떠올려봐요.,그 역할이 편한 이유는 뭐예요?
807,"일과 삶의 경계가 확실한 게 좋나요, 유연한 게 좋나요?",일과 삶을 나누는 방식은 사람마다 달라요.,"퇴근 후 연락, 주말 업무를 떠올려봐요.",그 방식이 나에게 맞는 이유는 뭐예요?
82,생각만해도 두려움이 몰려오는 것은 무엇인가요?,두려움을 꺼내놓기만 해도 조금 작아져요.,떠올려도 괜찮은 만큼만 생각해봐요.,그 두려움 앞에서 나를 붙잡아주는 건 뭐예요?
83,감정을 다스리는 나만의 루틴은 무엇인가요?,마음을 관리하는 방법이 있다는 건 든든해요.,"일기 쓰기, 산책, 음악, 명상을 떠올려봐요.",그 루틴이 마음을 어떻게 바꿔주나요?
84,남에게 말하지 못한 비밀스러운 걱정은 무엇인가요?,속에 담아둔 걱정은 나를 무겁게 만들기도 해요.,떠올려도 괜찮은 만큼만 적어봐요.,그 걱정을 조금 가볍게 할 방법은 없을까요?
93,소소하지만 살아있길 잘했다 싶은 순간은 언제인가요?,살아있어서 좋다고 느끼는 순간은 생각보다 가까이 있어요.,"맛있는 음식, 좋은 날씨, 따뜻한 대화를 떠올려봐요.",그런 순간을 더 자주 만나려면 뭐가 필요할까요?
94,가장 힘들었던 순간에서 배운 것은 무엇인가요?,힘든 시간을 지나면서 배운 게 있잖아요.,떠올려도 괜찮은 만큼만 생각해봐요.,그 배움이 지금의 삶에 어떤 힘이 되나요?
D662,내가 생각하는 사랑은 무엇인가요?,사랑의 정의는 사람마다 다 달라요.,"설렘, 믿음, 편안함, 배려 중에 떠올려봐요.",그렇게 생각하게 된 이유는 뭐예요?
D665,두려운 일을 마주하면 주로 어떻게 하나요?,두려움을 대하는 방식은 사람마다 달라요.,"부딪혀 보기, 피하기, 누군가와 함께하기를 떠올려봐요.",그 방식이 나에게 도움이 되나요?
D670,화가 날 때 마음을 풀기 위해 무엇을 하나요?,화를 다스리는 나만의 방법이 있으면 든든해요.,"걷기, 음악, 잠깐 자리 피하기, 말로 풀기를 떠올려봐요.",그 방법이 잘 통하는 이유는 뭘까요?
