질문 ID,가이드 처리,empathy_guide,hint_guide,leading_question_guide
1,유지,,,
3,유지,,,
5,유지,,,
11,재작성,새로운 걸 해보면 의외로 나에 대해 알게 되기도 해요.,"가본 적 없는 장소, 처음 먹어본 음식, 새 취미를 떠올려봐요.",그걸 하면서 나에 대해 새로 알게 된 게 있나요?
17,재작성,낯선 곳에서의 첫 행동에 내 취향이 보여요.,"맛집 찾기, 산책하기, 사진 찍기, 기념품 사기를 떠올려봐요.",그걸 하면 그곳이 어떻게 다르게 느껴져요?
18,재작성,이야기를 고르는 나만의 기준이 있어요.,"제목, 표지나 포스터, 리뷰, 추천 중 뭐가 먼저예요?",그 기준이 나에 대해 뭘 말해주는 것 같나요?
21,재작성,좋아하는 풍경에는 내 마음이 쉬는 곳이 담겨 있어요.,"바다, 노을, 도시 야경, 골목길을 떠올려봐요.",그 풍경을 보면 어떤 기분이 들어요?
25,재작성,자주 가는 곳에는 나만의 이유가 있어요.,"식당, 카페, 빵집, 동네 가게를 떠올려봐요.",그곳의 어떤 점이 나를 계속 가게 만드나요?
31,유지,,,
32,유지,,,
36,재작성,"나를 위해 만드는 음식도, 좋아하는 음식도 모두 나의 취향이에요.",간단한 라면부터 정성 들인 찌개까지 떠올려봐요.,그 음식에 얽힌 이야기가 있나요?
38,재작성,좋아하는 것을 즐기는 방식에도 내 성향이 담겨 있어요.,"천천히 음미하는지, 여러 번 반복하는지, 누군가와 나누는지 떠올려봐요.",그 방식이 나의 성격과 어떻게 닮았나요?
43,재작성,오래 곁에 두고 싶은 이야기가 하나쯤 있죠.,"몇 번을 봐도 좋은 책이나 영화, 드라마를 떠올려봐요.",그 작품이 나에게 남겨준 건 뭐예요?
49,재작성,내 인생을 장르로 보면 의외의 모습이 보여요.,"로맨스, 코미디, 성장물, 스릴러를 떠올려봐요.",그 장르라고 생각한 이유는 뭐예요?
50,유지,,,
51,유지,,,
52,유지,,,
53,재작성,하루 중 잠시 숨을 고르는 때가 있어요.,"아침 커피 한 잔, 퇴근길, 잠들기 전을 떠올려봐요.",그 시간에 차분해지는 이유는 뭘까요?
54,재작성,눈물은 마음의 환기구가 되어주기도 해요.,"슬픈 영화, 감동적인 장면, 속상한 일을 떠올려봐요.",눈물이 나고 나면 마음이 어떻게 달라져요?
55,유지,,,
56,재작성,말 한마디에 하루의 색깔이 바뀌기도 해요.,누군가의 응원이나 우연히 읽은 글귀를 떠올려봐요.,그 말이 힘이 되는 이유는 뭘까요?
57,유지,,,
58,재작성,마음에도 온도가 있어요.,따뜻함과 차가움 사이 어디쯤인지 떠올려봐요.,그런 온도가 된 이유는 뭘까요?
59,재작성,아쉬움은 더 잘하고 싶은 마음에서 시작돼요.,"하지 못한 일, 놓친 기회, 부족한 시간을 떠올려봐요.",그 아쉬움을 어떻게 달래주고 싶나요?
60,유지,,,
61,재작성,마음대로 되지 않을 때 답답함이 찾아와요.,"걷기, 수다, 음악, 잠처럼 나만의 방법을 떠올려봐요.",그 방법을 쓰고 나면 얼마나 풀리나요?
62,재작성,흔들릴 때 중심을 잡아주는 방법이 있으면 든든해요.,"심호흡, 산책, 좋아하는 말 떠올리기를 생각해봐요.",그 방법이 나에게 잘 맞는 이유는 뭘까요?
63,재작성,작은 기대감이 하루를 버티는 즐거움이 돼요.,"약속, 여행, 휴일, 택배를 떠올려봐요.",그 일이 기대되는 진짜 이유는 뭐예요?
66,유지,,,
67,유지,,,
69,유지,,,
73,유지,,,
74,재작성,말 한마디로 정의하기 어려운 마음이 있죠.,"시원섭섭함, 설레면서 두려운 기분처럼 떠올려봐요.",그 감정을 표현하기 어려운 이유는 뭘까요?
78,유지,,,
79,유지,,,
80,재작성,용서는 나를 위한 일이기도 해요.,서운했던 일이 풀렸던 때와 오래 남았던 때를 떠올려봐요.,용서가 어렵거나 쉬운 이유는 뭘까요?
81,재작성,감정을 표현하는 방식은 사람마다 달라요.,"서운할 때, 기쁠 때 각각의 나를 떠올려봐요.",그 방식이 관계에 어떤 영향을 주나요?
82,재작성,두려움 앞에서 나를 붙잡아주는 게 있어요.,"응원해준 사람, 스스로 한 약속, 예전의 경험을 떠올려봐요.",그게 힘이 되는 이유는 뭘까요?
83,재작성,마음이 흔들릴 때 나를 지키는 방법이 있으면 든든해요.,"일기 쓰기, 산책, 누군가와 이야기하기를 떠올려봐요.",그렇게 하면 마음이 어떻게 달라져요?
84,유지,,,
85,재작성,마음을 울리는 순간은 사람마다 달라요.,"뜻밖의 위로, 정성스러운 선물, 누군가의 노력을 떠올려봐요.",그 순간에 감동받는 이유는 뭘까요?
86,재작성,다시 일어설 수 있게 도와주는 게 있어요.,"친구의 한마디, 좋아하는 취미, 시간을 떠올려봐요.",그게 나에게 통하는 이유는 뭘까요?
88,재작성,한계를 느끼는 건 누구에게나 있는 일이에요.,"더 버티기, 잠시 멈추기, 도움 요청하기 중 뭐에 가까워요?",그 방식이 나에게 도움이 되나요?
90,재작성,내 마음이 무엇을 원하는지 물어보는 시간이에요.,"푹 쉬고 싶은지, 위로받고 싶은지, 새로운 자극이 필요한지 떠올려봐요.",그걸 채우기 위해 해볼 수 있는 작은 일은 뭐예요?
93,재작성,살아있어서 좋다고 느끼는 순간은 생각보다 가까이 있어요.,"맛있는 음식, 좋은 날씨, 따뜻한 대화를 떠올려봐요.",그런 순간을 더 자주 만나려면 뭐가 필요할까요?
94,유지,,,
95,재작성,용기는 단순히 무서움이 없는 상태가 아니에요.,"솔직해지기, 먼저 사과하기, 다시 시작하기를 떠올려봐요.",지금 내가 용기 내고 싶은 건 뭐예요?
96,재작성,나를 움직이는 감정이 하나쯤 있어요.,"설렘, 불안, 호기심, 책임감을 떠올려봐요.",그 감정이 나를 어떤 방향으로 이끌어요?
98,재작성,누구에게도 말하지 못한 나만의 내면이 있어요.,겉으로 보이는 나와 속마음이 다른 순간을 떠올려봐요.,그 속마음을 누군가에게 보여준다면 어떨 것 같아요?
99,재작성,사랑은 다양한 순간에 모습을 드러내요.,"누군가를 챙길 때, 함께 웃을 때, 보고 싶을 때를 떠올려봐요.",그 순간에 사랑을 느끼는 이유는 뭘까요?
100,재작성,인생에도 계절이 있어요.,"새싹 돋는 봄, 뜨거운 여름, 무르익는 가을, 쉬어가는 겨울을 떠올려봐요.",그 계절이라고 느낀 이유는 뭐예요?
102,재작성,밤을 닫는 나만의 시간이 있어요.,"휴대폰 보기, 씻기, 음악 듣기, 스트레칭을 떠올려봐요.",그 시간이 잠드는 데 도움이 되나요?
105,재작성,외출 전 마지막 점검에 내가 신경 쓰는 부분이 보여요.,"머리, 옷매무새, 얼굴, 전체 분위기를 떠올려봐요.",그 부분을 확인하는 이유는 뭐예요?
106,재작성,밥을 먹고 난 뒤의 작은 여유를 봐요.,"커피 마시기, 산책, 눕기, 휴대폰 보기를 떠올려봐요.",그 시간이 나에게 어떤 쉼이 되나요?
110,재작성,하루의 시작을 기분 좋게 만드는 게 있어요.,"음악, 커피, 햇살, 좋아하는 아침 메뉴를 떠올려봐요.",그게 있으면 하루가 어떻게 달라져요?
113,유지,,,
115,재작성,귀찮음을 이겨내는 힘은 사람마다 달라요.,정해진 기한과 스스로의 다짐 중 뭐가 더 잘 통해요?,그 방식이 통하지 않을 때는 어떻게 해요?
118,재작성,일정을 다루는 방식에 나의 성향이 묻어나요.,"다이어리, 캘린더 앱, 메모, 머릿속을 떠올려봐요.",그 방식이 나에게 어떤 안정감을 주나요?
119,재작성,꾸준함은 작은 것에서 시작돼요.,"물 마시기, 스트레칭, 일기처럼 작은 것도 좋아요.",그 습관을 이어가게 하는 힘은 뭐예요?
123,유지,,,
124,재작성,시간을 대하는 태도에 성격이 묻어나잖아요.,약속 장소에 도착하는 내 모습을 떠올려봐요.,그렇게 하는 이유는 뭐라고 생각해요?
125,재작성,돈을 쓰는 방식에 삶의 태도가 담겨 있어요.,계획한 소비와 갑자기 한 소비를 떠올려봐요.,그 방식에 만족하는 편이에요?
126,유지,,,
127,재작성,하기 싫은 일 앞에서는 누구나 큰 결심이 필요해요.,"'일단 5분만', '끝나면 맛있는 거' 같은 말을 떠올려봐요.",그 말을 하고 나면 정말 몸이 움직여지나요?
128,재작성,짐을 싸는 방식에서 평소의 꼼꼼함이 보여요.,"목록을 만드는지, 필요한 것만 챙기는지 떠올려봐요.",빠뜨린 게 생기면 나는 어떻게 해요?
129,재작성,특별한 날을 기억하는 방식은 저마다 달라요.,"생일, 기념일, 명절, 나만의 기념일을 떠올려봐요.",그날이 특별한 이유는 뭐예요?
132,유지,,,
133,재작성,계절의 변화는 작은 곳에서 먼저 느껴져요.,"공기 냄새, 옷차림, 해 지는 시간을 떠올려봐요.",계절이 바뀌면 내 기분은 어떻게 달라져요?
136,재작성,기록은 나중에 나를 돌아보게 하는 힘이 돼요.,"메모, 사진, 일기, 기억 중 뭘 주로 쓰는지 떠올려봐요.",그 방식이 나에게 잘 맞는 이유는 뭐예요?
138,재작성,새로운 걸 시작하는 방식에 내 성향이 보여요.,일단 부딪히기와 충분히 알아보기를 떠올려봐요.,그 방식으로 시작했을 때 결과는 대체로 어땠어요?
140,유지,,,
141,유지,,,
148,유지,,,
149,재작성,평범한 하루를 잘 보냈다고 느끼는 기준은 저마다 달라요.,"할 일을 끝낸 날, 푹 쉰 날, 좋은 사람을 만난 날을 떠올려봐요.",그런 날을 더 자주 만들려면 뭐가 필요할까요?
150,재작성,일상을 하나의 제목으로 요약해보는 시간이에요.,"평범한 제목도, 시적인 제목도 좋아요.",그 제목이 요즘 내 마음을 얼마나 잘 설명하나요?
151,재작성,가장 가까운 사이일수록 편한 이유가 보여요.,"말이 잘 통하는지, 편들어주는지, 비밀을 지켜주는지 떠올려봐요.",그 사람과 대화할 때 내 모습은 어떤가요?
152,재작성,고민을 먼저 꺼내고 싶은 사람에게는 이유가 있어요.,"잘 들어주는 사람, 해결책을 주는 사람, 편한 사람을 떠올려봐요.",그런 사람에게 마음이 가는 이유는 뭘까요?
153,유지,,,
154,유지,,,
155,재작성,작은 메시지 하나가 하루를 빛나게 하기도 해요.,응원의 말이나 갑작스러운 안부를 떠올려봐요.,그런 메시지를 받으면 어떤 기분이 들어요?
156,재작성,축하받는 방식에도 취향이 있어요.,"깜짝 파티, 손편지, 선물, 조용한 식사를 떠올려봐요.",그 축하가 좋은 이유는 뭐예요?
157,유지,,,
158,재작성,함께 웃을 수 있다는 건 정말 소중한 인연이에요.,"엉뚱한 유머, 말장난, 리액션, 표정 개그를 떠올려봐요.",그 유머에 내가 웃게 되는 이유는 뭘까요?
159,재작성,처음 만난 사람에게도 끌리는 포인트가 있어요.,"예쁜 말투, 잘 웃는 얼굴, 비슷한 취향을 떠올려봐요.",그 포인트에 마음이 가는 이유는 뭘까요?
160,재작성,연락처 속 이름에는 소소한 재미가 숨어 있어요.,"별명, 이모지, 특이한 설명을 붙인 이름을 떠올려봐요.",그 이름을 붙이게 된 사연이 있나요?
163,유지,,,
165,유지,,,
167,유지,,,
170,재작성,설명하지 않아도 마음을 알아주는 사람들이 있어요.,"잘 들어주는지, 판단하지 않는지 떠올려봐요.",그 사람들이 나를 이해해줄 때 어떤 위로를 받나요?
175,유지,,,
178,유지,,,
181,유지,,,
183,재작성,사과는 관계를 지키려는 노력 중 하나예요.,다툰 뒤 먼저 연락하는 쪽인지 떠올려봐요.,그렇게 하는 이유는 뭐라고 생각해요?
185,재작성,여러 사람 사이에서 편한 자리는 사람마다 달라요.,"대화를 이끄는 자리, 듣는 자리, 옆에서 챙기는 자리를 떠올려봐요.",그 자리가 편한 이유는 뭘까요?
188,재작성,말 한마디가 생각보다 큰 무게를 가질 때가 있어요.,"처음 만난 자리, 윗사람 앞, 속상한 친구 앞을 떠올려봐요.",조심하게 되는 이유는 뭘까요?
190,재작성,모든 인연을 억지로 붙잡고 있을 수는 없어요.,"거짓말, 무례함, 일방적인 관계 같은 순간을 떠올려봐요.",관계를 정리하고 나면 마음이 어떤가요?
191,재작성,나를 지치게 하는 관계에는 공통점이 있어요.,"일방적인 연락, 무시, 지나친 기대를 떠올려봐요.",그런 관계에서 나를 지키는 방법은 뭐예요?
192,유지,,,
193,유지,,,
194,재작성,약함을 드러내는 건 큰 용기가 필요한 일이에요.,"판단하지 않는 사람, 비밀을 지켜주는 사람을 떠올려봐요.",그런 사람에게는 왜 마음이 열릴까요?
195,유지,,,
198,유지,,,
201,유지,,,
202,재작성,남의 좋은 소식 앞에서는 여러 마음이 들 수 있어요.,"기쁨, 부러움, 조급함 중 뭐가 먼저 오는지 봐요.",그 마음이 드는 이유는 뭘까요?
205,재작성,믿음은 관계를 지탱하는 단단한 뿌리예요.,"약속을 지킬 때, 비밀을 지켜줄 때, 힘들 때 곁에 있을 때를 떠올려봐요.",믿음을 지키기 위해 내가 중요하게 여기는 건 뭐예요?
209,재작성,진짜 마음은 말보다 행동에서 드러날 때가 많아요.,"작은 약속을 지킬 때, 힘들 때 곁에 있을 때를 떠올려봐요.",나는 진심을 어떤 행동으로 보여주나요?
210,재작성,편한 관계는 요즘의 나를 지탱해줘요.,"가족, 오랜 친구, 연인, 동료를 떠올려봐요.",그 관계가 편한 이유는 뭘까요?
211,유지,,,
213,재작성,사람마다 사랑의 모습은 다 달라요.,두근거림과 편안함 중 뭐가 먼저 떠오르나요?,내가 그리는 사랑에 대해 말해볼까요?
214,유지,,,
219,유지,,,
220,재작성,받고 싶은 고백에는 내가 바라는 사랑이 담겨 있어요.,"장소, 말, 분위기를 떠올려봐요.",그런 고백을 받으면 어떤 기분일 것 같아요?
222,재작성,머릿속 이상형과 실제로 마음이 가는 사람은 다를 수 있어요.,이상형 조건과 끌렸던 사람들의 특징을 비교해봐요.,조건보다 내 마음을 더 움직이는 건 뭐예요?
228,유지,,,
229,재작성,누군가를 아끼는 마음은 변화를 불러오기도 해요.,"더 다정해지기, 부지런해지기, 나를 더 아끼기를 떠올려봐요.",그런 변화가 생기는 이유는 뭘까요?
231,재작성,나만의 사랑 방식이 담긴 한 문장이 있을 거예요.,"'천천히, 깊게'처럼 짧게 써봐도 좋아요.",그 연애관이 생긴 이유는 뭐예요?
235,재작성,헤어짐을 받아들이는 방식은 사람마다 달라요.,"울기, 바쁘게 지내기, 친구 만나기, 기록하기를 떠올려봐요.",그 방식이 나를 어떻게 지켜주나요?
237,유지,,,
245,재작성,사랑은 생각보다 나를 많이 바꾸기도 해요.,"말투, 생활 패턴, 표정, 우선순위를 떠올려봐요.",그 변화가 마음에 드는 편이에요?
247,재작성,자주 할수록 좋은 말이 있죠.,"고마워, 사랑해, 괜찮아 같은 말을 떠올려봐요.",그 말을 더 자주 하지 못하는 이유는 뭘까요?
252,유지,,,
255,재작성,닮고 싶은 사람에게서 내가 추구하는 가치가 보여요.,역사 속 인물이나 주변 어른을 떠올려봐요.,그 점을 닮기 위해 해볼 수 있는 건 뭐예요?
263,유지,,,
268,재작성,시간 가는 줄 모르는 순간에 내 진짜 관심이 있어요.,"좋아하는 사람과 있을 때, 몰입할 때, 놀 때를 떠올려봐요.",그 순간이 빨리 지나가는 이유는 뭘까요?
269,재작성,용기가 필요할 때 나만의 방법이 있어요.,"혼잣말, 심호흡, 누군가의 응원을 떠올려봐요.",그렇게 마음먹으면 실제로 움직여지나요?
270,유지,,,
271,재작성,불공정함을 느끼는 지점에 내 기준이 보여요.,"노력만큼 받지 못할 때, 규칙이 다르게 적용될 때를 떠올려봐요.",그럴 때 나는 어떻게 반응해요?
275,재작성,행복의 기준은 나만이 정할 수 있어요.,"사람, 건강, 돈, 시간, 취미 중에 떠올려봐요.",그 세 가지를 지금 얼마나 갖고 있나요?
280,재작성,일과 쉼 사이의 균형은 계속 움직여요.,요즘 일주일을 떠올려서 비교해봐요.,지금 내 삶은 내가 원하는 균형에 가까운가요?
282,유지,,,
288,재작성,작은 행동도 누군가에게는 큰 힘이 될 때가 있어요.,"분리수거, 텀블러, 문 잡아주기처럼 사소한 것도 좋아요.",그 행동 속에 담긴 내 마음도 적어볼까요?
289,유지,,,
290,유지,,,
291,유지,,,
292,재작성,더 나은 세상은 작은 습관에서 시작돼요.,"분리수거, 기부, 친절한 말 한마디를 떠올려봐요.",그 습관을 이어가는 이유는 뭐예요?
299,재작성,먼 훗날의 내가 지금을 본다면 어떤 마음일까요?,"응원, 걱정, 고마움 중 뭐가 먼저 떠오르나요?",그 말을 지금의 나에게 해준다면 뭐가 달라질까요?
300,재작성,꼭 해보고 싶은 순간에는 내가 바라는 삶이 담겨 있어요.,"오로라 보기, 무대에 서기, 가족과 여행하기처럼 떠올려봐요.",그 순간을 위해 지금 할 수 있는 작은 일은 뭐예요?
301,재작성,필요하진 않아도 갖고 싶은 게 있죠.,"귀여운 소품, 새 옷, 취미 용품을 떠올려봐요.",그걸 갖고 싶은 이유는 뭐예요?
306,재작성,돈을 썼는데 더 풍족해진 것 같은 소비가 있어요.,"오래 쓴 물건, 잘 산 옷, 좋은 경험을 떠올려봐요.",그 물건이 일상에 어떤 변화를 줬나요?
315,재작성,배우는 방식은 사람마다 달라요.,"직접 해보기, 영상 보기, 책 읽기, 누군가에게 배우기를 떠올려봐요.",그 방식이 나에게 맞는 이유는 뭘까요?
320,유지,,,
325,재작성,오래 남는 문장은 내 마음 어딘가를 건드렸기 때문이에요.,"책, 노래 가사, 드라마 대사를 떠올려봐요.",그 문장이 오래 남은 이유는 뭘까요?
326,재작성,스타일링은 나를 표현하는 방법 중 하나예요.,"옷, 헤어, 메이크업 중 신경 쓰는 걸 떠올려봐요.",그 분위기가 좋은 이유는 뭐예요?
328,재작성,모으는 물건에는 나만의 애정이 담겨 있어요.,"스티커, 컵, 키링, 엽서처럼 떠올려봐요.",그 물건을 모으게 된 시작은 뭐였어요?
331,재작성,남기고 싶은 순간에는 내가 아끼는 것이 담겨 있어요.,"사진, SNS, 일기, 메모 중 어디에 주로 남기는지 떠올려봐요.",그 순간을 기록하고 싶은 이유는 뭐예요?
332,재작성,한 입만으로 기분이 살아나는 음식이 있죠.,힘들 때나 기분 좋을 때 떠오르는 음식을 생각해봐요.,그 음식이 나를 채워주는 이유는 뭘까요?
333,재작성,좋아하는 감각에는 기억이 함께 담겨 있어요.,"빗소리, 파도 소리, 갓 구운 빵 냄새, 비누 향을 떠올려봐요.",그 소리나 향기를 맡으면 어떤 기억이 떠올라요?
334,재작성,자주 떠오르는 단어에 요즘의 내가 담겨 있어요.,검색창이나 대화에 자주 등장하는 단어를 떠올려봐요.,그 키워드에 꽂힌 이유는 뭐예요?
335,재작성,돈을 썼는데도 오히려 채워진 느낌이 드는 소비가 있어요.,"물건, 경험, 선물, 음식 중에 떠올려봐요.",그 소비가 아깝지 않았던 이유는 뭐예요?
336,재작성,생각을 잠시 멈추게 해주는 것이 있으면 든든해요.,"좋아하는 활동, 장소, 물건, 사람을 떠올려봐요.",그게 나를 쉬게 하는 이유는 뭘까요?
337,재작성,진짜 쉼의 모습은 사람마다 정말 달라요.,"혼자 누워 있기, 산책, 사람 만나기, 취미 즐기기를 떠올려봐요.",그렇게 쉬고 나면 어떤 에너지가 생겨요?
338,재작성,더 알고 싶은 마음은 새로운 나를 여는 문이에요.,요즘 자꾸 찾아보게 되는 분야나 주제를 떠올려봐요.,그 주제가 궁금해진 계기는 뭐예요?
344,재작성,멍하니 있고 싶은 순간은 마음이 쉬고 싶다는 신호일 수 있어요.,"퇴근길, 잠들기 전, 창밖을 볼 때를 떠올려봐요.",멍하니 있고 나면 어떤 기분이 들어요?
345,재작성,버겁지만 끝까지 해낸 날은 토닥여줄 만해요.,"바빴던 날, 참았던 날, 애썼던 날을 떠올려봐요.",그날의 나에게 건네고 싶은 한마디는 뭐예요?
347,재작성,힘든 날 나를 달래는 방법이 있으면 든든해요.,"따뜻한 음식, 좋아하는 노래, ""괜찮아""라는 혼잣말을 떠올려봐요.",그 방법이 나에게 잘 맞는 이유는 뭘까요?
348,재작성,요즘 내 곁을 지키는 기분에 이름을 붙여봐요.,"기쁨, 불안, 평온 중 가장 가까운 걸 골라봐요.",그 마음이 된 이유는 뭐라고 생각해요?
349,재작성,감정이 파도처럼 밀려올 때가 있어요.,"솔직하게 표현하는지, 꾹 눌러 담는지 떠올려봐요.",그렇게 넘기고 나면 마음이 어떻게 달라져요?
350,재작성,긴장이 탁 풀리는 순간은 소중한 쉼이에요.,"따뜻한 이불 속, 샤워 후, 주말 오후를 떠올려봐요.",이런 편안함을 더 자주 느끼려면 무엇이 필요할까요?
351,재작성,평소의 나답지 않은 반응에 새로운 내가 숨어 있어요.,"생각보다 크게 웃거나 울었던 순간, 의외로 덤덤했던 순간을 떠올려봐요.",그 반응이 놀라웠던 이유는 뭘까요?
352,재작성,"들을 때마다 ""이건 내 얘기야"" 싶은 노래가 있죠.","가사, 분위기, 멜로디 중 뭐가 나와 닮았는지 떠올려봐요.",그 노래가 나를 설명해주는 이유는 뭐예요?
353,재작성,나에게 하는 칭찬은 다른 사람의 칭찬만큼 힘이 돼요.,"성실함, 다정함, 끈기처럼 인정받고 싶은 부분을 떠올려봐요.",그 칭찬을 오늘 나에게 해준다면 어떨까요?
354,재작성,마음 상태를 숫자로 보면 더 선명해져요.,0점부터 10점 사이에서 골라봐요.,그 점수를 1점 올리려면 뭐가 필요할까요?
355,재작성,참으려 해도 불쑥 튀어나오는 감정이 있어요.,"피곤할 때, 억울할 때, 무시당했다고 느낄 때를 떠올려봐요.",그 감정이 전하려는 진심은 뭘까요?
356,재작성,거창하지 않아도 입가에 미소가 번지는 것들이 있어요.,"좋아하는 음료, 햇살, 귀여운 동물, 반가운 연락을 떠올려봐요.",그게 기분 좋은 이유는 뭘까요?
357,재작성,무거운 기분을 가볍게 해주는 나만의 치트키가 있어요.,"음식, 사람, 음악, 잠, 산책을 떠올려봐요.",그게 통하는 이유는 뭘까요?
358,재작성,마음이 흐릿한 날에도 이유가 있을 수 있어요.,"날씨, 피로, 사람, 해야 할 일을 떠올려봐요.",그런 날의 나에게 어떤 말을 해주고 싶어요?
359,유지,,,
360,재작성,자꾸 찾아오는 감정은 나에게 할 말이 있을지도 몰라요.,"기쁨, 피곤함, 설렘, 걱정 중에 떠올려봐요.",그 감정이 나에게 하고 싶은 말은 뭘까요?
361,재작성,기분의 흐름에도 나만의 패턴이 있어요.,하루 동안 기분이 어떻게 변하는지 떠올려봐요.,내 기분을 흔드는 건 주로 뭐예요?
362,재작성,기분이 바뀌는 순간을 알면 나를 더 잘 돌볼 수 있어요.,"배고플 때, 피곤할 때, 누군가의 말을 들었을 때를 떠올려봐요.",그 순간을 미리 알아채면 어떻게 대처할 수 있을까요?
363,재작성,감정이 무뎌지는 건 쉬고 싶다는 신호일 수도 있어요.,"잠, 산책, 좋아하는 것 찾기, 사람 만나기를 떠올려봐요.",그렇게 하면 감정이 다시 살아나나요?
364,재작성,유독 강하게 나를 흔드는 감정이 있어요.,"분노, 불안, 설렘, 서운함 중에 떠올려봐요.",그 감정 아래 숨은 나의 바람은 뭘까요?
365,재작성,에너지를 쑥 빼앗아 가는 것들이 있어요.,"사람, 상황, 생각, 일 중에 떠올려봐요.",그것으로부터 나를 지키는 방법은 뭐예요?
367,재작성,꺼내지 않고 담아두는 감정이 있죠.,"서운함, 부러움, 불안, 고마움 중에 떠올려봐요.",그 감정을 꺼내기 어려운 이유는 뭘까요?
368,유지,,,
369,재작성,마주하기 불편한 감정은 누구에게나 있어요.,"부끄러움, 외로움, 질투, 무력감을 떠올려봐요.",그 감정을 피하게 되는 이유는 뭘까요?
370,재작성,눈 뜨는 순간의 기분이 하루의 첫 색깔이 되기도 해요.,"개운함, 피곤함, 설렘, 막막함 중에 떠올려봐요.",그 첫 기분을 바꾸고 싶다면 뭘 해볼 수 있을까요?
373,재작성,오래 간직하고 싶은 감정이 있다면 그건 나의 보물이에요.,"설렘, 뿌듯함, 따뜻함, 평온함을 떠올려봐요.",그 감정을 다시 느끼게 해주는 건 뭐예요?
374,재작성,다시 만나고 싶지 않은 감정도 있죠.,"불안, 서운함, 후회, 외로움 중에 떠올려봐요.",그 감정이 찾아오면 나를 어떻게 지켜요?
376,재작성,감정을 말로 옮기는 건 생각보다 어려운 일이에요.,기쁠 때와 속상할 때를 나눠서 떠올려봐요.,말로 표현하기 어려울 땐 어떻게 전해요?
377,재작성,에너지가 바닥났을 때 나를 다시 일으키는 게 있어요.,"잠, 음식, 사람, 혼자만의 시간을 떠올려봐요.",나만의 급속 충전 방법을 하나 정한다면 뭐예요?
379,재작성,울고 난 뒤의 마음은 사람마다 달라요.,"후련함, 허탈함, 개운함 중에 떠올려봐요.","울고 싶을 때 나는 참는 편인가요, 우는 편인가요?"
383,재작성,의외의 모습이 오히려 나를 더 잘 보여주기도 해요.,"겉모습과 다른 취향, 성격, 습관을 떠올려봐요.",그 모습을 알면 사람들이 어떤 반응일 것 같아요?
384,재작성,"""왜 나는 이러지?"" 싶은 습관이 하나쯤 있죠.","먹는 습관, 말버릇, 미루는 습관을 떠올려봐요.",그 습관이 생긴 이유를 짐작해볼까요?
385,재작성,아껴주고 싶은 모습은 그만큼 애쓰는 나의 모습이에요.,"늘 참는 나, 열심히 하는 나, 여린 나를 떠올려봐요.",그 모습에게 어떤 말을 해주고 싶어요?
386,재작성,힘든 시간을 버티는 방식은 사람마다 달라요.,"혼자 견디기, 털어놓기, 바쁘게 지내기, 잠시 멈추기를 떠올려봐요.",그 방식이 나를 어떻게 지켜주나요?
388,재작성,나만 알고 싶은 취향은 은밀한 즐거움이에요.,"혼자 즐기는 음식, 콘텐츠, 습관을 떠올려봐요.",그 취향을 숨기고 싶은 이유는 뭐예요?
396,재작성,감정을 표현하는 타이밍은 사람마다 달라요.,서운한 일이 생겼을 때의 나를 떠올려봐요.,그 방식이 관계에 어떤 영향을 주나요?
399,재작성,눈물을 대하는 방식은 사람마다 달라요.,울고 싶을 때의 나를 떠올려봐요.,참거나 울고 나면 마음이 어떻게 달라져요?
401,재작성,슬플 때 찾는 노래에 감정을 다루는 방식이 보여요.,"슬픔에 푹 빠지는지, 신나는 걸로 바꾸는지 떠올려봐요.",그렇게 하고 나면 기분이 어떻게 달라져요?
403,재작성,잠 못 드는 밤에는 나만의 방법이 필요해요.,"심호흡, 음악, 따뜻한 차, 생각 적기를 떠올려봐요.",그 방법이 효과 있는 이유는 뭘까요?
404,재작성,두려운 실패에는 내가 지키고 싶은 게 담겨 있어요.,"관계, 일, 시험, 기대 중에 떠올려봐요.",그 실패가 두려운 이유는 뭐예요?
405,재작성,걱정을 다루는 방식은 사람마다 달라요.,"바로 해결하기, 털어놓기, 잊으려 하기를 떠올려봐요.",그 방식이 걱정을 줄여주나요?
409,재작성,나이가 들면서 감정도 조금씩 모양이 바뀌어요.,더 커진 감정과 작아진 감정을 떠올려봐요.,"그 변화가 성장인가요, 무뎌진 건가요?"
417,재작성,루틴으로 만들고 싶은 일에는 바라는 내 모습이 담겨 있어요.,"운동, 기록, 독서, 정리처럼 떠올려봐요.",그 일을 꾸준히 하려면 뭐가 필요할까요?
419,유지,,,
423,재작성,정신없이 바쁜 요즘의 나를 돌아봐요.,"일, 공부, 약속, 집안일 중에 떠올려봐요.","그 바쁨이 나를 채워주나요, 지치게 하나요?"
425,재작성,아무 생각 없이 반복하는 습관에 나의 편안함이 숨어 있어요.,"휴대폰 확인, 손톱 만지기, 혼잣말을 떠올려봐요.","그 습관이 나를 편안하게 하나요, 바꾸고 싶나요?"
426,재작성,에너지를 가장 많이 쓰는 곳에 요즘의 내가 있어요.,"일, 관계, 걱정, 공부 중에 떠올려봐요.",그 소모가 보람차게 느껴지나요?
427,재작성,몸이 가장 바쁜 시간에 하루의 리듬이 보여요.,"출근 준비, 점심시간, 퇴근 후를 떠올려봐요.",그 시간을 조금 여유롭게 만들 방법이 있을까요?
428,재작성,마음 한구석에 얹혀 있는 숙제 같은 일이 있죠.,"정리, 연락, 병원, 서류 같은 일을 떠올려봐요.",5분 안에 할 수 있는 첫 단계는 뭐예요?
429,유지,,,
430,재작성,나도 모르게 과해지는 게 있죠.,"휴대폰, 간식, 걱정, 쇼핑 중에 떠올려봐요.",조금씩 줄여가는 나만의 방법이 있을까요?
431,재작성,하루 중 가장 많이 반복하는 행동에 내 일상이 담겨 있어요.,"휴대폰 보기, 물 마시기, 한숨 쉬기처럼 떠올려봐요.",그 행동이 나에게 어떤 의미인가요?
432,재작성,하루를 보내는 방식에 나의 리듬이 담겨 있어요.,꽉 짜인 일정과 흘러가는 대로의 하루를 떠올려봐요.,나에게 가장 잘 어울리는 하루의 모양은 뭐예요?
433,재작성,어김없이 해내는 작은 약속이 있다면 칭찬해줄 만해요.,"물 마시기, 일찍 일어나기, 정리하기처럼 떠올려봐요.",그 루틴이 나에게 주는 힘은 뭐예요?
434,재작성,하루 중 좋아하는 시간에 나의 리듬이 담겨 있어요.,상쾌한 아침과 고요한 밤을 떠올려봐요.,그 시간이 좋은 이유는 뭐예요?
435,재작성,정리하고 싶은 것에는 가벼워지고 싶은 마음이 담겨 있어요.,"옷장, 휴대폰 사진첩, 관계, 생각을 떠올려봐요.",그걸 정리하면 어떤 기분일 것 같아요?
437,재작성,끝내지 못한 일은 마음 한구석에 남아 있죠.,"손이 안 가는 일, 시작만 한 일을 떠올려봐요.",그 일을 끝내지 못하는 진짜 이유는 뭘까요?
438,재작성,몸을 움직이고 싶어지는 계기는 사람마다 달라요.,"좋은 날씨, 스트레스, 건강 걱정, 친구의 권유를 떠올려봐요.",그 계기가 생기면 주로 어떻게 움직여요?
439,재작성,몸을 움직이는 방법은 운동만 있는 게 아니에요.,"산책, 스트레칭, 춤, 자전거를 떠올려봐요.",그 방법이 좋은 이유는 뭐예요?
440,재작성,몸을 움직이고 나면 몸도 마음도 달라지곤 해요.,"체력, 기분, 잠, 자신감 중에 떠올려봐요.",그 변화가 나의 일상에 어떤 영향을 줘요?
443,유지,,,
444,재작성,집중이 잘 되는 장소는 사람마다 달라요.,카페의 적당한 소음과 집의 편안함을 떠올려봐요.,그 장소의 어떤 점이 나에게 맞나요?
445,재작성,집중하는 환경에도 나만의 취향이 있어요.,음악이 흐르는 환경과 고요한 환경을 떠올려봐요.,소리가 있을 때와 없을 때 나는 어떻게 달라져요?
447,유지,,,
448,재작성,막혔을 때의 반응은 사람마다 달라요.,"바로 물어보기, 혼자 끙끙대기, 잠시 쉬기를 떠올려봐요.",그 방식이 다른 상황에서도 비슷하게 나타나나요?
450,재작성,집중이 풀릴 때 나만의 방법이 있으면 좋잖아요.,잠깐 쉬기와 억지로 버티기 중 뭐가 더 효과적인지 떠올려봐요.,그 방법이 통하는 이유는 뭘까요?
451,재작성,지쳤다는 신호는 몸과 마음이 먼저 보내요.,"잠, 식욕, 말수, 표정의 변화를 떠올려봐요.",그 신호를 느끼면 나는 어떻게 해요?
452,재작성,쉬는 시간에 하는 일이 진짜 쉼이 되기도 해요.,"스트레칭, 휴대폰, 간식, 산책을 떠올려봐요.",그게 진짜 쉼이 되나요?
453,재작성,쉬어도 마음이 편하지 않을 때가 있어요.,"할 일이 남았을 때, 남들이 바쁠 때를 떠올려봐요.",그 불안은 어디서 오는 걸까요?
456,재작성,옆에 있어야 마음이 놓이는 것들이 있잖아요.,"텀블러, 음악, 간식, 향처럼 나만의 안정 아이템을 떠올려봐요.",그것이 곁에 있으면 어떤 점이 달라지나요?
457,재작성,물건을 대하는 방식에 내 성향이 보여요.,안 쓰는 물건 앞에서 고민하는 나를 떠올려봐요.,버리기 어렵거나 쉬운 이유는 뭘까요?
458,재작성,물건의 자리에도 나만의 규칙이 있어요.,"열쇠, 휴대폰 충전기, 자주 쓰는 물건을 떠올려봐요.",정해진 자리가 나에게 어떤 안정감을 주나요?
459,재작성,내 방은 요즘의 나를 닮아 있을지도 몰라요.,방을 둘러보면서 떠오르는 단어를 골라봐요.,지금 방 상태가 요즘 내 마음과 비슷한 것 같나요?
460,유지,,,
462,재작성,없어지면 시원할 것 같은 것들이 있죠.,"안 쓰는 물건, 버리고 싶은 습관, 쌓인 파일을 떠올려봐요.",왜 아직 버리지 못했을까요?
464,재작성,움직일 때 듣는 음악에는 나만의 리듬이 있어요.,"신나는 곡, 잔잔한 곡, 팟캐스트를 떠올려봐요.",그 음악이 움직임에 어떤 힘을 줘요?
465,유지,,,
466,유지,,,
467,재작성,"함께와 혼자, 둘 다 즐거움이 달라요.","산책, 운동, 춤처럼 몸을 움직일 때를 떠올려봐요.",그 선호가 생긴 이유가 있나요?
468,재작성,꾸준히 하다 보면 새로운 나를 발견하게 돼요.,"인내심, 한계, 좋아하는 것을 떠올려봐요.",그 발견이 나를 이해하는 데 어떤 도움이 됐나요?
469,재작성,귀찮은 날의 선택에 나의 기준이 보여요.,"쉬는 날도 있고, 그래도 해내는 날도 있죠.",그 선택의 기준은 뭔가요?
470,재작성,몸과 관련된 목표는 구체적이든 막연하든 괜찮아요.,"건강, 체력, 자세, 잠처럼 떠올려봐요.","그 목표가 나를 움직이게 하나요, 부담을 주나요?"
471,재작성,작은 성취도 챙겨주면 뿌듯함이 오래가요.,"기록하기, 나에게 선물하기, 자랑하기를 떠올려봐요.",그렇게 챙기면 어떤 힘이 생겨요?
472,재작성,몸으로 해낸 순간은 오래 기억에 남아요.,"오래 걷기, 등산, 처음 해본 동작처럼 떠올려봐요.",그 성취감이 삶의 다른 부분에도 영향을 줬나요?
473,재작성,물건을 고르는 기준에 나의 우선순위가 담겨 있어요.,가격 비교와 첫눈에 반한 물건을 떠올려봐요.,그 기준으로 산 물건에 대체로 만족하나요?
476,유지,,,
478,재작성,돈 걱정을 덜어주는 작은 습관이 있으면 든든해요.,"가계부, 자동 저축, 소비 목록 점검처럼 떠올려봐요.",그 습관이 마음에 어떤 여유를 줘요?
481,재작성,자주 쓰는 서비스에는 나의 일상이 담겨 있어요.,"음악, 영상, 배달, 공부 앱을 떠올려봐요.",그 서비스가 나에게 주는 즐거움은 뭐예요?
483,재작성,꿈을 기억하는 정도는 사람마다 달라요.,깨자마자 떠오르는 장면이 있는지 떠올려봐요.,꿈이 나에게는 어떤 의미일까요?
485,재작성,밤이 되면 달라지는 마음이 있죠.,낮에는 괜찮다가 밤에 떠오르는 생각을 떠올려봐요.,밤의 생각을 가볍게 하는 나만의 방법이 있나요?
489,재작성,당황하면 나도 모르게 튀어나오는 반응이 있어요.,"웃음, 말 더듬기, 얼굴 빨개지기를 떠올려봐요.",그 반응을 알게 되면 나를 더 잘 이해할 수 있을까요?
490,재작성,"마음은 싫은데 ""응""이라고 할 때가 있죠.","부탁, 약속, 모임을 떠올려봐요.","""아니""라고 말하기 어려운 이유는 뭘까요?"
491,재작성,충분한 쉼의 조건은 사람마다 달라요.,"잠, 혼자만의 시간, 좋아하는 일을 떠올려봐요.",그 조건을 채우기 위해 할 수 있는 작은 일은 뭐예요?
492,재작성,일과 쉼의 균형에는 나만의 규칙이 필요해요.,"퇴근 후 연락 안 보기, 주말 하루는 쉬기처럼 떠올려봐요.",나만의 균형 유지 비결을 한 문장으로 정리해봐요.
493,재작성,절친의 매력을 말할 때 우정의 깊이가 보여요.,"성격, 재능, 다정함, 유머를 떠올려봐요.",그 장점이 내 눈에 가장 먼저 보이는 이유는 뭘까요?
498,재작성,연락 방식에도 편한 스타일이 있어요.,목소리로 바로 전하기와 글로 천천히 전하기를 떠올려봐요.,그 방식이 편한 이유는 뭐예요?
502,재작성,나이가 들며 관계를 대하는 방식도 달라져요.,"친구 수, 연락 빈도, 기대하는 것을 떠올려봐요.",그 변화가 지금의 나에게 어떤 영향을 줬을까요?
506,재작성,관계 속에서 주고받는 균형은 사람마다 달라요.,"먼저 연락하기, 챙겨주기, 챙김 받기를 떠올려봐요.",그 균형에 만족하는 편이에요?
507,재작성,가족이라서 오히려 솔직해지기 어려운 부분이 있어요.,"걱정, 진로, 연애, 속마음을 떠올려봐요.",솔직해지기 어려운 이유는 뭘까요?
508,재작성,멀어지는 데에도 흔한 이유가 있죠.,"연락 빈도, 생활의 변화, 작은 오해를 떠올려봐요.",멀어지는 걸 막고 싶을 때 나는 어떻게 해요?
509,재작성,가족에게 인정받고 싶은 마음은 자연스러운 거예요.,"노력, 선택, 성격, 성취 중에 떠올려봐요.",인정받고 싶은 마음의 크기는 어떻게 변하고 있나요?
512,재작성,상황에 따라 달라지는 내 모습도 모두 나예요.,"일할 때, 친구와 있을 때, 가족과 있을 때를 떠올려봐요.",그중 가장 편한 나는 어떤 모습이에요?
513,재작성,"혼자와 함께, 둘 다 편안함이 달라요.",혼자 있는 주말과 사람들과 보내는 주말을 떠올려봐요.,그렇게 느끼는 이유는 뭘까요?
514,재작성,신경 쓰이는 사람이 생기면 나도 모르게 달라지죠.,"자꾸 연락하기, 멀리서 지켜보기, 모른 척하기를 떠올려봐요.","그 마음이 걱정인지, 호감인지, 불편함인지 구분해볼까요?"
515,재작성,대화가 즐거운 사람에게는 공통점이 있어요.,"잘 들어주는 사람, 리액션이 좋은 사람, 관심사가 비슷한 사람을 떠올려봐요.",그 사람과 있을 때 나는 어떤 모습이에요?
517,재작성,나와의 약속은 나를 아끼는 방법 중 하나예요.,"건강, 쉼, 도전, 마음가짐 중에 떠올려봐요.",오늘부터 시작할 수 있는 아주 작은 행동 하나는 뭘까요?
518,재작성,고마움을 표현하는 방식에도 나다움이 담겨요.,"말, 메시지, 작은 선물, 행동을 떠올려봐요.",그 방식이 가장 나다운 이유는 뭐예요?
519,재작성,내가 누군가에게 힘이 된 순간은 오래 마음에 남아요.,"작은 배려, 들어준 이야기, 건넨 한마디를 떠올려봐요.",그 순간 내 마음은 어땠어요?
521,재작성,함께 있어서 편안한 순간에는 관계의 온도가 담겨 있어요.,"말없이 있어도 어색하지 않을 때, 같이 밥 먹을 때를 떠올려봐요.",그 편안함은 어디서 온다고 생각해요?
522,재작성,가까워지는 과정은 누구에게나 쉽지 않아요.,"먼저 연락하기, 속마음 꺼내기, 약속 잡기를 떠올려봐요.",그 어려움을 조금 덜 수 있는 방법이 있을까요?
523,재작성,대화에서 원하는 게 무엇인지 알면 마음이 편해져요.,해결 방법을 듣고 싶을 때와 마음을 알아주길 바랄 때를 떠올려봐요.,그걸 상대에게 먼저 말해본 적 있어요?
524,재작성,하고 싶은 말을 다루는 방식은 사람마다 달라요.,참았던 순간과 말했던 순간을 떠올려봐요.,참거나 말하고 나면 마음이 어떻게 달라져요?
525,재작성,미안함을 전하는 방식에도 나다움이 담겨 있어요.,"""미안해""라는 말과 작은 행동을 떠올려봐요.",그 방식이 상대에게 잘 전해진다고 느껴요?
526,재작성,관계 때문에 마음이 무거울 때가 있죠.,"대화하기, 거리 두기, 혼자 정리하기를 떠올려봐요.",그렇게 하면 마음이 가벼워지나요?
527,재작성,소중한 사람의 좋은 점을 떠올리면 마음이 따뜻해져요.,"다정함, 믿음직함, 유머, 한결같음을 떠올려봐요.",그 점이 나에게 소중한 이유는 뭐예요?
528,재작성,마음에 오래 남는 말은 나에게 필요한 말이기도 해요.,"누군가의 응원, 조언, 무심코 한 말을 떠올려봐요.",그 말이 오래 남은 이유는 뭘까요?
529,재작성,다른 사람의 마음을 읽는 정도는 사람마다 달라요.,"표정, 말투, 분위기의 변화를 알아챈 순간을 떠올려봐요.",그 감각이 나에게 어떤 의미인가요?
530,재작성,새로운 사람에게 다가가는 방식은 사람마다 달라요.,처음 만난 자리에서의 나를 떠올려봐요.,그렇게 하는 이유는 뭐라고 생각해요?
531,재작성,누군가를 웃게 하는 나만의 방식이 있어요.,"말장난, 리액션, 표정, 엉뚱한 행동을 떠올려봐요.",누군가 웃으면 내 기분은 어떻게 달라져요?
532,유지,,,
533,재작성,존재만으로도 감사한 사람이 있다는 건 큰 행운이에요.,"힘들 때 곁에 있어준 사람, 늘 한결같은 사람을 떠올려봐요.",그 감사한 마음을 표현해본 적 있어요?
534,재작성,말하는 온도에도 나만의 스타일이 있어요.,돌려 말하기와 바로 말하기를 떠올려봐요.,그 방식이 관계에 어떤 영향을 주나요?
535,재작성,문득 떠오르는 사람에게는 이유가 있어요.,"오랜 친구, 가족, 예전 동료를 떠올려봐요.",그 사람이 떠오르는 순간은 주로 언제예요?
536,재작성,소중한 사람과의 시간에는 좋아하는 장면이 있어요.,"함께 밥 먹을 때, 수다 떨 때, 말없이 걸을 때를 떠올려봐요.",그 순간이 특별한 이유는 뭘까요?
538,재작성,지나간 인연을 떠올리는 정도는 사람마다 달라요.,문득 생각나는 순간이 있는지 떠올려봐요.,"떠오를 때 드는 마음은 그리움인가요, 담담함인가요?"
539,재작성,어떤 사람은 내 삶에 오래 흔적을 남겨요.,"가족, 선생님, 친구, 책 속 인물을 떠올려봐요.",그 배움이 지금의 나에게 어떻게 남아 있나요?
540,재작성,아팠던 경험이 나를 단단하게 만들기도 해요.,"관계, 일, 선택에서 강해진 부분을 떠올려봐요.",그 단단함이 지금의 나에게 어떤 힘이 되나요?
541,재작성,하지 못한 말은 마음 한구석에 남아요.,"고마움, 미안함, 서운함 중에 떠올려봐요.",지금 그 말을 전할 수 있다면 어떻게 말하고 싶어요?
542,재작성,사람들이 자주 하는 말에 남들이 보는 내가 있어요.,"칭찬, 놀림, 특징을 짚는 말을 떠올려봐요.","그 말을 들으면 수긍이 되나요, 의외인가요?"
543,재작성,좋아하는 마음의 깊이는 사람마다 달라요.,좋아하는 사람이 생겼을 때의 나를 떠올려봐요.,"푹 빠질 때와 천천히 갈 때, 나는 어느 쪽이 편해요?"
544,재작성,좋은 친구라고 느끼는 순간에 우정의 모양이 보여요.,"힘들 때 곁에 있을 때, 같이 웃을 때, 솔직할 때를 떠올려봐요.",나도 누군가에게 그런 친구인가요?
545,재작성,작은 선물에도 고마운 마음을 담을 수 있어요.,"손편지, 커피 한 잔, 좋아하는 간식을 떠올려봐요.",그 선물을 고른 이유는 뭐예요?
547,재작성,닮은 점을 찾다 보면 나를 이해하게 되기도 해요.,"외모, 말투, 성격, 습관을 떠올려봐요.",그 닮은 점이 마음에 드나요?
548,재작성,닮은 점을 찾다 보면 나를 이해하게 되기도 해요.,"외모, 말투, 성격, 습관을 떠올려봐요.",그 닮은 점이 나에게 어떤 의미인가요?
549,유지,,,
550,재작성,가족과 함께하는 편안한 순간이 있어요.,"같이 밥 먹을 때, 여행할 때, 소파에 앉아 있을 때를 떠올려봐요.",그 순간이 편한 이유는 뭘까요?
552,재작성,어린 시절 놀이에는 그때의 즐거움이 담겨 있어요.,"숨바꼭질, 소꿉놀이, 게임, 그림 그리기를 떠올려봐요.",그 놀이가 좋았던 이유는 뭐예요?
554,재작성,좋아함과 사랑 사이에는 저마다의 기준이 있어요.,좋아하는 감정이 사랑으로 바뀌었다고 느낀 순간을 떠올려봐요.,그 차이는 무엇이라고 생각해요?
555,재작성,갈등을 푸는 속도는 사람마다 달라요.,바로 대화하기와 혼자만의 시간 갖기를 떠올려봐요.,상대와 푸는 방식이 다를 때는 어떻게 해요?
564,재작성,이상형도 시간이 지나며 바뀌곤 해요.,예전의 이상형과 지금의 이상형을 비교해봐요.,이상형이 바뀐 계기가 있다면 뭐예요?
566,재작성,사람을 알아가는 속도는 사람마다 달라요.,알수록 좋아진 사람과 첫인상이 그대로였던 사람을 떠올려봐요.,나는 첫인상을 얼마나 믿는 편이에요?
567,재작성,마음이 몽글몽글해지는 순간은 소중해요.,"예상치 못한 다정함, 귀여운 장면, 따뜻한 말을 떠올려봐요.",그런 온기를 더 자주 느끼려면 뭐가 필요할까요?
569,재작성,사랑의 순위에는 내가 지금 중요하게 여기는 것이 담겨 있어요.,"일, 가족, 친구, 나 자신과 비교해봐요.",그 순위가 된 이유는 뭐예요?
570,유지,,,
571,재작성,해보고 싶은 데이트에는 내가 바라는 연애가 담겨 있어요.,"피크닉, 여행, 집 데이트, 새로운 체험을 떠올려봐요.",그 데이트가 끌리는 이유는 뭐예요?
573,재작성,좋아했던 사람을 한 단어로 표현하면 그때의 내가 보여요.,"따뜻함, 설렘, 아픔, 성장 같은 단어를 떠올려봐요.",그 단어를 고른 이유는 뭐예요?
578,유지,,,
580,유지,,,
581,재작성,쉽게 굽히지 않는 주제에는 나의 신념이 담겨 있어요.,"정치, 연애관, 일하는 방식, 음식 취향을 떠올려봐요.",그 생각이 확고해진 이유는 뭐예요?
583,재작성,"편안함과 성장, 시기에 따라 원하는 게 달라져요.",지금의 나에게 필요한 게 뭔지 떠올려봐요.,그 선택이 요즘 끌리는 이유는 뭐예요?
584,재작성,여유가 생기면 챙기고 싶은 것에 요즘의 결핍이 보여요.,"잠, 운동, 사람, 취미를 떠올려봐요.",그걸 지금 조금이라도 챙길 방법이 있을까요?
587,재작성,간절히 원하는 것에는 지금의 내가 담겨 있어요.,"쉼, 성취, 관계, 변화 중에 떠올려봐요.",그걸 얻기 위해 할 수 있는 작은 일은 뭐예요?
588,유지,,,
589,재작성,돌아가고 싶은 때에는 그리운 무언가가 있어요.,"학창 시절, 특별했던 여행, 편안했던 시기를 떠올려봐요.",그때가 그리운 이유는 뭐예요?
590,재작성,시간은 생각보다 많은 걸 괜찮게 만들어줘요.,"걱정했던 일, 속상했던 일, 창피했던 일을 떠올려봐요.",괜찮아지기까지 나에게 도움이 된 건 뭐였어요?
591,재작성,잊고 싶은 기억을 다루는 방식은 사람마다 달라요.,"바쁘게 지내기, 털어놓기, 기록하기, 받아들이기를 떠올려봐요.","잊는 것과 받아들이는 것, 뭐가 다를까요?"
594,재작성,성공한 하루의 기준은 사람마다 달라요.,"할 일을 끝낸 날, 누군가를 도운 날, 푹 쉰 날을 떠올려봐요.",그 기준을 가지게 된 이유는 뭐예요?
595,재작성,꿈과 현실 사이에서 균형을 찾는 건 쉽지 않아요.,지금의 선택들이 어느 쪽에 가까운지 떠올려봐요.,"꿈을 위해 현실을, 현실을 위해 꿈을 어떻게 조절하고 있나요?"
598,유지,,,
604,재작성,자꾸 눈이 가는 주제에 내 관심사가 보여요.,"연예, 경제, 사회, 동물, 음식 소식을 떠올려봐요.",그 주제에 관심이 가는 이유는 뭐예요?
605,재작성,괜찮다는 말 뒤에 숨은 마음이 있을 때가 있죠.,"걱정 끼치기 싫을 때, 설명하기 귀찮을 때를 떠올려봐요.",진짜 괜찮아지려면 나에게 뭐가 필요할까요?
607,재작성,가끔은 나 자신을 꼭 안아주고 싶은 날이 있잖아요.,"지칠 때, 서운할 때, 애썼을 때를 떠올려봐요.",나를 위로할 때 가장 필요한 말 한마디는 무엇일까요?
608,재작성,더 채워지고 싶은 마음은 나에게 필요한 걸 알려줘요.,"사랑, 인정, 안정감, 여유 중에 떠올려봐요.",그 부분을 채우기 위해 할 수 있는 작은 일은 뭐예요?
609,재작성,자꾸 미루게 되는 일에는 이유가 있어요.,"연락, 정리, 병원, 공부 같은 일을 떠올려봐요.",미루게 되는 진짜 이유는 뭘까요?
610,재작성,생각이 바뀌는 건 내가 자라고 있다는 뜻이기도 해요.,"누군가 때문일 수도, 경험 때문일 수도 있죠.",생각이 바뀌면서 달라진 점이 있나요?
612,유지,,,
613,유지,,,
616,재작성,자존심을 대하는 방식은 사람마다 달라요.,자존심을 지킨 순간과 굽힌 순간을 떠올려봐요.,그 선택이 대체로 나에게 도움이 됐나요?
618,유지,,,
619,재작성,믿고 있던 게 흔들리면 누구나 당황하게 돼요.,"사람, 생각, 나 자신에 대한 믿음을 떠올려봐요.",흔들린 뒤 나는 어떻게 다시 중심을 잡아요?
622,재작성,덜어내면 가벼워지는 것들이 있어요.,"걱정, 욕심, 관계, 물건 중에 떠올려봐요.",비운 자리에 무엇을 채우고 싶어요?
623,재작성,망설이다가 해낸 일은 오래 뿌듯함으로 남아요.,"고백, 도전, 연락, 여행 같은 일을 떠올려봐요.",그때 나를 움직이게 한 건 뭐였어요?
624,재작성,새삼 깨닫는 것들이 삶을 조금씩 바꿔요.,"사람, 건강, 시간, 나 자신에 대한 깨달음을 떠올려봐요.",그 깨달음이 앞으로 어떤 영향을 줄까요?
625,재작성,예전보다 덤덤해진 일에서 나의 성장이 보여요.,예전엔 크게 흔들렸던 상황을 떠올려봐요.,나를 단단하게 만들어준 건 뭐라고 생각해요?
626,유지,,,
627,재작성,아쉬움이 남는 장면을 다시 떠올려보는 것도 의미 있어요.,"말, 선택, 시간 쓰는 방식 중에 떠올려봐요.",내일 비슷한 상황이 온다면 어떻게 해보고 싶어요?
628,재작성,눈치 보지 않고 정하고 싶은 것에 나의 진짜 바람이 있어요.,"옷, 시간, 진로, 쉬는 방식을 떠올려봐요.",그걸 내 마음대로 정한다면 어떤 기분일 것 같아요?
629,유지,,,
630,재작성,예전보다 나아진 점은 작아도 충분히 소중해요.,"습관, 말투, 마음가짐, 관계를 떠올려봐요.",그 변화를 만든 나의 노력은 뭐였어요?
631,재작성,자주 떠오르는 단어에 요즘의 내가 담겨 있어요.,"걱정, 기대, 계획, 사람 이름을 떠올려봐요.",그 단어가 자꾸 떠오르는 이유는 뭘까요?
632,재작성,어른이 되었다고 느끼는 순간은 사람마다 달라요.,"책임을 질 때, 감정을 다스릴 때, 부모님을 이해할 때를 떠올려봐요.","그 변화가 나를 더 편안하게 하나요, 어색한가요?"
633,재작성,원칙과 융통성 사이에서 나의 기준이 보여요.,규칙을 지킨 순간과 상황에 맞춰 바꾼 순간을 떠올려봐요.,그 방식이 나에게 잘 맞는 이유는 뭐예요?
635,재작성,너무 당연해서 잊고 있던 감사가 있어요.,"건강, 사람, 날씨, 작은 편리함을 떠올려봐요.",그 감사한 마음이 하루를 어떻게 바꿔주나요?
636,재작성,도움이 된 말은 오래 마음에 남아요.,"누군가의 조언, 책 속 문장, 우연히 들은 말을 떠올려봐요.",그 말이 도움이 된 이유는 뭘까요?
637,재작성,성장하는 방식은 사람마다 달라요.,혼자 파고들 때와 사람들과 부딪힐 때를 떠올려봐요.,그 방식이 나에게 맞는 이유는 뭐예요?
638,재작성,선택 뒤의 후회를 다루는 방식은 사람마다 달라요.,"충분히 고민하기, 결정 후 돌아보지 않기를 떠올려봐요.",그 방법이 나에게 도움이 되나요?
640,재작성,어떤 사람은 내 생각을 크게 바꿔놓아요.,"가족, 친구, 선생님, 책 속 인물을 떠올려봐요.",그 배움이 지금의 나를 어떻게 만들었나요?
641,재작성,오늘의 작은 습관이 10년 뒤의 나를 만들어요.,"운동, 기록, 저축, 잠 습관을 떠올려봐요.",그 습관을 이어가려면 뭐가 필요할까요?
642,재작성,실수를 대하는 방식은 사람마다 달라요.,실수한 뒤의 나를 떠올려봐요.,그 방식이 나에게 도움이 되나요?
643,재작성,반전 매력은 나를 더 입체적으로 보여줘요.,"겉모습과 다른 취향, 성격, 재주를 떠올려봐요.",그 매력을 알게 된 사람들은 어떤 반응이에요?
644,재작성,포기에도 여러 가지 마음이 담겨 있어요.,"아쉬움, 후련함, 미안함을 떠올려봐요.",포기가 나에게 도움이 된 적도 있나요?
645,유지,,,
646,재작성,더 나은 나를 위한 시도는 작을수록 시작하기 쉬워요.,"운동, 배우기, 기록, 정리를 떠올려봐요.",내일 당장 해볼 수 있는 가장 쉬운 방법은 뭘까요?
647,재작성,딱 하나만 챙긴다면 무엇이 가장 소중한지 보여요.,"추억이 담긴 물건, 꼭 필요한 물건을 떠올려봐요.",그 물건을 고른 이유는 뭐예요?
648,유지,,,
649,유지,,,
653,유지,,,
657,재작성,부러운 삶에는 내가 바라는 모습이 담겨 있어요.,"자유로운 삶, 여유로운 삶, 사랑받는 삶을 떠올려봐요.",그 삶의 어떤 점이 가장 부러워요?
658,유지,,,
660,유지,,,
661,유지,,,
689,재작성,"깊은 한 사람과 여러 사람, 우정의 모양은 저마다 달라요.",속을 다 아는 친구와 함께 어울리는 친구들을 떠올려봐요.,지금의 나에게 더 소중한 건 어느 쪽이에요?
697,재작성,좋은 일을 나누는 방식에도 나다움이 보여요.,바로 알리는 나와 조용히 간직하는 나를 떠올려봐요.,그렇게 하는 이유는 뭐라고 생각해요?
706,유지,,,
728,유지,,,
745,재작성,돈과 자유 사이 고민은 누구에게나 어려워요.,"시간의 자유와 경제적 여유, 뭐가 급한가요?",그런 상황이면 실제로 어떨 것 같아요?
748,재작성,"성장과 여유, 둘 다 포기하기 아까운 가치예요.",지금 당장의 여유와 앞으로의 성장 중 뭘 우선하나요?,지금 내 생활은 어느 쪽에 가까워요?
751,재작성,편함과 배움 사이의 고민은 자연스러워요.,지금의 편안함과 나중의 성장 중 뭘 우선하나요?,내 주변에는 어떤 사람이 더 많아요?
755,재작성,"존중받는 것과 편한 것, 둘 다 포기하기 아까운 가치예요.","인정받는 힘듦과 신경 쓰이지 않는 편안함, 뭘 원하나요?",지금의 나에게 더 필요한 건 어느 쪽이에요?
787,유지,,,
798,재작성,하고 싶은 일과 해야 하는 일 사이의 순서는 사람마다 달라요.,하루를 시작할 때 무엇부터 손이 가는지 떠올려봐요.,그 순서가 나에게 잘 맞는다고 느껴요?
802,재작성,책임의 무게와 안정감 사이 고민은 흔해요.,"내가 원하는 건 결정권인가요, 안정감인가요?",어떤 자리에서 내가 더 빛나는 것 같아요?
807,재작성,"일의 강도와 시간, 둘 다 하루를 좌우해요.","하루를 지키는 건 강도인가요, 시간인가요?",퇴근 후 삶이 나한테 얼마나 중요해요?
809,유지,,,
827,유지,,,
874,재작성,성장의 속도에도 나다움이 있어요.,꾸준한 한 걸음과 과감한 점프를 떠올려봐요.,요즘의 나는 어느 쪽에 더 가까워요?
875,재작성,결정하는 방식에는 나만의 편안함이 있어요.,혼자 고민해서 정하기와 함께 의논해서 정하기를 떠올려봐요.,중요한 결정일수록 나는 어느 쪽이 편해요?
