DB id,지금 관심사,제안 관심사,근거,모델 확률(제안),문구
278,가치관,관계,사람·모델,0.83,내가 주변 사람들에게 줄 수 있는 좋은 영향은 뭘까요?
295,가치관,관계,사람·모델,0.787,"힘든 시간을 보내고 있는 사람에게, 어떤 말을 건네고 싶나요?"
775,가치관,관계,사람·모델,0.776,배울 게 많은 사람과 편한 사람 중 누구와 함께하고 싶나요?
480,루틴,가치관,사람·모델,0.704,10년 후 나의 경제적 모습은 어떨 것 같나요?
708,루틴,가치관,사람·모델,0.703,당장 소원 하나와 10년 후 소원 세 개 중 뭐가 더 좋은가요?
1191,취향,관계,사람·모델,0.667,여러 사람과 무언갈 고를 때 내 취향을 먼저 말하는 편인가요?
256,가치관,취향,사람·모델,0.612,돈을 쓸 때 가장 아깝지 않은 곳은 어디인가요?
822,루틴,가치관,사람·모델,0.602,한 달의 자유 시간이 생긴다면 여행과 자기계발 중 무엇을 고를까요?
296,가치관,관계,사람·모델,0.58,나를 기억하는 사람들에게 어떤 인상을 남기고 싶나요?
660,가치관,관계,사람·모델,0.539,먼 훗날 사람들이 나를 어떻게 기억해주면 좋겠나요?
637,가치관,관계,사람·모델,0.538,"나는 혼자 배우며 크는 편인가요, 사람들 속에서 크는 편인가요?"
543,사랑,관계,사람·모델,0.527,인간적으로 반하게 되는 사람들의 매력은 무엇인가요?
267,가치관,관계,사람·모델,0.511,사람들에게 보여주고 싶은 나의 모습은 무엇인가요?
721,관계,사랑,사람·모델,0.505,연애는 SNS에 공개하는 것과 비공개로 두는 것 중 뭐가 더 편한가요?
1189,취향,관계,사람·모델,0.49,마음에 안 드는 선물을 받으면 따로 말을 하는 편인가요?
826,가치관,관계,사람·모델,0.473,리더와 팔로워 중 어느 쪽에 더 가까운가요?
109,루틴,취향,사람·모델,0.468,매일 사용하는 물건 중 가장 아끼는 것은 무엇인가요?
1188,취향,관계,사람·모델,0.46,친구 취향과 내 취향이 충돌할 때 어느쪽을 주로 따르는 편인가요?
1192,취향,관계,사람·모델,0.426,추천받은 맛집이 별로일 때 솔직히 말하는 편인가요?
1190,취향,관계,사람·모델,0.413,약속 장소는 내가 먼저 제안하는 편인가요?
1161,관계,루틴,사람·모델,0.388,"약속은 미리 잡는 편인가요, 즉흥적으로 만나는 편인가요?"
1193,취향,관계,사람·모델,0.341,"식당 후기를 쓸 때 솔직하게 쓰나요, 좋게 쓰려고 노력하나요?"
813,가치관,관계,사람·모델,0.33,관계 문제는 커플 상담과 자기계발서 중 뭐가 더 효과적인가요?
574,가치관,관계,사람·모델,0.253,남의 시선을 얼마나 의식하나요?
816,가치관,관계,사람 분류,0.405,사람을 만나면 일단 믿는 것과 의심하는 것 중 뭐가 더 나에게 맞나요?
585,가치관,감정,사람 분류,0.372,"나에게 엄격한 편인가요, 관대한 편인가요?"
640,가치관,관계,사람 분류,0.318,나의 생각을 가장 크게 바꾼 사람에게 배운 것은 무엇인가요?
831,가치관,루틴,사람 분류,0.31,"일과 삶의 경계가 확실한 게 좋나요, 유연한 게 좋나요?"
529,관계,감정,사람 분류,0.289,다른 사람의 감정을 잘 알아채는 편인가요?
667,사랑,가치관,사람 분류,0.278,최근에 나의 한계를 느꼈던 적이 있나요?
768,가치관,관계,사람 분류,0.277,매번 늦는 사람과 재촉하는 사람 중 누가 더 미운가요?
416,루틴,가치관,사람 분류,0.271,워라밸이 얼마나 중요한가요?
473,루틴,취향,사람 분류,0.256,물건을 살 때 포기 못하는 기준은 무엇인가요?
767,가치관,관계,사람 분류,0.25,대화를 주도하는 것과 경청하는 것 중 뭐가 더 편한가요?
1094,루틴,감정,사람 분류,0.249,혼자 생각에 잠기는 시간이 많은 편인가요?
582,가치관,감정,사람 분류,0.248,"내 한계를 인정하는 게 쉬운가요, 어려운가요?"
870,가치관,관계,사람 분류,0.244,웃긴 사람과 똑똑한 사람 중 누가 더 끌리나요?
113,루틴,감정,사람 분류,0.242,스트레스가 쌓이면 나도 모르게 하는 행동은 무엇인가요?
680,사랑,취향,사람 분류,0.241,비 올 때 듣고 싶은 노래가 있나요?
513,관계,감정,사람 분류,0.241,외로움이 밀려올 때 어떻게 행동하나요?
144,가치관,관계,사람 분류,0.231,남들이 보는 나는 어떤 사람일까요?
1194,취향,관계,사람 분류,0.221,"여행 계획을 정할 때 주로 의견을 내나요, 따라가는 편인가요?"
1140,가치관,감정,사람 분류,0.214,"완벽하게 하고 싶은 마음은 잘하고 싶어서인가요, 실수가 싫어서인가요?"
920,관계,감정,사람 분류,0.211,누군가 나를 싫어한다는 걸 알면 얼마나 신경 쓰이나요?
670,루틴,감정,사람 분류,0.207,화가 날 때 마음을 풀기 위해 무엇을 하나요?
928,관계,감정,사람 분류,0.207,"상대의 짧은 답장, 그냥 넘기나요 괜히 신경 쓰이나요?"
384,루틴,감정,사람 분류,0.185,나도 이해할 수 없는 내 모습은 무엇인가요?
298,가치관,관계,사람 분류,0.182,남과 나를 비교하게 될 때 어떤 생각이 드나요?
676,사랑,감정,사람 분류,0.181,최근에 누군가를 용서한 적이 있나요?
418,루틴,취향,사람 분류,0.181,오래 쓰는 물건에 정이 드는 편인가요? 
715,가치관,관계,사람 분류,0.18,두려움의 대상과 사랑받는 사람 중 누가 더 되고 싶나요?
314,취향,루틴,사람 분류,0.176,여행 갈 때 계획파인가요 무계획파인가요?
174,관계,감정,사람 분류,0.166,관계에서 오는 스트레스를 어떻게 해결하나요?
619,가치관,관계,사람 분류,0.158,믿음이 가장 크게 무너졌던 순간은 언제였나요?
786,가치관,관계,사람 분류,0.152,한 사람을 깊이 돕는 것과 백 명을 조금씩 돕는 것 중 뭐가 더 의미 있나요?
866,가치관,사랑,사람 분류,0.142,꿈꾸던 일과 진정한 사랑 중 뭐가 더 이루고 싶나요?
1195,취향,관계,사람 분류,0.142,다수결로 내 취향이 밀렸을 때 다시 한 번 어필해 보는 편인가요?
843,가치관,관계,사람 분류,0.135,사람들의 속마음을 아는 것과 모르는 것 중 뭐가 더 편안한가요?
887,가치관,관계,사람 분류,0.115,완전히 이해받는 것과 있는 그대로라도 받아들여지는 것 중 뭐가 더 필요한가요?
794,가치관,관계,사람 분류,0.109,가장 인기 있는 사람과 가장 똑똑한 사람 중 누가 더 되고 싶나요?
467,루틴,취향,사람 분류,0.107,운동할 때 혼자하는 것과 같이 하는 것 중 무엇이 더 좋은가요?
590,가치관,감정,사람 분류,0.093,"과거에 받은 상처 중 아직 아물지 않은 게 있다면, 어떤 건가요?"
79,감정,가치관,사람 분류,0.089,행복의 기준이 있다면 무엇인가요?
720,가치관,관계,사람 분류,0.085,삶에서 일과 가족 중 뭐가 더 우선인가요?
830,가치관,관계,사람 분류,0.077,혼자 일하는 것과 팀으로 일하는 것 중 뭐가 더 잘 맞나요?
876,가치관,관계,사람 분류,0.076,항상 이해받는 것과 인정받는 것 중 뭐가 더 좋은가요?
836,가치관,관계,사람 분류,0.06,하루 종일 말하는 것과 듣기만 하는 것 중 뭐가 더 나다운가요?
890,가치관,관계,사람 분류,0.054,가짜 모습으로 사랑받는 것과 미움받아도 진짜 나로 사는 것 중 뭐가 더 끌리나요?
834,가치관,관계,사람 분류,0.049,싫은 상사와 일하는 것과 친한 동료와 떨어지는 것 중 뭐가 더 나은가요?
803,가치관,루틴,사람 분류,0.041,촘촘한 계획과 순간의 마음을 따르는 것 중 뭐가 더 나에게 맞나요?
741,가치관,관계,사람 분류,0.03,내 뜻대로 하는 힘과 모두에게 믿음받는 것 중 뭐가 더 나은가요?
812,가치관,관계,사람 분류,0.016,남의 조언을 받아들이는 것과 내 판단만 믿는 것 중 뭐가 더 나은가요?
693,취향,가치관,문구 모델,0.951,예술 없는 삶과 과학 없는 삶 중 뭐가 더 힘드나요?
568,사랑,관계,문구 모델,0.901,지금까지 만난 사람들의 공통점은 무엇인가요?
43,취향,가치관,문구 모델,0.884,나의 인생책은 무엇인가요?
691,취향,가치관,문구 모델,0.872,작은 도시에서 사는 것과 대도시에서 사는 것 중 뭐가 더 나에게 맞나요?
15,취향,루틴,문구 모델,0.861,주말 아침에 가장 하고 싶은 일은 무엇인가요?
700,감정,가치관,문구 모델,0.817,내 감정을 다스리는 것과 생각을 다스리는 것 중 뭐가 더 하고 싶나요?
1129,취향,가치관,문구 모델,0.793,평생 여름과 평생 겨울 중 뭐가 더 나은가요?
695,취향,가치관,문구 모델,0.788,물건을 소유하는 삶과 경험을 쌓는 삶 중 뭐가 더 남나요?
706,루틴,가치관,문구 모델,0.774,10분 늦는 것과 20분 일찍 오는 것 중 뭐가 더 편한가요?
705,루틴,가치관,문구 모델,0.766,복잡해도 빠른 출근길과 여유롭지만 긴 출근길 중 뭐가 더 나은가요?
696,취향,가치관,문구 모델,0.763,스트레스 없는 삶과 지루함 없는 삶 중 뭐가 더 끌리나요?
1074,감정,관계,문구 모델,0.762,친구가 나와 같은 실수를 했다면 친구에게 뭐라고 말해줄까요?
941,취향,가치관,문구 모델,0.758,유행하는 것과 나만 아는 것 중 뭐가 더 끌리나요?
492,루틴,가치관,문구 모델,0.749,일과 삶의 균형을 위해 노력하고 있는 건 무엇인가요?
692,취향,가치관,문구 모델,0.739,전기·인터넷 같은 기술을 포기하는 것과 영화·TV·책 같은 오락을 포기하는 것 중 뭐가 덜 아쉬운가요?
689,취향,가치관,문구 모델,0.734,인터넷 없이 사는 것과 냉난방 없이 사는 것 중 뭐가 더 나은가요?
454,루틴,가치관,문구 모델,0.733,"잘하고 싶은 마음 vs 해야 하는 마음, 뭐가 더 크나요?"
657,가치관,관계,문구 모델,0.724,이 세상에서 가장 부러운 사람은 누구인가요?
698,감정,가치관,문구 모델,0.72,몸의 아픔을 못 느끼는 것과 마음의 아픔을 못 느끼는 것 중 뭐가 더 나은가요?
915,감정,루틴,문구 모델,0.715,"머리가 복잡할 때 몸을 움직이나요, 가만히 쉬나요?"
694,취향,가치관,문구 모델,0.704,단순하게 사는 것과 복잡해도 풍부하게 사는 것 중 뭐가 더 나다운가요?
145,루틴,가치관,문구 모델,0.701,나에게 '규칙적인 하루'란 어떤 건가요?
