질문 ID,원인 진단,수정 원칙,수정안 1 (권장),수정안 2 (대안)
528,오늘 대화가 없었다면 답할 수 없음 + 예/아니오로 끝나는 닫힌 질문,시점 중립화 + 열린 질문,진심이 닿았다고 느끼는 대화는 어떤 대화인가요?,최근 대화 중 마음에 오래 남은 한마디는 무엇인가요?
333,'오늘' 재료가 부족한 시점에 노출 + 감각 기억을 요구,시점 중립화 + 최애형 전환,가장 좋아하는 소리나 향기는 무엇인가요?,맡으면 기분이 좋아지는 향기가 있나요? 없다면 좋아하는 소리를 알려주세요.
347,오늘 + 경험 전제 + 추상적 표현('속으로 안아준')의 3중 장벽,구체 행동으로 바꾸고 전제 제거,힘든 날 나를 달래주는 나만의 방법은 무엇인가요?,스스로에게 가장 자주 해주는 위로의 말은 무엇인가요?
353,하루가 끝나지 않은 시점에는 칭찬할 거리가 없음,시점 중립화 (시점 없는 성향형 우선),내가 나에게 가장 듣고 싶은 칭찬은 무엇인가요?,요즘의 나에게 칭찬 한 마디를 해준다면 무엇일까요?
338,'새로 알게 된 것'이 없을 가능성이 높음 + 이중 조건(알게 된 것 중 더 궁금해진 것),시점 중립화 + 조건 하나로 축소 (시점 없는 성향형 우선),더 깊이 알고 싶은 분야나 주제는 무엇인가요?,요즘 가장 궁금한 건 무엇인가요?
623,오늘 + '선택'이라는 추상 단위를 떠올리기 어려움,최근 범위로 넓히고 구체화 (시점 없는 성향형 우선),망설이다가 해서 다행이었던 일은 무엇인가요?,최근 내가 내린 선택 중 잘했다 싶은 건 무엇인가요?
335,오늘 소비가 없으면 답 불가 + '가심비' 개념 해석 부담,범위 확대 + 쉬운 표현,돈이 아깝지 않았던 소비는 무엇인가요?,적은 돈으로 큰 만족을 얻었던 것은 무엇인가요?
362,오늘 + 경험 전제 + 추상 은유('감정의 온도'),성향형으로 전환,기분이 갑자기 바뀌는 순간은 주로 언제인가요?,내 기분을 한순간에 바꿔놓는 것은 무엇인가요?
536,'이번 주'로 기간이 좁음 + 특정 인물·만남 전제 + 청유형이라 질문처럼 읽히지 않음,기간 제거 + 인물 전제 완화,소중한 사람과 함께할 때 가장 좋아하는 순간은 언제인가요?,소중한 사람과 꼭 다시 하고 싶은 일은 무엇인가요?
450,'나만의 방법'이 있어야 답할 수 있음,경험 전제 제거 + 선택지형,"집중이 안 될 때 잠깐 쉬는 편인가요, 억지로라도 버티는 편인가요?",집중이 안 될 때 가장 먼저 하는 행동은 무엇인가요?
43,독서 습관 전제 + '딱 한 권' 결정 부담,대상 확장(책 → 콘텐츠),딱 하나만 평생 다시 볼 수 있다면 어떤 책·영화·드라마를 고를까요?,인생 책이나 인생 영화가 있다면 무엇인가요? 없다면 가장 최근에 본 것을 알려주세요.
127,운동 습관 전제 + '주문' 은유,대상 확장 + 전제 제거,하기 싫은 일을 할 때 나를 움직이게 하는 한마디는 무엇인가요?,"운동이든 공부든 하기 싫을 때 나를 움직이는 건 보상인가요, 의무감인가요?"
507,가족 갈등 노출 부담 + 경험 전제,부정 프레임을 성향형으로 완화,가족에게 가장 솔직해지기 어려운 부분은 무엇인가요?,가족과 나의 가장 다른 점은 무엇인가요?
325,시 읽는 습관 전제 (특정 활동),대상 확장,마음에 오래 남은 문장은 무엇인가요? 책·노래·대사 무엇이든 좋아요.,좋아하는 노래 가사 한 줄은 무엇인가요?
110,아침 음악 습관 전제 + 쉼표 복문,전제 제거 + 짧게,아침에 가장 먼저 하는 일은 무엇인가요?,하루를 기분 좋게 시작하게 해주는 것은 무엇인가요?
356,오늘 + '있다면' 전제. 레벨1인데도 장벽 높음,최근으로 넓히고 전제 제거,요즘 나를 웃게 만드는 작은 행복은 무엇인가요?,최근에 기분이 좋아졌던 사소한 순간은 언제인가요?
354,오늘 하루가 진행 중이면 그래프를 그릴 수 없음 + 시각화 요구 부담,시점 이동 + 단순화,요즘 내 기분을 날씨로 표현하면 어떤 날씨인가요?,이번 주 내 기분을 한 단어로 표현하면 무엇인가요?
360,오늘 + 은유('단골손님처럼') 해석 부담,시점 중립화 + 직설,요즘 가장 자주 느끼는 감정은 무엇인가요?,요즘 내 마음에 가장 오래 머무는 감정은 무엇인가요?
337,예/아니오 닫힌 질문 + 오늘 쉬지 못한 사람은 할 말이 없음,열린 질문 + 성향형,나에게 진짜 휴식은 어떤 모습인가요?,쉬는 날 가장 하고 싶은 일은 무엇인가요?
365,오늘 + 부정 감정을 곱씹게 함,시점 중립화,나를 가장 쉽게 지치게 만드는 것은 무엇인가요?,에너지가 빨리 닳는 상황은 주로 어떤 때인가요?
38,전시회 관람 경험 전제 (특정 활동),대상 확장,좋아하는 것을 감상할 때 나는 어떻게 즐기나요? 전시·영화·음악 무엇이든 좋아요.,"좋아하는 것을 즐길 때 혼자가 좋나요, 함께가 좋나요?"
332,오늘 + 식사 전 노출 시 답 불가 (레벨1이지만 낮음),최애형 전환,기분까지 충전해주는 나만의 소울푸드는 무엇인가요?,지친 날 가장 먹고 싶은 음식은 무엇인가요?
519,예/아니오 닫힌 질문 + 타인 반응을 알아야 답할 수 있음,자기 관찰형으로 전환,내가 누군가에게 힘이 되었다고 느낀 순간은 언제인가요?,주변 사람들이 나에게 자주 고마워하는 것은 무엇인가요?
369,오늘 + '필사적으로' 과한 강도 표현,시점 중립화 + 강도 완화,가장 마주하기 싫은 감정은 무엇인가요?,피하고 싶은 감정이 들 때 나는 주로 어떻게 하나요?
170,특정 인물 지목 (관계 카테고리 '누구' 질문 답변율 28%),인물 대신 특성 묻기,나를 잘 이해해주는 사람들은 어떤 공통점을 가졌나요?,누군가 나를 이해해준다고 느끼는 순간은 언제인가요?
192,추상적 + 타인에게 기대하는 말을 떠올리기 어려움,구체화 (시점 없는 성향형 우선),들으면 힘이 나는 말은 무엇인가요?,요즘 누군가에게 가장 듣고 싶은 말은 무엇인가요?
331,SNS 사용 전제 + 두 질문 연결(복문),단일 질문 + 전제 제거,기록으로 남기고 싶은 순간은 주로 어떤 때인가요?,사진으로 가장 많이 남기는 것은 무엇인가요?
542,타인 피드백 경험 전제,자기 관찰형으로 전환,사람들이 나에 대해 자주 하는 말은 무엇인가요?,나의 첫인상과 실제 모습은 어떻게 다른가요?
36,요리 습관 전제 (특정 활동),대상 확장 + 최애형,자신 있게 만들 수 있는 음식이 있나요? 없다면 가장 좋아하는 음식을 알려주세요.,나만 아는 맛있는 조합이 있나요? 라면 레시피도 좋아요.
49,메타 상상(나에 대한 책) + 제목 짓기 창작 부담,창작 부담 완화,지금의 나를 한 단어로 표현한다면 무엇일까요?,내 인생을 영화 장르로 표현한다면 어떤 장르일까요?
67,최근 + 경험 전제 + 부정 감정 노출 부담,성향형으로 전환,나는 주로 어떤 상황에서 질투를 느끼나요?,질투가 날 때 나는 어떻게 반응하는 편인가요?
315,공부 습관 전제 (특정 활동),대상 확장,새로운 걸 배울 때 나에게 맞는 방식은 무엇인가요?,"혼자 익히는 편인가요, 누군가에게 배우는 편인가요?"
357,경험 전제 + 앞부분 조건이 김,성향형으로 전환 + 짧게,기분이 처질 때 나를 살려내는 것은 무엇인가요?,기분 전환이 필요할 때 가장 먼저 찾는 것은 무엇인가요?
798,여행·커리어 양쪽 전제 + 가정 조건이 앞에 붙어 복잡,조건 제거 + 일반화,지금 하고 싶은 일과 해야 하는 일 중 무엇을 먼저 하나요?,한 달의 자유 시간이 생긴다면 여행과 자기계발 중 무엇을 고를까요?
63,'내일 설레는 일'이 없으면 교체 + 경험 전제,범위 확대 (시점 없는 성향형 우선),다가오는 일 중 가장 기대되는 것은 무엇인가요?,요즘 기다려지는 일은 무엇인가요?
191,부정적 특정 인물 지목 → 방어적 회피,인물 → 관계 유형,나를 지치게 하는 관계는 어떤 모습인가요?,관계에서 가장 힘든 순간은 언제인가요?
56,오늘 + 들은 말이 없으면 답 불가,시점 중립화,들으면 기운이 나는 말은 무엇인가요?,힘들 때 떠올리는 말이나 문장이 있나요?
138,취미 시작 경험 전제 + '과정' 추상적,선택지형으로 쉽게,"새로운 걸 시작할 때 일단 해보는 편인가요, 충분히 알아보고 시작하는 편인가요?",요즘 새로 해보고 싶은 것은 무엇인가요?
167,특정 인물 지목 (관계 카테고리),인물 → 특성,나와 유머 코드가 잘 맞는 사람은 어떤 사람인가요?,나를 가장 크게 웃게 만드는 건 어떤 유머인가요?
632,최근 + 경험 전제 + 문장 길이,시점 제거 + 짧게,어른이 되었다고 느끼는 순간은 언제인가요?,어른이 되어서 좋은 점은 무엇인가요?
306,최근 구매가 없으면 답 불가,범위 확대,지금까지 산 것 중 가장 만족스러운 건 무엇인가요?,돈이 아깝지 않았던 물건은 무엇인가요?
471,기록 습관 전제,전제 제거 + 성향형,작은 성취를 느낄 때 나는 어떻게 스스로를 챙기나요?,스스로 뿌듯함을 느끼는 순간은 언제인가요?
119,'지키는 습관'이 있어야 함 + 추천이라는 이중 요구,조건 하나로 축소,꾸준히 이어가고 있는 습관은 무엇인가요? 작은 것도 좋아요.,갖고 싶은 습관 하나를 고른다면 무엇인가요?
605,경험 전제 + 부정 감정 노출 부담,성향형으로 전환,괜찮지 않을 때도 '괜찮아'라고 말하는 편인가요?,속마음을 털어놓기 어려운 순간은 언제인가요?
129,기념일 의례 전제,전제 제거 + 최애형,가장 좋아하는 기념일은 무엇인가요?,특별한 날을 보내는 나만의 방식은 무엇인가요?
50,취향 변화 경험 전제,선택지형 대안 제공,예전과 비교해 가장 많이 바뀐 내 취향은 무엇인가요?,변하지 않고 오래 좋아한 것은 무엇인가요?
453,경험 전제 + 원인 분석까지 요구(이중 질문),질문 하나로 축소,마음 편히 쉬기 어려울 때는 언제인가요?,쉬면서도 마음이 편하려면 무엇이 필요한가요?
60,'지금 당장 하고 싶은 말'이 없으면 교체 + 대상 불명확,대상 명시,지금 누군가에게 전하고 싶은 말은 무엇인가요?,지금의 나에게 해주고 싶은 말은 무엇인가요?
93,존재론적 무게 + 경험 전제 → 즉시 답하기 부담,강도 완화 + 구체화,살아있길 잘했다 싶은 작은 순간은 언제인가요?,나를 살아있다고 느끼게 하는 것은 무엇인가요?
419,'꼭 하는 일' 전제 (루틴이 없으면 답 불가),전제 제거,잠들기 전 주로 무엇을 하나요?,잠들기 전 가장 좋아하는 시간은 어떤 시간인가요?
386,힘든 일이 없으면 답 불가 + 즉시 무거운 고백 요구,성향형 전환 + 강도 완화 (시점 없는 성향형 우선),힘든 일이 생기면 나는 주로 어떻게 버티나요?,요즘 마음을 무겁게 하는 것이 있다면 무엇인가요? 없다면 요즘 마음이 가벼운 이유를 알려주세요.
350,예/아니오 닫힌 질문 + 경험 전제,열린 성향형으로 전환,몸과 마음이 기분 좋게 늘어지는 순간은 언제인가요?,나를 가장 편안하게 풀어주는 시간은 언제인가요?
252,'나만의 문장'이 없으면 답 불가,출구 제공,지칠 때 힘이 되는 말은 무엇인가요? 책·노래·누군가의 말 무엇이든 좋아요.,스스로에게 자주 하는 응원의 말은 무엇인가요?
263,'나만의 마음가짐' 전제,전제 제거,매일 잊지 않으려는 마음가짐은 무엇인가요?,하루를 잘 보냈다고 느끼게 하는 기준은 무엇인가요?
280,두 질문 연결 + 균형을 스스로 진단해야 함,하나로 축소 + 선택지,요즘 내 일상은 일과 쉼 중 어느 쪽으로 기울어 있나요?,요즘 일상에서 더 늘리고 싶은 시간은 무엇인가요?
288,행동 전제 + 도덕적 부담(없으면 민망함),전제 제거 + 부담 완화,더 나은 세상을 위해 해보고 싶은 작은 일은 무엇인가요?,내가 지키려고 하는 작은 규칙이 있다면 무엇인가요? 분리수거도 좋아요.
291,'~다면'이 두 번 겹친 이중 조건,조건 하나로 축소,과거로 돌아가 딱 하나를 바꿀 수 있다면 무엇을 바꾸고 싶나요?,그때 다른 선택을 했다면 어땠을까 싶은 순간은 언제인가요?
300,'~있다면' 전제 (대부분 있으므로 경미),경미 수정: 전제 제거,인생에서 꼭 한 번은 경험하고 싶은 순간은 무엇인가요?,버킷리스트 1순위는 무엇인가요?
578,예/아니오 닫힌 질문,열린 질문 전환,나에게 좀 더 다정해지고 싶은 순간은 언제인가요?,스스로에게 가장 엄격해지는 순간은 언제인가요?
580,'~있다면' 전제 (대부분 있으므로 경미),경미 수정: 전제 제거,딱 하나 바꿀 수 있다면 바꾸고 싶은 나의 모습은 무엇인가요?,더 키우고 싶은 나의 모습은 무엇인가요?
581,자기 약점 인정 요구 + 전제,성향형 전환,내 생각을 쉽게 굽히지 않는 주제는 무엇인가요?,"의견이 부딪힐 때 나는 끝까지 설득하는 편인가요, 한발 물러서는 편인가요?"
583,추상 개념(편안함-성장) + 경험 전제,선택지형,편안함과 성장 중 요즘의 나는 어느 쪽을 더 원하나요?,성장을 위해 불편함을 감수했던 적이 있나요? 없다면 감수하고 싶은 불편함을 알려주세요.
584,'놓치고 있는 것'은 자각하기 어려움,구체화 (시점 없는 성향형 우선),여유가 생기면 가장 먼저 챙기고 싶은 것은 무엇인가요?,요즘 너무 바빠서 미뤄두고 있는 것은 무엇인가요?
588,예/아니오로 끝남 + 인용문 포함 길이,열린 질문 + 짧게,과거의 나에게 '괜찮아'라고 말해주고 싶은 순간은 언제인가요?,과거의 나에게 한마디 할 수 있다면 무슨 말을 하고 싶나요?
589,예/아니오 닫힌 질문,열린 질문 전환,과거로 돌아갈 수 있다면 언제로 돌아가고 싶나요?,다시 한번 살아보고 싶은 시절은 언제인가요?
590,아물지 않은 상처 고백 요구 (무게 과다),강도 완화 + 회복 관점,시간이 지나 괜찮아진 일 중 기억에 남는 것은 무엇인가요?,마음의 상처가 회복될 때 나에게 가장 도움이 되는 것은 무엇인가요?
591,부정 기억 소환 + 전제,종류만 묻도록 부담 완화,잊고 싶은 기억이 생기면 나는 주로 어떻게 하나요?,오래 간직하고 싶은 기억은 어떤 종류인가요?
604,뉴스를 안 보면 답 불가 + 최근 제한,기간 제거 + 대상 확장 (시점 없는 성향형 우선),뉴스나 SNS에서 보면 꼭 클릭하게 되는 주제는 무엇인가요?,요즘 가장 관심 가는 세상 소식이나 이슈는 무엇인가요?
608,'결핍' 단어의 무게 + 전제,표현 완화 (시점 없는 성향형 우선),지금의 나에게 가장 필요한 것은 무엇인가요?,요즘 마음이 더 채워졌으면 하는 부분은 무엇인가요?
609,회피 인정 요구 + 맞춤법('있는게'),표현 완화 + 맞춤법 수정,자꾸 미루게 되는 일은 무엇인가요?,마주하기 싫어서 잠시 모른 척하고 있는 일이 있나요? 작은 것도 좋아요.
610,최근 + 전제 (관측 성과는 양호),경미 수정: 기간 제거,생각이 바뀐 주제 중 가장 기억에 남는 것은 무엇인가요?,예전과 지금 생각이 가장 달라진 주제는 무엇인가요?
612,전제형이지만 대부분 답할 수 있음,경미 수정: 전제 제거,절대 바뀌지 않을 것 같은 내 생각은 무엇인가요?,어떤 일이 있어도 지키고 싶은 신념은 무엇인가요?
613,전제 + 문장 김,짧게,예전엔 중요했지만 지금은 아닌 것은 무엇인가요?,나이 들며 중요해진 것은 무엇인가요?
616,자존심 때문에 놓친 경험 전제,성향형 전환,"자존심 때문에 손해를 보는 편인가요, 자존심을 쉽게 굽히는 편인가요?",자존심보다 더 중요한 것은 무엇인가요?
618,전제형,경미 수정,예전보다 조심스러워진 부분은 무엇인가요?,나이가 들며 더 대담해진 부분은 무엇인가요?
619,확신 붕괴 경험 전제 + 무게,성향형 전환,믿고 있던 게 흔들릴 때 나는 어떻게 하나요?,쉽게 흔들리지 않는 나의 믿음은 무엇인가요?
622,'과감히 덜어내기로 한 것'이 있어야 함,기간 제거 + 희망형,내 인생에서 덜어내고 싶은 것은 무엇인가요?,정리하고 나서 오히려 편해진 것은 무엇인가요?
624,이번 주 + 의인화('주가 건네준 교훈'),기간 확장 + 쉬운 말,요즘 새삼 깨달은 것은 무엇인가요?,최근에 배운 작은 교훈은 무엇인가요?
625,조건이 긴 문장 + 예/아니오,짧게 + 열린 질문,예전보다 덤덤해진 일은 무엇인가요?,예전엔 크게 흔들렸지만 지금은 괜찮은 일은 무엇인가요?
626,오늘 기반,시점 중립화,요즘 나를 움직이게 하는 가장 큰 동력은 무엇인가요?,아침에 나를 일어나게 하는 이유는 무엇인가요?
627,오늘 기반 + 하루가 끝나지 않으면 답 불가,시점 이동 + 저녁 노출,하루를 다시 산다면 무엇을 다르게 하고 싶나요? (저녁 노출 권장),다시 살아보고 싶은 하루는 언제인가요?
628,오늘 기반 + 문장 김,시점 중립화,누구 눈치도 보지 않고 내 마음대로 정하고 싶은 것은 무엇인가요?,남의 시선보다 내 마음을 따르는 편인가요?
629,전제형,경미 수정,예전엔 당연했는데 지금은 다르게 보이는 것은 무엇인가요?,어른이 되어 생각이 바뀐 것은 무엇인가요?
633,오늘 + 원칙을 지켰다는 전제,시점 중립화 + 전제 제거,내가 꼭 지키려고 하는 원칙은 무엇인가요?,원칙과 융통성 중 나는 어느 쪽에 더 가깝나요?
636,이번 주 + '인생의 힌트' 추상적,기간 확장 + 구체화,요즘 나에게 도움이 된 말이나 조언은 무엇인가요?,요즘 새롭게 알게 된 것 중 가장 쓸모 있는 것은 무엇인가요?
641,오늘 + 미래 추론까지 이중 부담,시점 중립화 + 단순화 (시점 없는 성향형 우선),10년 뒤 나에게 고마울 습관은 무엇일까요?,미래의 나를 위해 요즘 하고 있는 작은 일은 무엇인가요?
642,오늘 시련·실수 전제,시점 중립화 + 성향형,"실수에서 배우는 편인가요, 금방 잊는 편인가요?",실수하고 나서 나를 다독이는 방법은 무엇인가요?
643,이번 주 + 새로운 발견 전제,기간 확장 (시점 없는 성향형 우선),사람들이 잘 모르는 나의 반전 매력은 무엇인가요?,요즘 새롭게 발견한 나의 의외의 면은 무엇인가요?
645,전제형 (관측 성과 양호),경미 수정: 전제 제거,성장했다고 느낀 순간은 언제인가요?,예전의 나와 비교해 가장 성장한 부분은 무엇인가요?
646,요즘 + 시도 전제 + 문장 김,전제 제거 + 짧게,더 나은 나를 위해 해보고 싶은 것은 무엇인가요?,요즘 나를 위해 투자하고 있는 것은 무엇인가요?
647,문장이 매우 김(60자+) + 조건 과다,조건 축약,불이 나서 딱 하나만 챙길 수 있다면 무엇을 가지고 나올까요?,절대 잃어버리고 싶지 않은 물건은 무엇인가요?
648,전제형,경미 수정,절대 장난스럽게 말할 수 없는 주제는 무엇인가요?,가볍게 넘기지 못하는 주제는 무엇인가요?
649,예/아니오 + 죽음 주제 (관측 성과 양호),유지 검토: 경미 수정,내가 어떻게 생을 마무리할지 상상해본 적 있나요? 떠오르는 장면을 알려주세요.,인생의 마지막 장면에 꼭 있었으면 하는 것은 무엇인가요?
653,전제형이지만 대부분 답할 수 있음,경미 수정,능력과 상관없이 해보고 싶은 직업은 무엇인가요?,하루만 다른 직업으로 살 수 있다면 무엇을 해보고 싶나요?
658,미신을 안 믿으면 답 불가,출구 제공,은근히 신경 쓰이는 미신이나 징크스가 있나요? 없다면 재밌다고 생각하는 미신을 알려주세요.,운이나 징크스를 믿는 편인가요?
745,회사원 전제 (학생·구직자는 몰입 어려움),상황 일반화,하기 싫은 일로 월 600을 버는 것과 자유롭게 지내며 월 200을 받는 것 중 뭐가 더 나은가요?,돈과 자유 중 지금의 나에게 더 중요한 것은 무엇인가요?
748,회사원 전제,상황 일반화,바쁘지만 성장하는 곳과 여유롭지만 성장 없는 곳 중 어디가 더 나은가요?,성장과 여유 중 요즘 더 필요한 것은 무엇인가요?
751,상사 전제,대상 일반화,배울 게 많은 사람과 편한 사람 중 누구와 함께하고 싶나요?,함께 일하거나 공부할 때 편한 사람과 배울 게 많은 사람 중 누가 좋나요?
755,상사 전제 + 조건 복잡,대상 일반화 + 단순화,존중받으며 힘든 일을 하는 것과 무관심 속에 편한 일을 하는 것 중 뭐가 더 나은가요?,일할 때 인정받는 것과 편한 것 중 뭐가 더 중요한가요?
760,'숲속' 등 특정 전제로 오탐. 관측 성과 양호(7회 중 4회),유지,(유지) 인간관계 없는 숲속의 고요함과 소란한 도시의 삶 중 뭐가 더 편안한가요?,
769,'책임감' 오탐 가능. 노출 0회,유지 후 관찰,(유지) 세상 문제에 책임감을 느끼는 삶과 신경 쓰지 않고 즐기는 삶 중 뭐가 더 나다운가요?,
787,학교 전제 (성인은 오래된 기억),대상 일반화,책으로 배운 것과 직접 부딪혀 배운 것 중 뭐가 더 크게 남나요?,"직접 해봐야 아는 편인가요, 먼저 알아보는 편인가요?"
802,회사 전제,상황 일반화,작은 곳의 리더와 큰 곳의 구성원 중 뭐가 더 편한가요?,이끄는 역할과 돕는 역할 중 나에게 더 맞는 것은 무엇인가요?
807,회사 전제,상황 일반화,자주 늦게 끝나지만 여유로운 일과 빡빡해도 제시간에 끝나는 일 중 뭐가 더 끌리나요?,"일과 삶의 경계가 확실한 게 좋나요, 유연한 게 좋나요?"
809,직업 전제 (양자택일로는 무난),경미 수정,자유로운 프리랜서와 안정적인 직장인 중 어느 쪽이 더 나에게 맞을까요?,
52,오늘 기반 (관측 4회 중 2회로 양호한 편),시점 중립화,요즘 나를 웃게 만드는 장면은 무엇인가요?,최근 가장 크게 웃었던 순간은 언제인가요?
53,오늘 기반,시점 중립화,하루 중 가장 차분해지는 때는 언제인가요?,마음이 가장 고요해지는 장소나 시간은 언제인가요?
54,최근 + 눈물 경험 전제,성향형 전환,눈물이 나는 순간은 주로 어떤 때인가요?,감동을 잘 받는 편인가요? 어떤 장면에 약한가요?
59,오늘 기반 (저녁엔 유효),저녁 노출 전용 또는 시점 중립화,요즘 가장 아쉬운 것은 무엇인가요?,(저녁 노출) 오늘 하루 중 가장 아쉬웠던 순간은 언제인가요?
61,최근 제한,기간 제거 (시점 없는 성향형 우선),답답할 때 나는 주로 어떻게 푸나요?,요즘 나를 답답하게 만드는 것은 무엇인가요?
69,최근 + 경험 전제,전제 제거,용기를 냈던 순간 중 기억에 남는 것은 언제인가요?,요즘 용기 내서 해보고 싶은 일은 무엇인가요?
74,최근 + 경험 전제 + '이름 붙이기 힘든' 추상,단순화 (시점 없는 성향형 우선),말로 표현하기 가장 어려운 감정은 무엇인가요?,요즘 설명하기 어려운 기분이 드는 때는 언제인가요?
78,전제형 (대부분 답 가능),경미 수정: 전제 제거,과거의 나에게 해주고 싶은 위로의 말은 무엇인가요?,힘들었던 그때의 나에게 한마디 한다면?
79,'행복의 기준'이 있어야 함,전제 제거,나는 언제 행복하다고 느끼나요?,행복하려면 꼭 있어야 하는 것 세 가지는 무엇인가요?
80,최근 + 용서 경험 전제,성향형 전환,"용서가 쉬운 편인가요, 어려운 편인가요?",누군가를 용서할 때 가장 필요한 것은 무엇인가요?
83,'나만의 루틴' 전제,성향형 전환,감정이 흔들릴 때 나는 주로 무엇을 하나요?,기분을 가라앉히는 데 가장 효과 있는 방법은 무엇인가요?
84,비밀 고백 요구 (부담 과다),강도 완화,남에게 잘 말하지 않는 걱정은 어떤 종류인가요?,"걱정이 생기면 털어놓는 편인가요, 혼자 삭이는 편인가요?"
88,최근 + 한계 경험 전제,성향형 전환,한계에 부딪혔다고 느낄 때 나는 어떻게 하나요?,내가 가장 약해지는 상황은 언제인가요?
92,오늘 밤 기반 (관측 3회 모두 답변),유지 + 저녁 노출 전용,"(유지, 저녁 노출) 오늘 밤 잠들기 전 나에게 해주고 싶은 말은 무엇인가요?",
94,전제 + 가장 힘든 순간 소환 (무게),전제 제거,힘든 시간을 지나며 배운 것은 무엇인가요?,어려운 일을 겪고 나서 달라진 점은 무엇인가요?
344,오늘 + 예/아니오,시점 중립화 + 열린 질문,멍하니 있고 싶을 때는 언제인가요?,멍때리는 시간이 나에게 어떤 의미인가요?
348,오늘 + '관통한 감정' 추상,시점 중립화 + 쉬운 말,요즘 나를 가장 잘 표현하는 감정 단어는 무엇인가요?,요즘 내 기분을 한 단어로 표현하면?
351,'낯선 감정이 고개를 든' 은유 + 경험 전제,쉬운 말 + 성향형,스스로도 놀랐던 내 감정 반응은 무엇인가요?,내가 잘 느끼지 않는 감정은 무엇인가요?
352,노래 한 소절 요구 + 전제 (관측 1/1),경미 수정: 전제 제거,나를 가장 잘 설명해주는 노래는 무엇인가요?,요즘 내 마음을 대신 말해주는 노래는 무엇인가요?
355,오늘 + 예/아니오,시점 중립화 + 성향형,감정을 억누르기 힘든 순간은 주로 언제인가요?,"감정을 참는 편인가요, 드러내는 편인가요?"
358,오늘 + 은유('회색빛') + 전제 3중,시점 중립화 + 쉬운 말,마음이 흐릿하고 가라앉는 날은 주로 어떤 날인가요?,기운 없는 날 나를 일으키는 것은 무엇인가요?
359,요즘 (관측 3회 중 2회 양호),경미 수정,나를 든든하게 지탱해주는 감정은 무엇인가요?,나를 버티게 하는 힘은 무엇인가요?
361,오늘 + 예/아니오 + '예상과 다르게' 추상,시점 중립화 + 성향형,"내 기분은 예측이 잘 되는 편인가요, 변덕스러운 편인가요?",기분이 예상과 다르게 흘러갈 때 어떻게 하나요?
364,최근 제한,기간 제거,나를 가장 강하게 흔드는 감정은 무엇인가요?,쉽게 흔들리는 감정과 잘 버티는 감정은 무엇인가요?
367,이번 주 + 전제 + '꺼내지 못한' 추상,기간 제거 + 단순화 (시점 없는 성향형 우선),속으로만 담아두는 감정은 주로 어떤 감정인가요?,요즘 누군가에게 털어놓고 싶은 마음은 무엇인가요?
370,오늘 아침 기반 (아침 노출 시 유효),아침 노출 전용 또는 성향형,아침에 눈을 뜨면 가장 먼저 드는 기분은 주로 어떤가요?,(아침 노출) 오늘 아침 눈을 떴을 때 가장 먼저 든 기분은 무엇인가요?
373,오늘 + 전제,시점 중립화,오래 간직하고 싶은 감정은 무엇인가요?,다시 느끼고 싶은 감정의 순간은 언제인가요?
374,오늘 + 부정 감정 반추,시점 중립화,다시 느끼고 싶지 않은 감정은 무엇인가요?,불편한 감정이 찾아오면 나는 어떻게 하나요?
375,이번 주 + 긴 문장,기간 확장 + 짧게 (시점 없는 성향형 우선),나를 가장 크게 웃게 하는 것은 무엇인가요?,요즘 가장 환하게 웃었던 순간은 언제인가요?
376,오늘 + 전제 + 문장 김,시점 중립화 + 짧게,말로 설명하기 가장 어려운 감정은 무엇인가요?,감정을 말로 표현하는 게 쉬운 편인가요?
377,오늘 + 전제 + 방전·충전 이중,시점 중립화 + 단순화,방전됐을 때 나를 다시 충전해주는 것은 무엇인가요?,나의 에너지 충전 방법은 무엇인가요?
384,자기 모순 인정 요구 + 전제,부담 완화,나도 가끔 이해 안 되는 내 습관은 무엇인가요?,나의 의외의 모습은 무엇인가요?
396,폭발 경험 전제 + 부정적,성향형 전환,"참다가 폭발하는 편인가요, 그때그때 표현하는 편인가요?",화가 쌓일 때 나는 어떤 신호를 보내나요?
401,예/아니오 + 특정 행동 경험 전제,성향형 전환,"슬플 때 슬픈 노래를 듣는 편인가요, 신나는 노래를 듣는 편인가요?",감정을 쏟아내고 싶을 때 찾는 영화나 노래가 있나요?
153,특정 인물 지목('누구인가요') + 전제,인물 → 특징,만나면 기운이 나는 사람은 어떤 사람인가요?,함께 있으면 에너지가 채워지는 사람의 공통점은 무엇인가요?
155,최근 문자 전제 + 기억 탐색 부담,기간 제거 + 일반화,받으면 기분 좋아지는 메시지는 어떤 메시지인가요?,가장 기억에 남는 누군가의 메시지는 무엇인가요?
158,특정 친구 전제,인물 → 특징,나를 잘 웃게 하는 사람은 어떤 유머를 가졌나요?,나는 어떤 유머에 가장 잘 웃나요?
159,요즘 + 새로 알게 된 사람 전제 (없는 경우 많음),성향형 전환,처음 만난 사람에게 호감을 느끼는 포인트는 무엇인가요?,첫인상에서 가장 먼저 보는 것은 무엇인가요?
165,전제형,전제 제거,주변 사람들이 나에게 자주 부탁하는 것은 무엇인가요?,사람들이 나를 찾는 이유는 무엇일까요?
175,'나를 힘들게 하는 사람' 전제,성향형 전환,불편한 사람과 거리를 둘 때 나는 어떻게 하는 편인가요?,"관계에서 선을 긋는 게 쉬운 편인가요, 어려운 편인가요?"
178,특정 인물 지목 + 전제,인물 → 영향,나를 성장하게 한 사람은 어떤 점이 달랐나요?,누군가에게 배운 것 중 가장 오래 남은 것은 무엇인가요?
183,두 질문 연결,하나로 축소,"다투고 나면 먼저 사과하는 편인가요, 기다리는 편인가요?","화해할 때 나는 말로 푸나요, 행동으로 푸나요?"
185,소외 경험 전제 + 부정적,성향형 전환 + 강도 완화,여러 사람 사이에서 나는 어떤 자리에 있을 때 편한가요?,모임에서 나는 주로 어떤 역할을 맡나요?
188,가해 경험 인정 요구 (방어적 회피),강도 완화,말이나 행동을 조심하게 되는 상황은 언제인가요?,누군가에게 사과하고 싶었던 적이 있나요? 떠오르는 게 없다면 사과를 잘하는 편인지 알려주세요.
190,'나만의 기준' 전제,전제 제거,관계를 정리하게 되는 순간은 언제인가요?,오래 가는 관계의 조건은 무엇이라고 생각하나요?
193,전제형,전제 제거,누군가를 보며 닮고 싶다고 느낀 태도는 무엇인가요?,주변 사람에게 배우고 싶은 점은 무엇인가요?
506,특정 관계 전제 + 부정적,성향형 전환,"관계에서 내가 더 노력하는 편인가요, 받는 편인가요?",관계가 기울어졌다고 느낄 때 나는 어떻게 하나요?
508,멀어진 사람 전제,성향형 전환,사람과 멀어지는 가장 흔한 이유는 무엇이라고 생각하나요?,오랜만에 연락하고 싶은 사람이 있나요? 어떤 사이인가요?
509,부모 관계 전제 + 인정 욕구 고백 부담,부담 완화,가족에게 인정받고 싶은 부분은 무엇인가요?,가족이 나에 대해 가장 몰라주는 부분은 무엇인가요?
512,경험 전제 + 추상,성향형 전환,상황에 따라 내가 달라지는 모습은 무엇인가요?,"사람은 잘 변한다고 생각하나요, 잘 안 변한다고 생각하나요?"
513,외로움 관련 고백 요구 (무게 과다),성향형 전환 + 강도 완화,"혼자가 편한 편인가요, 함께가 편한 편인가요?",외로움을 느낄 때 나는 누구를 찾나요?
514,요즘 + 신경 쓰이는 사람 전제 + 이유 요구,인물 → 상황 (시점 없는 성향형 우선),신경 쓰이는 사람이 생기면 나는 어떻게 하나요?,요즘 마음을 가장 많이 쓰는 관계는 무엇인가요?
515,최근 + 특정 인물 지목,인물 → 대화 내용 (시점 없는 성향형 우선),대화가 즐거운 사람의 공통점은 무엇인가요?,최근 즐거웠던 대화 주제는 무엇인가요?
517,나와의 약속 전제,전제 제거,나 자신과 하고 싶은 약속은 무엇인가요?,스스로에게 가장 자주 하는 다짐은 무엇인가요?
518,오늘 + 예/아니오,시점 중립화 + 열린 질문 (시점 없는 성향형 우선),고마움을 표현하는 나만의 방식은 무엇인가요?,요즘 '고마워'라고 말하고 싶은 사람은 어떤 사람인가요?
522,'~있다면요?' 미완 문장 + 추상,완결 문장 + 구체화,사람들과 가까워질 때 가장 어려운 점은 무엇인가요?,"친해지는 데 오래 걸리는 편인가요, 금방 친해지는 편인가요?"
524,특정 인물 + 참은 말 전제,인물 제거 + 성향형,"하고 싶은 말을 참는 편인가요, 하는 편인가요?",지금 누군가에게 하고 싶은 말이 있나요? 이름 없이 말만 적어도 좋아요.
525,오늘 + 예/아니오,시점 중립화 + 열린 질문,미안한 마음을 표현하는 게 쉬운 편인가요?,"미안할 때 나는 말로 하나요, 행동으로 하나요?"
526,오늘 + 무거운 일 전제,시점 중립화 + 성향형,관계 때문에 마음이 무거울 때 나는 어떻게 하나요?,관계에서 가장 에너지가 많이 드는 순간은 언제인가요?
529,예/아니오 + 경험 전제,성향형 전환,다른 사람의 감정을 잘 알아채는 편인가요?,상대의 기분을 알아채는 나만의 신호는 무엇인가요?
530,오늘 + 전제 + 용기 행동 요구,시점 중립화 + 성향형,"새로운 사람에게 먼저 다가가는 편인가요, 기다리는 편인가요?",먼저 다가가고 싶은데 망설여지는 순간은 언제인가요?
531,오늘 + 예/아니오,시점 중립화 + 열린 질문,내가 사람들을 웃게 만드는 방식은 무엇인가요?,"나는 웃기는 쪽인가요, 웃는 쪽인가요?"
532,전제형 (대부분 답 가능),경미 수정,가장 가까운 사람에게 꼭 전하고 싶은 말은 무엇인가요?,가까운 사람에게 평소 못한 말은 무엇인가요?
533,이번 주 + 예/아니오,기간 제거 + 열린 질문,존재만으로도 감사한 사람은 어떤 사람인가요?,요즘 고마운 사람에게 전하고 싶은 한마디는 무엇인가요?
538,다시 잡고 싶은 인연 전제 + 미련 고백 부담,성향형 전환,지나간 인연을 자주 떠올리는 편인가요?,다시 연락이 닿는다면 반가울 사람은 어떤 사이인가요?
540,상처 경험 전제 + 예/아니오,성향형 + 회복 관점,상처를 겪고 나서 오히려 강해진 부분은 무엇인가요?,힘든 관계에서 배운 것은 무엇인가요?
541,'그때'가 무엇인지 모호 + 전제,맥락 보완,그때 하지 못해서 아쉬운 말은 무엇인가요?,지금이라면 다르게 말할 것 같은 순간은 언제인가요?
543,'덕질' 경험 전제 + 특정 인물 지목,인물 → 성향,좋아하는 사람이 생기면 푹 빠지는 편인가요?,내가 반하는 사람의 매력 포인트는 무엇인가요?
545,예/아니오 + 전제,열린 질문,소중한 사람에게 전하고 싶은 고마운 말은 무엇인가요?,고맙다는 말을 쉽게 하는 편인가요?
697,연애·SNS 이중 전제,대상 일반화,"좋은 일이 생기면 주변에 알리는 편인가요, 조용히 간직하는 편인가요?","연애를 하면 주변에 공개하는 편인가요, 비밀로 하는 편인가요?"
706,문구 오류: '인성 좋지만 인성은 아쉬운',오류 수정 + 대상 일반화,인성은 아쉽지만 능력 좋은 동료와 인성은 좋지만 능력은 아쉬운 동료 중 누구와 함께하고 싶나요?,능력과 인성 중 함께할 사람에게 더 중요한 것은 무엇인가요?
102,'꼭 지키는 습관' 전제,전제 제거,자기 전에 주로 무엇을 하나요?,잠들기 전 가장 좋아하는 시간은 언제인가요?
106,습관 전제 (대부분 있음),경미 수정,식사 후에 주로 무엇을 하나요?,밥 먹고 나서 꼭 하고 싶은 것은 무엇인가요?
113,전제형,경미 수정,스트레스가 쌓이면 나도 모르게 하는 행동은 무엇인가요?,스트레스를 푸는 나만의 방법은 무엇인가요?
115,'나만의 방법' 전제,전제 제거 + 선택지,"미루고 싶을 때 나를 움직이게 하는 건 마감인가요, 의지인가요?","미루는 편인가요, 바로 하는 편인가요?"
118,'나만의 도구' 전제,성향형 전환,"일정을 머릿속으로 기억하는 편인가요, 적어두는 편인가요?",하루 일정을 정리할 때 가장 자주 쓰는 방법은 무엇인가요?
123,전제형 (관측 4회 중 3회 양호),경미 수정,건강을 위해 챙기고 있는 것은 무엇인가요? 작은 것도 좋아요.,건강을 위해 시작하고 싶은 습관은 무엇인가요?
124,'준비' 전제,성향형 전환,"약속 시간에 딱 맞춰 가는 편인가요, 일찍 가는 편인가요?",늦지 않으려고 나는 무엇을 하나요?
125,가계부·돈 관리 전제,성향형 전환,"돈을 계획적으로 쓰는 편인가요, 그때그때 쓰는 편인가요?",돈 관리에서 가장 신경 쓰는 부분은 무엇인가요?
126,업무·공부 + 행동 전제,대상 일반화,무언가를 시작하기 전 마음을 가다듬는 방법은 무엇인가요?,집중 모드로 들어가는 나만의 신호는 무엇인가요?
128,여행 + 규칙 전제,성향형 전환,"짐을 쌀 때 꼼꼼하게 챙기는 편인가요, 최소한만 챙기는 편인가요?",어디 갈 때 꼭 챙기는 물건은 무엇인가요?
132,징크스 전제,출구 제공,중요한 일을 앞두고 하는 나만의 준비는 무엇인가요? 징크스도 좋아요.,중요한 날 긴장을 푸는 방법은 무엇인가요?
133,계절 인테리어 행동 전제,성향형 전환,계절이 바뀌면 가장 먼저 느끼는 변화는 무엇인가요?,계절이 바뀔 때 새로 하고 싶어지는 것은 무엇인가요?
135,'나만의 루틴' 전제,성향형 전환,화가 날 때 나는 주로 어떻게 마음을 가라앉히나요?,"화를 푸는 데 걸리는 시간은 긴 편인가요, 짧은 편인가요?"
136,일기·기록 습관 전제 (나답 사용자 특성상 일부 해당),성향형 전환,"기록하는 편인가요, 기억에 맡기는 편인가요?",기록으로 남기고 싶은 순간은 주로 어떤 때인가요?
140,준비 전제,성향형 전환,중요한 약속 전날 나는 주로 무엇을 하나요?,중요한 날 전날 잠을 잘 자는 편인가요?
148,전제형,전제 제거,예전보다 나아진 나의 습관은 무엇인가요? 작은 것도 좋아요.,갖고 싶은 습관 하나를 고른다면 무엇인가요?
150,오늘 기반 (저녁엔 유효),시점 이동,요즘 나의 일상에 제목을 붙인다면 무엇일까요?,(저녁 노출) 오늘 하루를 기록한다면 어떤 제목을 붙이고 싶나요?
417,최근 + 전제 + 조건 겹침,단순화,루틴으로 만들고 싶은 일은 무엇인가요?,작심삼일로 끝나지 않았으면 하는 일은 무엇인가요?
423,오늘 + '주범' 은유,시점 중립화,요즘 나를 정신없이 바쁘게 하는 것은 무엇인가요?,바쁠 때 가장 먼저 포기하는 것은 무엇인가요?
425,오늘 + 무의식 행동 자각 어려움,시점 중립화 + 구체화,아무 생각 없이 반복하는 나의 습관은 무엇인가요?,하루에 가장 자주 여는 앱은 무엇인가요?
426,오늘 기반,시점 중립화,요즘 나의 에너지를 가장 많이 쓰게 하는 일은 무엇인가요?,에너지를 아끼고 싶은 일과 아낌없이 쓰고 싶은 일은 무엇인가요?
427,오늘 기반,시점 중립화,하루 중 몸이 가장 바쁜 시간은 언제인가요?,"나는 아침형 인간인가요, 저녁형 인간인가요?"
429,요즘 + '스며든' 은유 (관측 1/1),경미 수정,요즘 기분 좋게 자리 잡은 나의 루틴은 무엇인가요?,요즘 일상에서 가장 좋아하는 순간은 언제인가요?
430,오늘 + 과한 행동 인정 요구,시점 중립화 + 성향형,나도 모르게 과하게 하는 것은 무엇인가요?,적당히가 가장 어려운 것은 무엇인가요?
431,오늘 + 행동 자각 어려움,시점 중립화,하루 중 가장 많이 반복하는 행동은 무엇인가요?,하루에 가장 많이 하는 생각은 무엇인가요?
432,오늘 + 하루 전체를 평가해야 함,성향형 전환,"나는 계획적으로 사는 편인가요, 즉흥적으로 사는 편인가요?",계획이 틀어지면 나는 어떻게 반응하나요?
433,오늘 + 루틴 + 칭찬 이중,시점 중립화 + 단순화,내 루틴 중에서 스스로 칭찬해주고 싶은 것은 무엇인가요?,꾸준히 해서 뿌듯한 일은 무엇인가요?
435,오늘 + '정리한 생활이나 마음' 모호,시점 중립화 + 구체화,요즘 정리하고 싶은 것은 무엇인가요? 물건도 마음도 좋아요.,정리하고 나면 가장 개운한 것은 무엇인가요?
437,'손이 안 가서 붙잡고 있던' 의미 모호 + 전제,문장 명확화,끝내지 못하고 붙잡고 있는 일은 무엇인가요?,시작은 했는데 마무리가 어려운 일은 무엇인가요?
438,운동 경험 전제,대상 확장,몸을 움직이고 싶어지는 계기는 무엇인가요?,운동을 시작하고 싶게 만드는 것은 무엇인가요? 하고 있다면 시작한 계기를 알려주세요.
440,운동 전제,대상 확장,몸을 움직이면 나에게 어떤 변화가 생기나요?,산책·운동·스트레칭 중 나에게 가장 잘 맞는 것은 무엇인가요?
442,공부·작업 + 전제 (관측 2/2 양호),경미 수정,무언가에 집중하기 전에 주로 하는 행동은 무엇인가요?,
443,전제형 (대부분 답 가능),경미 수정,집중이 가장 잘 되는 시간대는 언제인가요?,나의 황금 시간대는 언제인가요?
444,공부 전제,대상 확장,집중이 가장 잘 되는 장소는 어디인가요?,카페와 집 중 어디서 더 집중이 잘 되나요?
445,공부 전제 + 두 질문 연결,대상 확장 + 하나로,"집중할 때 음악을 듣는 편인가요, 조용한 게 좋은가요?",집중할 때 듣는 음악은 어떤 분위기인가요?
448,공부 전제,대상 확장,무언가 하다 막히면 나는 어떻게 하나요?,"막힐 때 혼자 파고드는 편인가요, 도움을 요청하는 편인가요?"
451,번아웃 경험 전제 + 무게,성향형 전환,지쳤다는 걸 알려주는 나만의 신호는 무엇인가요?,완전히 지쳤을 때 나를 회복시키는 것은 무엇인가요?
452,공부 전제 (관측 4회 중 3회 양호),대상 확장,무언가 하다가 잠깐 쉴 때 주로 무엇을 하나요?,
456,공부·작업 + 전제 (관측 2/2),대상 확장,무언가에 집중할 때 옆에 꼭 있어야 하는 것은 무엇인가요?,
457,두 질문 연결 + 기준 전제,하나로 축소,"물건을 잘 버리는 편인가요, 모아두는 편인가요?",버릴지 말지 고민될 때 나의 기준은 무엇인가요?
458,두 질문 연결 (관측 3회 중 2회),하나로 축소,"물건의 자리를 정해두는 편인가요, 그때그때 두는 편인가요?",
462,전제형,경미 수정,지금 당장 버리고 싶은 것은 무엇인가요? 물건도 습관도 좋아요.,
464,운동 전제 (관측 4회 중 3회 양호),대상 확장,몸을 움직일 때 꼭 듣는 음악은 무엇인가요?,기운 내고 싶을 때 듣는 노래는 무엇인가요?
465,운동 루틴 전제,대상 확장,무언가를 시작하기 전 몸을 푸는 나만의 방법은 무엇인가요?,운동 전에 꼭 하는 것이 있나요? 운동을 안 한다면 하고 싶은 운동을 알려주세요.
466,운동 루틴 전제,대상 확장,몸을 많이 쓴 날 나에게 주는 보상은 무엇인가요?,운동 후에 꼭 하는 것이 있나요? 운동을 안 한다면 쉬는 방법을 알려주세요.
467,운동 전제 (양자택일로는 무난),대상 확장,"몸을 움직일 때 혼자가 좋나요, 함께가 좋나요?",
468,운동 경험 전제 + 자기 발견 요구,대상 확장,무언가를 꾸준히 하면서 알게 된 나의 모습은 무엇인가요?,운동이나 취미를 하면서 발견한 의외의 나는 어떤 모습인가요?
469,운동 전제,대상 확장,하기 싫은 날에도 몸을 움직이게 하는 것은 무엇인가요?,"귀찮은 날 나는 쉬는 편인가요, 그래도 하는 편인가요?"
470,운동 목표 전제,대상 확장,몸과 관련해 이루고 싶은 목표는 무엇인가요?,건강을 위해 올해 해보고 싶은 것은 무엇인가요?
472,운동 성취 경험 전제,대상 확장,몸으로 해내서 뿌듯했던 순간은 언제인가요?,성취감을 느끼는 순간은 주로 언제인가요?
473,문장 매우 김 + 두 선택지가 비대칭,짧은 양자택일로,"물건을 살 때 가격이 먼저인가요, 마음에 드는 게 먼저인가요?",물건을 고를 때 절대 포기 못 하는 기준은 무엇인가요?
476,전제형,전제 제거,바꾸고 싶은 나의 소비 습관은 무엇인가요?,가장 돈을 아끼지 않는 분야는 무엇인가요?
478,돈 고민 경험 전제 + 민감 주제,성향형 전환,돈 걱정이 생기면 나는 주로 어떻게 하나요?,"돈에 대한 나의 태도는 아끼는 쪽인가요, 쓰는 쪽인가요?"
481,구독 서비스 전제 + 목록 나열 요구,최애형 전환,가장 잘 쓰고 있는 구독 서비스나 앱은 무엇인가요?,없으면 안 되는 앱 하나를 고른다면?
483,꿈 기록 경험 전제,성향형 전환,꿈을 자주 기억하는 편인가요?,기억에 남는 꿈 이야기를 들려주세요.
485,밤 + 무거운 생각 경험 전제,성향형 전환,밤이 되면 생각이 많아지는 편인가요?,잠 못 드는 밤에 주로 떠오르는 생각은 무엇인가요?
489,'자동 반응' 자각 어려움 + 전제,구체화,당황하면 나도 모르게 나오는 말이나 행동은 무엇인가요?,내 입버릇은 무엇인가요?
490,전제형 (관측 3회 중 2회),경미 수정,겉으로는 '응' 하지만 속으로는 '싫어' 하는 것은 무엇인가요?,
491,오늘 + 예/아니오,성향형 + 열린 질문,충분히 쉬었다고 느끼려면 무엇이 필요한가요?,나에게 가장 좋은 휴식은 무엇인가요?
492,오늘 + 노력 전제 + 추상('일과 삶의 균형'),시점 중립화 + 구체화,일과 쉼의 균형을 위해 지키고 싶은 것은 무엇인가요?,퇴근·하교 후 나만의 시간을 어떻게 보내나요?
214,첫눈에 반한 경험 전제,성향형 전환,"첫눈에 반하는 편인가요, 천천히 스며드는 편인가요?",첫눈에 반한다는 게 가능하다고 생각하나요?
219,연인 존재 전제 (싱글은 답 불가),대상 확장,좋아하는 사람의 습관 중 귀엽게 느껴지는 것은 무엇인가요? 연인·가족·친구 누구든 좋아요.,사랑스럽게 느껴지는 사소한 습관은 무엇인가요?
228,연인 존재 전제,대상 확장,사랑하는 사람과 꼭 나눠보고 싶은 대화 주제는 무엇인가요?,깊은 대화를 나누고 싶은 주제는 무엇인가요?
231,'독특한 연애관' 전제,전제 제거,나의 연애관을 한 문장으로 표현하면?,연애에서 절대 양보 못 하는 것은 무엇인가요?
245,연애 경험 전제,성향형 전환,사랑을 하면 나는 어떻게 달라지나요?,좋아하는 사람이 생기면 가장 먼저 변하는 것은 무엇인가요?
247,하지 못한 말 전제 + 미련 부담,강도 완화,사랑하는 사람에게 더 자주 하고 싶은 말은 무엇인가요?,마음을 말로 표현하는 게 쉬운 편인가요?
566,경험 전제,성향형 전환,"처음엔 별로였다가 좋아지는 편인가요, 첫인상이 오래가는 편인가요?",시간이 지날수록 더 좋아지는 사람의 특징은 무엇인가요?
567,이번 주 + '몽글몽글' 경험 전제,기간 제거,마음이 몽글몽글해지는 순간은 언제인가요?,설렘을 느끼는 순간은 주로 언제인가요?
1,요즘 (관측 6회 중 2회),최애형 전환,가장 좋아하는 색깔은 무엇인가요?,요즘 자꾸 눈이 가는 색깔은 무엇인가요?
11,최근 + 새 시도 전제,기간 제거 + 희망형,새로 시도해서 재밌었던 일은 무엇인가요?,요즘 새로 해보고 싶은 일은 무엇인가요?
17,여행 전제,대상 확장,새로운 곳에 가면 꼭 해보는 것은 무엇인가요?,"여행 가면 맛집파인가요, 관광지파인가요?"
18,독서 전제 (관측 9회 중 4회),대상 확장,책·영화·드라마를 고를 때 가장 먼저 보는 것은 무엇인가요?,
21,'혼자 발견한 풍경' 전제,출구 제공,좋아하는 풍경은 어떤 풍경인가요?,나만 알고 싶은 장소가 있나요? 없다면 가보고 싶은 풍경을 알려주세요.
25,맛집 전제 (관측 7회 중 2회),최애형 전환,자주 가는 단골 가게는 어디인가요?,가장 좋아하는 음식점은 어떤 곳인가요?
31,전제형 (관측 6회 중 3회),경미 수정,좋아하는 목소리나 말투는 어떤 느낌인가요?,
32,오래된 물건 전제,경미 수정,오래 간직하고 있는 물건은 무엇인가요?,"버리지 못하는 물건이 있다면, 왜 버리지 못하나요?"
40,전제형 (관측 8회 중 5회 양호),유지,(유지) 수집하고 싶은 물건이 있다면 무엇인가요?,
301,최근 구매 전제,기간 제거,꼭 필요하진 않지만 사고 싶은 물건은 무엇인가요?,충동구매하기 쉬운 물건은 무엇인가요?
309,전제형 (관측 6회 중 5회 양호),유지,"(유지) 언젠가 살아보고 싶은 곳이 있다면, 어디인가요?",
320,전제형,경미 수정,힘들 때 찾게 되는 곳은 어디인가요?,마음이 편해지는 장소는 어디인가요?
327,전제형 (관측 8회 중 5회 양호),유지,(유지) 유독 마음이 끌리는 외국어가 있다면 무엇인가요?,
328,수집 습관 전제,출구 제공,모으고 있는 물건이 있나요? 없다면 자꾸 사게 되는 물건을 알려주세요.,"수집하는 게 있다면 무엇이고, 없다면 모아보고 싶은 것은 무엇인가요?"
334,이번 주 (관측 7회 중 3회),기간 확장,요즘 가장 꽂혀 있는 키워드는 무엇인가요?,
336,오늘 + 복잡한 마음 전제,시점 중립화,복잡한 마음을 잠시 쉬게 해주는 것은 무엇인가요?,머리를 비우고 싶을 때 하는 일은 무엇인가요?
661,여행 전제 (양자택일로는 무난),경미 수정,여러 곳을 돌아보는 여행과 한 곳에 머무는 여행 중 뭐가 더 끌리나요?,
662,여행 전제 (양자택일로는 무난),유지,(유지) 전액 지원 세계 여행과 현금 4천만 원 중 뭐가 더 마음이 가나요?,
668,특정 활동 오탐 (관측 8회 중 4회),유지,(유지) 전기·인터넷 같은 기술을 포기하는 것과 영화·TV·책 같은 오락을 포기하는 것 중 뭐가 덜 아쉬운가요?,
549,오탈자: '바꾸 수 있다면',오류 수정,"내가 자란 환경에서 바꿀 수 있다면, 무엇을 바꾸고 싶나요?",
3,'있다면' 전제 (노래를 골라둔 사람만 답할 수 있음),전제 제거,비 오는 날 듣고 싶어지는 노래는 무엇인가요?,비 오는 날 떠오르는 노래나 분위기는 어떤 건가요?
874,#871과 완전히 같은 문구 (중복 노출),중복 제거 → 부족한 형식으로 교체,조금씩 나아지는 삶과 크게 도약하는 삶 중 뭐가 더 나다운가요?,(비활성화) 새 질문 없이 중복만 제거
875,#872와 완전히 같은 문구 (중복 노출),중복 제거 → 부족한 형식으로 교체,혼자 정하는 것과 함께 정하는 것 중 뭐가 더 마음 편한가요?,(비활성화) 새 질문 없이 중복만 제거
5,오탈자: '바뀌 때' + '있다면' 전제,오류 수정 + 전제 제거,계절이 바뀔 때 떠오르는 냄새는 무엇인가요?,"계절이 바뀔 때 기억나는 냄새가 있다면, 어떤 냄새인가요?"
163,오탈자: '사귀 때',오류 수정,친구를 사귈 때 가장 중요하게 보는 점은 무엇인가요?,
289,오탈자: '옮고 그름',오류 수정,내가 가장 중요하게 생각하는 옳고 그름의 기준은 무엇인가요?,
